Date,Close,High,Low,Open,Volume,RSI_14,volatility_20d,SMA_20,SMA_50,EMA_20,BB_upper,BB_lower,MACD,MACD_signal,MACD_hist,momentum_1w,momentum_1m,temperature_2m_max,precipitation_sum,et0_fao_evapotranspiration,weekend_temp_max,weekend_precip_sum,weekend_et0,hot_day,cold_day,dry_day,dry_spell,usd_Open,usd_High,usd_Low,usd_Close,usd_Volume,usd_RSI_14,usd_volatility_20d,usd_Close_lag_1w,usd_Close_lag_1m,usd_log_return_lag_1w,usd_volatility_lag_1w,inf_US_CPI,inf_CPI_MoM_pct,inf_CPI_YoY_pct,cal_is_flowering,cal_is_harvest,cal_is_flowering_duration,cal_is_harvest_duration,cal_month,cal_week_of_year,cal_sin_month,cal_cos_month,cal_sin_week,cal_cos_week,vix_close,vix_log_return,vix_ma4,vix_regime,currency_adjusted_close,inflation_pressure,close_lag_1,close_lag_2,temp_bio_lag,precip_bio_lag,temp_wavelet_trend,precip_wavelet_trend,BB_upper_adj,BB_lower_adj,volatility,EMA_adj,RSI_adj,rv_5d,rv_10d,rv_20d,rv_ratio,hl_range_pct,hl_range_ma5,hl_range_ma20,hl_expansion,volume_ratio,price_vol_corr,usd_rv_5d,usd_rv_20d,usd_rv_ratio
2011-02-14 00:00:00+00:00,258.6499938964844,259.20001220703125,246.6999969482422,249.75,85736,80.7174777430407,0.2734890722811903,244.5225006103516,233.04899993896484,246.25403695740812,261.48845591136114,227.556545309342,6.4721129494700165,5.899445457716603,0.5726674917534131,0.0356356111971345,0.0890526058799341,29.308570428571425,4.4714287428571495,5.380943246938776,29.56928557142857,29.071428771428582,5.0935524785714295,0.0,0.0,0.0,0.0,1.628600001335144,1.6759999990463257,1.610700011253357,1.6154999732971191,0,41.52803617846259,0.3029971814834232,1.6241999864578247,1.6690000295639038,-0.0268497343073122,0.3345845159835044,220.223,0.4763230053974165,1.631846857448771,0,0,0,0,2,7,0.8660254037844386,0.5000000000000001,0.7485107481711011,0.6631226582407953,15.949999809265137,-0.0204785854790809,17.352500200271606,1.0,417.84905823307054,-3.1612964361286364,249.75,244.8000030517578,19.64785707142857,0.0,26.993372206726185,77.59791739066858,429.8350784753877,374.07969404876417,13.938846106655902,404.9402921958107,93.37185702060076,0.1266939636332599,0.269547971533392,0.2567018301981308,0.4935452100205958,0.0483279163106872,0.0575115985839472,0.0649355918219107,0.7442437577344563,1.8001251369994415,-0.0856367290613652,0.0799509876952812,0.1969329736133362,0.4059806855527021
2011-03-14 00:00:00+00:00,273.1499938964844,294.70001220703125,271.45001220703125,282.54998779296875,197,49.67319392325975,0.29778669771503,271.80749969482423,253.1010003662109,271.11096514830143,289.9860373197245,253.628962069924,8.024790771833011,8.776730229887809,-0.7519394580547978,-0.0277630111110266,0.0686619224330582,25.215713857142852,101.69999435714286,1.873293633469388,20.237142857142853,245.34284017142852,1.850849884489796,0.0,0.0,0.0,0.0,1.6500999927520752,1.6656999588012695,1.6394000053405762,1.6561000347137451,0,39.92935913529187,0.2241309703440393,1.639899969100952,1.6641000509262085,-0.0058369736773432,0.2395058810990694,221.309,0.4931365025451439,2.1075846286581656,0,0,0,0,3,11,1.0,6.123233995736766e-17,0.970941817426052,0.239315664287558,21.1299991607666,0.0224943356045155,19.14249992370605,1.0,452.36371437402704,-1.076833870279464,280.95001220703125,271.70001220703125,23.14428564285714,1.999999914285714,26.727743042017693,85.61547706367683,468.9452405922005,432.4020441512891,9.135799110227854,446.8413164942814,83.67476699697326,0.1773179880247883,0.1790474296941071,0.2267142219494126,0.7821211156446226,0.0851180688981126,0.0630712795554163,0.0616426845833802,1.3808297880777858,0.0053102235280625,-0.5575895048762507,0.1123532749795473,0.1830478456386409,0.6137918119147299
2011-03-21 00:00:00+00:00,275.75,278.29998779296875,261.6000061035156,270.20001220703125,8738,54.26306366780722,0.3539299346363035,273.6375,256.565,271.0500028325906,289.0488326078274,258.22616739217256,4.634411816014733,6.221457396054196,-1.5870455800394625,0.0095186020926691,0.0314194640161404,26.25857085714286,43.585715714285726,3.099653808163265,24.340714214285715,139.55713911428575,2.3601788079591834,0.0,0.0,0.0,0.0,1.6545000076293943,1.6794999837875366,1.6545000076293943,1.663699984550476,0,52.934122161816425,0.1600135747292642,1.6561000347137451,1.6619999408721924,-0.0017495732026631,0.1989117470913253,221.309,0.4931365025451439,2.1075846286581656,0,0,0,0,3,12,1.0,6.123233995736766e-17,0.992708874098054,0.120536680255323,20.61000061035156,-0.0249173673936325,20.1875,1.0,458.7652707397938,-0.6680938228114539,273.1499938964844,280.95001220703125,22.469285000000003,9.942856628571429,26.57374118216402,89.09558429274838,465.22171487978096,446.2187414430936,4.750743359171842,451.6108981924947,77.33887896060739,0.1754731949967093,0.1443653507067019,0.2262219782830442,0.7756681670446681,0.0605620369517792,0.0655181036836347,0.0625716455154711,0.9678829248301568,0.253915671403175,-0.0943236317851864,0.1060995126867818,0.1713402175320365,0.6192329391353458
2011-03-28 00:00:00+00:00,263.95001220703125,277.70001220703125,260.54998779296875,277.04998779296875,45283,33.888894775769884,0.346268303013619,273.35999908447263,259.87800048828126,269.73375558366297,289.12623506548465,257.5937631034606,1.6164505632161197,3.8207210899939086,-2.204270526777789,-0.0427923401376926,-0.0140082175158806,26.52999928571429,13.34285711428572,3.2328282183673465,26.469285285714285,56.44285937142859,3.3000881795918366,0.0,0.0,0.0,0.0,1.659500002861023,1.6641000509262085,1.649899959564209,1.649899959564209,0,48.37277297824411,0.0653334998347845,1.663699984550476,1.662700057029724,-0.0094520920197454,0.1325336416918612,221.309,0.4931365025451439,2.1075846286581656,0,0,0,0,3,13,1.0,6.123233995736766e-17,1.0,-1.6081226496766366e-16,19.440000534057617,-0.0584435980123154,20.460000038146973,1.0,435.4911144673533,-1.438345704519684,275.75,273.1499938964844,23.5657125,0.0,26.56700209207049,86.9889568784697,474.7736558593113,428.9013520998871,11.468075939856062,445.1629847024314,33.73721952182885,0.2410650862471956,0.2169247056879837,0.2483380661593245,0.9707133516349592,0.0649745164649234,0.0645980470494077,0.0617598251107471,1.0520513266981983,1.3658052529343063,-0.052987548940611,0.114796340224425,0.1695615285494384,0.6770187461524734
2011-04-04 00:00:00+00:00,256.04998779296875,267.3999938964844,255.6499938964844,263.95001220703125,60667,43.24891417858076,0.3411427141588736,270.3199981689453,262.51199981689456,266.2712002452094,289.1608638360117,251.4791325018789,-1.292228486047975,1.0369211159695824,-2.3291496020175573,-0.0299300020788256,-0.061744252401512,26.465713571428573,23.142857000000006,3.698439118367347,27.82285707142857,30.41428564285716,3.33817517244898,0.0,0.0,0.0,0.0,1.6578999757766724,1.6612000465393066,1.5952999591827393,1.6119999885559082,0,25.30344972668655,0.0832170940601447,1.649899959564209,1.649500012397766,-0.0045958048317178,0.0654906880316887,221.309,0.4931365025451439,2.1075846286581656,0,0,0,0,4,14,0.8660254037844387,-0.4999999999999998,0.992708874098054,-0.1205366802553228,17.5,-0.1051319455749239,19.670000076293945,1.0,412.75257739200606,-0.952716985716924,263.95001220703125,275.75,25.215713642857143,0.0,26.64802499396456,83.33897808907534,480.95521975634057,398.73111873024953,20.556025256522755,432.198821778253,10.532261918375127,0.2549726192260286,0.2620538949402557,0.264277026163123,0.9647929420119904,0.0458894768997236,0.0627343529364744,0.0592854067348797,0.774043254261638,1.9379239518092268,0.000208597758689,0.0956148578629971,0.1732786763967872,0.5517981458149483
2011-04-11 00:00:00+00:00,274.6000061035156,278.5,254.0500030517578,255.1000061035156,84295,51.04260448870795,0.3338562402097036,267.67249908447263,265.8669998168945,268.36844553571046,279.2869427384734,256.0580554304719,1.0140667504286969,0.4356634884275939,0.5784032620011028,0.0724468627022378,0.0032882493837946,25.16571357142857,22.728570528571435,3.09403525510204,26.19428528571429,49.185713471428585,3.562087119387755,0.0,0.0,0.0,0.0,1.6052000522613523,1.6146999597549438,1.5638999938964844,1.5702999830245972,0,15.160523239612914,0.0966634028081207,1.6119999885559082,1.659000039100647,-0.0093851138984821,0.0945385317923716,221.309,0.4931365025451439,2.1075846286581656,0,0,0,0,4,15,0.8660254037844387,-0.4999999999999998,0.970941817426052,-0.2393156642875575,16.59000015258789,-0.053400767529533,18.535000324249268,1.0,431.20438492290486,-1.431647892393354,256.04998779296875,263.95001220703125,25.69428442857143,0.0,26.61875146440003,81.1355416621304,472.3878143051889,396.7188594558401,18.9172387123372,431.8010470361137,35.07089975520097,0.3049858312123074,0.2646409028415087,0.2699949102827403,1.1295984046400742,0.0890385885098098,0.0691165375448697,0.0598566666300004,1.4875297714939155,2.516125951064711,-0.0012197841220687,0.1161508087930717,0.1775470126779777,0.6541974460689094
2011-04-18 00:00:00+00:00,284.45001220703125,290.20001220703125,270.20001220703125,272.20001220703125,65439,70.4262700288372,0.2814900109703949,270.5975006103516,269.1510000610352,273.91062576808844,287.72300376826354,253.4719974524396,4.296889758685893,2.3122528545979466,1.9846369040879464,0.0358703783123823,0.0276373726569103,26.72285657142857,15.27142751428572,3.42334423877551,25.07642857142857,45.51428325714287,3.134215606122449,0.0,0.0,0.0,0.0,1.5779000520706177,1.5968999862670898,1.568600058555603,1.568600058555603,0,25.19828844613864,0.1135258280832814,1.592900037765503,1.6759999990463257,-0.013592877954167,0.1010244828890128,223.467,0.97510720305094,2.6816032642408505,0,0,0,0,4,16,0.8660254037844387,-0.4999999999999998,0.9350162426854148,-0.3546048870425354,16.959999084472656,0.022057462982255,17.62249994277954,1.0,446.1883058040912,-2.33439499846764,274.6000061035156,256.04998779296875,25.615714285714283,0.0,26.51924676162768,78.83739595858282,459.29446840476106,403.5237228884167,13.94268637908609,437.5559505433059,42.0848239290923,0.3387223257543946,0.2714277415641724,0.2724973661831111,1.2430296779326862,0.0703111237184388,0.066155148508935,0.0602348716965499,1.167282507047174,1.7821539500608587,-0.0222090460859551,0.0973613183742454,0.1665511329097121,0.5845731027317257
2011-04-25 00:00:00+00:00,287.8999938964844,298.5,283.3500061035156,284.8999938964844,11400,76.25719477040386,0.283885238722109,275.01499938964844,272.3159994506836,279.558260282613,298.77992785286057,251.2500709264363,6.272093986340963,4.507856054520903,1.7642379318200598,-0.0006942457577018,0.0831452487527173,25.78714242857143,1.74285714285715,3.5624005653061226,26.76214278571428,17.628570571428586,3.520312707142857,0.0,0.0,0.0,0.0,1.583199977874756,1.5889999866485596,1.5585999488830566,1.5613000392913818,0,33.52824623316427,0.1294659675796162,1.568600058555603,1.659999966621399,-0.0148075530882458,0.117617359964368,223.467,0.97510720305094,2.6816032642408505,0,0,0,0,4,17,0.8660254037844387,-0.4999999999999998,0.8854560256532099,-0.4647231720437685,15.770000457763672,-0.072748146379744,16.704999923706055,1.0,449.4982717825697,-2.45586251187552,284.45001220703125,274.6000061035156,26.77642857142857,0.0,26.53491747285908,74.88843948199222,468.4707978081922,401.35097214259366,16.77995641639963,442.332879039012,61.77384070536704,0.3350887133264607,0.266598564433164,0.2652640491527865,1.263226968616418,0.0526224182621261,0.0645672247710043,0.0607092707636769,0.8667936368241533,0.3058945066444027,-0.0024688584068646,0.0815988742509561,0.142662723949295,0.5719704928685716
2011-05-09 00:00:00+00:00,287.04998779296875,306.25,284.1499938964844,305.0,193,52.53408986804268,0.2589713633410218,290.10499877929686,278.5699987792969,288.8112045777432,307.2302906358221,272.97970692277164,4.97207420690421,6.485695863785886,-1.5136216568816758,-0.0574618312311225,0.0522360727186488,24.672856285714285,6.542857057142864,2.7909183408163263,25.222857,56.45714080000001,2.6533846918367345,0.0,0.0,0.0,0.0,1.583799958229065,1.6259000301361084,1.5765000581741333,1.5994000434875488,0,52.826102167535694,0.1516538844413892,1.5633000135421753,1.6146999597549438,-0.0146052899079195,0.141959626629548,223.467,0.97510720305094,2.6816032642408505,0,1,0,2,5,19,0.4999999999999999,-0.8660254037844387,0.7485107481711013,-0.663122658240795,17.15999984741211,0.0706175726359461,16.46999979019165,1.0,459.1077629591746,-2.43563619384289,304.54998779296875,287.8999938964844,29.665714142857144,0.6571428571428571,26.422165739069637,69.79685479388856,484.56801316778274,430.88065712564367,13.42183901053478,457.1476616475591,72.54131633794952,0.2673006768062969,0.2874764982799846,0.2631215841769145,1.0158827048857588,0.0769900959530957,0.0714847827959865,0.0617413751670371,1.2469771409372203,0.0052349630433294,0.0534166389452392,0.1259549109675495,0.1254871636439208,1.0037273715715045
2011-05-16 00:00:00+00:00,264.0,290.25,263.6000061035156,290.25,146,21.209290970203497,0.2787039957642684,288.19749908447267,278.6409991455078,282.0040340129393,310.7600291090229,265.6349690599224,-1.8928091743526352,2.328328999935554,-4.221138174288189,-0.0802995602619334,-0.0651557871606365,23.037142714285714,2.357142685714292,2.703266912244898,24.765713357142857,2.4428570571428714,2.82590557755102,0.0,0.0,1.0,0.0,1.6083999872207642,1.6377999782562256,1.5987000465393066,1.635599970817566,0,64.95556715352652,0.1534517041161509,1.5994000434875488,1.5920000076293943,-0.0158792296761344,0.159943215130221,224.906,0.6439429535457064,3.163630859276468,0,1,0,3,5,20,0.4999999999999999,-0.8660254037844387,0.6631226582407952,-0.7485107481711012,18.239999771118164,0.061035886930091,16.789999961853027,1.0,431.7983922958374,-2.2318659211591463,287.04998779296875,304.54998779296875,26.890713285714288,4.0285714285714285,26.31529784346145,65.45143558506626,491.14476998822414,417.10894355107536,18.508956609287186,447.00795390687006,40.30581457656181,0.3534497354598087,0.3154431731724182,0.2666284539184064,1.3256264176204808,0.1009469465775923,0.073866454409543,0.0628615811743379,1.6058605054655706,0.0041669580207508,0.122252743346501,0.096388836233965,0.1288940513813288,0.7478144082123521
2011-05-23 00:00:00+00:00,262.54998779296875,271.5,258.6000061035156,265.0,48369,15.258427877675416,0.267347727172106,281.68249969482423,276.68999938964845,274.7201335651468,312.5406149640252,250.8243844256233,-5.4635717274540525,-2.274261277864553,-3.1893104495895,-0.0054924704811789,-0.0986955070538246,21.029999428571426,6.2285710357142925,2.5211889204081634,22.8478565,7.842856557142872,2.542656242857143,0.0,0.0,0.0,0.0,1.6296000480651855,1.6368999481201172,1.6024999618530271,1.611299991607666,0,60.38185427571378,0.143411451124137,1.635599970817566,1.569000005722046,0.0117463610937518,0.1482505568429624,224.906,0.6439429535457064,3.163630859276468,0,1,0,4,5,21,0.4999999999999999,-0.8660254037844387,0.5680647467311558,-0.8229838658936564,18.270000457763672,0.0016434233475588,17.414999961853027,1.0,423.04679312740336,0.5306931558294736,264.0,287.04998779296875,28.808570428571425,2.785714357142857,26.091591950334912,61.73475306713573,496.4679900141082,398.5599841976082,24.477001454125013,437.42348959508325,33.39745911968454,0.3283878361644423,0.3159472715982435,0.2627554121676452,1.2497851936045747,0.0491334774186184,0.069630925149579,0.0639461124042053,0.7683574167022089,1.319860670913124,-0.0949901750744165,0.1209493383852459,0.108215871387434,1.11766717449007
2011-05-30 00:00:00+00:00,263.70001220703125,270.29998779296875,259.0,263.3999938964844,33828,26.99509794488916,0.2530598115286178,275.02750091552736,276.3660003662109,271.16158706877485,303.88462651788967,246.17037531316504,-5.446931435198451,-4.22791057350401,-1.219020861694441,0.0175574702593446,-0.1168787447525556,22.365713714285715,0.2714285857142908,2.6326004571428574,20.87999857142857,8.499999571428585,2.521930791836734,0.0,0.0,2.0,0.0,1.628999948501587,1.6373000144958496,1.5894999504089355,1.5943000316619873,0,42.75958152972253,0.1478249491214042,1.611299991607666,1.586300015449524,-0.0028508001586539,0.1423367337954305,224.906,0.6439429535457064,3.163630859276468,0,1,0,5,5,22,0.4999999999999999,-0.8660254037844387,0.464723172043769,-0.8854560256532096,15.979999542236328,-0.1339224837533067,17.41249990463257,1.0,420.4169378109364,-0.9290229694110964,262.54998779296875,264.0,28.76571328571428,30.74285737142857,25.75536011943773,58.30025284160624,468.9771167826262,398.20782631404967,17.692322617144136,430.6208688814244,0.0,0.3215234215298327,0.3116052139200948,0.2581156224714666,1.2456565239820396,0.0428516771705611,0.0676767769312659,0.0638184259924631,0.6714623525970136,0.9567377922455376,-0.1012906644474876,0.1286327579353447,0.1073130214922663,1.1986685693863262
2011-06-06 00:00:00+00:00,260.5,273.79998779296875,253.3000030517578,264.70001220703125,83138,47.07357949137725,0.2680171460711326,266.8025032043457,275.42300079345705,267.8635230830405,281.86778143234784,251.7372249763436,-4.771834354933901,-4.835317012697389,0.0634826577634877,-0.0121350476257047,-0.0939130434782609,22.937142,0.0714285714285765,2.616420008163265,21.119284714285715,0.1000000000000071,2.6662310326530614,0.0,0.0,2.0,2.0,1.5835000276565552,1.593000054359436,1.5408999919891355,1.5687999725341797,0,29.3057704183298,0.1418359767145422,1.5943000316619873,1.625,-0.0174101248967101,0.1484132604914761,224.906,0.6439429535457064,3.163630859276468,0,1,0,6,6,23,1.2246467991473532e-16,-1.0,0.3546048870425358,-0.9350162426854148,18.489999771118164,0.14589212132826,17.744999885559082,1.0,408.6723928451538,-2.3849554432167164,263.70001220703125,262.54998779296875,26.351427714285716,108.47142724285716,25.456258480395668,54.54539781956713,440.0660267002692,401.90123133939625,9.541198840218245,421.8414784669161,0.0,0.1477123909570102,0.2968882336801727,0.2619175396681816,0.5639652293026728,0.0786947590833433,0.0697233912406422,0.0648439581620273,1.2136018401388793,2.23948281086845,-0.122464021303307,0.1449488132721806,0.1087323495708797,1.3330788906286208
2011-06-13 00:00:00+00:00,267.45001220703125,270.6499938964844,258.0,260.0,65327,54.59664947641986,0.3021514955851951,263.88000411987304,275.48500091552734,266.89669267676885,270.5700980806228,257.1899101591233,-3.0120089848690554,-4.038385300610464,1.026376315741408,0.0266795094319818,-0.023726956416734,21.444285142857144,24.82857142857144,2.619971530612245,21.404999,9.314285714285724,2.6960683051020413,0.0,0.0,0.0,0.0,1.5499999523162842,1.5959999561309814,1.5499999523162842,1.5947999954223633,0,33.33333333333327,0.1238646238623798,1.5687999725341797,1.6165000200271606,-0.0055303279725479,0.1304608400856688,225.964,0.4704187527233561,3.568645784634561,0,1,0,7,6,24,1.2246467991473532e-16,-1.0,0.2393156642875576,-0.970941817426052,19.61000061035156,0.0588096383124091,18.08750009536743,1.0,426.5292782434845,-1.023451549978146,260.5,263.70001220703125,25.397856999999995,37.14285632857143,25.194886901015305,51.627261554710266,435.1564615800429,404.1762394334461,7.745055536649178,423.71659837754345,43.57156765346681,0.273816348320082,0.2894930729759294,0.2691311203497414,1.0174086809067835,0.047298535498634,0.0637850791497498,0.0639851169523415,0.7392114035166905,1.7485977518521325,-0.2093477438969107,0.1332576552208536,0.1096018137434814,1.215834286961664
2011-06-20 00:00:00+00:00,243.6000061035156,270.0,243.4499969482422,268.6499938964844,36948,35.45706002369549,0.3026955922433697,262.007502746582,274.70100158691406,262.3324777439634,274.8253899246213,249.1896155685428,-5.071142495172069,-3.800017982109904,-1.2711245130621651,-0.0891755655821526,-0.0762230002770538,21.044284857142856,7.471428571428575,2.301461908163265,20.208570428571427,55.37142857142859,2.3752575602040813,0.0,0.0,4.0,4.0,1.5889999866485596,1.611899971961975,1.5765000581741333,1.5898000001907349,0,48.87480509028721,0.122520141542357,1.5947999954223633,1.6159000396728516,0.0049659087123058,0.1172472555227186,225.964,0.4704187527233561,3.568645784634561,0,1,0,8,6,25,1.2246467991473532e-16,-1.0,0.120536680255323,-0.992708874098054,19.989999771118164,0.0191924657297317,18.51749992370605,1.0,387.2752897498321,0.0261721185072238,267.45001220703125,260.5,27.7835705,19.814285442857148,24.873189064083444,51.8688207170792,445.32233720571423,376.1246121189892,17.29943127168126,409.1400749264589,24.97980962457761,0.3613194020361917,0.3472210748058844,0.3079517045274043,1.1732988809323164,0.1089901575801916,0.0653937213502697,0.0652577464217707,1.6701487080826345,1.0349579831929876,-0.0723388947368004,0.0964271863337949,0.108325322352459,0.890162847781985
2011-06-27 00:00:00+00:00,250.1499938964844,251.0,239.6499938964844,245.0,4420,34.82878067164705,0.3157001864542157,257.81750106811523,271.654001159668,256.37003679968456,276.1412671989895,239.49373493724093,-6.234487393142473,-5.533661037703154,-0.700826355439319,0.0268882907588494,-0.0581702253463416,22.929999428571428,0.0,2.699236702040817,22.265713357142857,0.0,2.5041323816326533,0.0,0.0,7.0,11.0,1.5886000394821167,1.6017999649047852,1.5817999839782717,1.590000033378601,0,55.14711498848597,0.1111314218882947,1.5898000001907349,1.6223000288009644,-0.0102006348898545,0.129830308371437,225.964,0.4704187527233561,3.568645784634561,0,1,0,9,6,26,1.2246467991473532e-16,-1.0,-3.216245299353273e-16,-1.0,20.559999465942383,0.028115277548907,19.66249990463257,1.0,397.7384986450671,-1.490482241708806,243.6000061035156,267.45001220703125,27.20499935714286,51.07142762857144,24.704964824925987,48.522445186945056,438.5974572163156,371.5102725254532,16.7717961727156,404.5794444139021,35.70421614170488,0.3940008096995269,0.3419990826661085,0.3104003108174511,1.269331193543585,0.0453728018406923,0.0646415862346845,0.0658747348621537,0.6887738531001115,0.1343612066973485,-0.0684401810958945,0.0895688524393506,0.1080349736280153,0.8290726710132436
2011-07-04 00:00:00+00:00,263.45001220703125,266.20001220703125,250.0,250.8000030517578,177,46.1013635947217,0.315507612785272,257.52750091552736,269.43000091552733,258.2285092653011,275.02235880099096,240.03264303006367,-2.370968101217727,-4.361594422466566,1.9906263212488389,0.0580321775382781,0.0084210993570574,23.251428,0.0857142857142933,2.6616032448979587,23.826428071428573,0.0285714285714311,2.752896510204081,0.0,0.0,1.0,0.0,1.5889999866485596,1.5950000286102295,1.548799991607666,1.548799991607666,0,33.193956598184414,0.0965002974302872,1.590000033378601,1.5774999856948853,-0.000314393183271,0.0971541195468311,225.964,0.4704187527233561,3.568645784634561,0,1,0,10,7,27,-0.4999999999999997,-0.8660254037844388,-0.1205366802553228,-0.992708874098054,15.869999885559082,-0.2589168872842292,19.0074999332428,1.0,408.0313766952895,-0.5018580710504561,250.1499938964844,243.6000061035156,27.62999857142857,139.92856574285713,24.648285034377768,45.3938081702758,438.3510175293984,371.4362041374382,16.728703347990027,405.9602173264571,49.588390157410586,0.4132630059982611,0.350200966747562,0.3093628959979734,1.3358518360988254,0.0614917876500249,0.0683696083305772,0.0665329284291205,0.9242307509916144,0.0061848213302935,-0.0802688577298942,0.1174779601360188,0.115315553457647,1.018751993343605
2011-07-11 00:00:00+00:00,257.8999938964844,269.70001220703125,257.8999938964844,263.5,37,66.9431085977105,0.2649212314226154,257.80250091552733,266.5560012817383,260.6559659472877,276.0759963980383,239.52900543301635,-0.0842627016874644,-1.554809641206881,1.4705469395194166,-0.0210666845829766,-0.0333582994890936,22.537142285714285,0.0142857142857155,2.7402962571428566,24.35499942857143,0.1714285714285866,2.6827916653061226,0.0,0.0,6.0,6.0,1.547700047492981,1.5814000368118286,1.5450999736785889,1.5618000030517578,0,34.60805129414935,0.0968085639700269,1.548799991607666,1.586899995803833,-0.0081024583742803,0.0952041881715671,225.964,0.4704187527233561,3.568645784634561,0,1,0,11,7,28,-0.4999999999999997,-0.8660254037844388,-0.2393156642875574,-0.970941817426052,18.38999938964844,0.1473764780997414,18.702499628067017,1.0,402.7882112545776,-1.280664590151386,263.45001220703125,250.1499938964844,24.251427642857145,146.88571140000002,24.629363382390263,42.47623529293082,416.6584226087973,381.2582655635858,8.850039261302872,404.6914148977053,31.80851504936645,0.4053428824463832,0.306200427280774,0.2980477593558555,1.3599930082429916,0.0457542403637401,0.0617815045866566,0.0653419004655046,0.7002280777801071,0.0013427080970736,-0.0324457338958093,0.1160058079013045,0.1165350137197139,0.9954587402008668
2011-07-18 00:00:00+00:00,248.1999969482422,263.79998779296875,248.1999969482422,256.70001220703125,52,48.299914300621474,0.2762113925728734,256.3425010681152,262.3070016479492,258.4122410100836,273.3499411498568,239.3350609863736,-1.831268418679031,-1.1575509681717928,-0.6737174505072379,-0.0376114663738051,-0.0376114663738051,23.89428542857143,0.0,2.9197781408163266,22.601427714285716,0.0,2.7623790561224486,0.0,0.0,7.0,13.0,1.5719000101089478,1.5824999809265137,1.5642000436782837,1.5679999589920044,0,40.10263859137623,0.1020790219458077,1.5618000030517578,1.6060999631881714,0.0046850641131415,0.1001394292854026,225.722,-0.107096705669929,3.558828252242341,0,1,0,12,7,29,-0.4999999999999997,-0.8660254037844388,-0.3546048870425356,-0.9350162426854148,20.950000762939453,0.1303316773583926,18.94249987602234,1.0,389.17758503665937,0.575603116984079,257.8999938964844,263.45001220703125,22.169285214285715,98.37143122857144,24.498528823157717,39.73583301596754,415.48526850107953,383.3825673147172,8.025675296590585,398.4858829532869,52.40128896359576,0.3668743024308911,0.3055016143467652,0.2965462873298117,1.2371569152416777,0.062852502161713,0.0648922979192724,0.0657241282003708,0.9563077414586536,0.001891920408363,-0.0346490473375729,0.0972327732410142,0.1059021060049546,0.918138153504555
2011-07-25 00:00:00+00:00,242.8999938964844,248.8500061035156,238.0,248.8500061035156,58657,20.564910460957503,0.2548019578239059,255.58750076293944,258.51100158691406,252.11626629288085,274.58453674613963,236.59046477973925,-4.966839601953183,-3.26778089160705,-1.6990587103461323,-0.0213537595363589,-0.0193782927367607,23.901428285714285,0.0,3.0702492367346936,24.237142714285717,0.0,2.989134721428571,0.0,0.0,7.0,20.0,1.569499969482422,1.5750000476837158,1.5361000299453735,1.5539000034332275,0,51.01011367980807,0.0975808632499022,1.5679999589920044,1.590499997138977,-0.0054063411286344,0.0948708380146824,225.722,-0.107096705669929,3.558828252242341,0,1,0,13,7,30,-0.4999999999999997,-0.8660254037844388,-0.464723172043768,-0.8854560256532101,19.350000381469727,-0.0794462435953154,18.64000010490417,1.0,377.4423013496781,-0.4335374071935109,248.1999969482422,257.8999938964844,28.59071371428572,119.21428845714289,24.481665203230488,37.17223088590512,421.9523129146425,366.76742425345975,13.796222165295696,390.0684503118434,25.17707006454185,0.2138419154404982,0.2869443893104548,0.2946183919452366,0.7258267441157562,0.0446686141463613,0.0520279892325064,0.0651011756342972,0.6861413307782929,1.9300240031449447,-0.1685891924156889,0.0988794977974693,0.1052624463312188,0.939361489782598
2011-08-01 00:00:00+00:00,241.3500061035156,247.3500061035156,237.1999969482422,243.5,60613,31.39391823058574,0.226176816291698,251.0175003051758,256.01400115966794,247.73091534259515,272.2910659678766,229.74393464247493,-5.396331054975747,-4.653250301313939,-0.7430807536618076,-0.0063811767472886,-0.0904465779082642,24.572856714285717,0.0,3.196649536734694,22.304999142857145,0.0,3.130812257142857,0.0,0.0,7.0,27.0,1.544100046157837,1.5707000494003296,1.5252000093460083,1.5464999675750732,0,36.82140696589273,0.1096172780372777,1.5539000034332275,1.561400055885315,0.0010302152058977,0.0986980247929148,225.722,-0.107096705669929,3.558828252242341,0,1,0,14,8,31,-0.8660254037844385,-0.5000000000000004,-0.5680647467311556,-0.8229838658936566,23.65999984741211,0.20109341291106,20.58750009536743,1.0,373.2477766133306,0.210118226259699,242.8999938964844,248.1999969482422,28.104999071428573,89.07142926857144,24.341235134819307,34.77402244165318,412.1804495463185,359.1474875808043,13.258240491378562,383.3401808324383,0.0,0.1712639665494925,0.2864126799078541,0.294288795834033,0.5819588212474466,0.0420551435615876,0.0513644575766854,0.0629480293674709,0.6680929856461912,1.8140734123148528,-0.1606664861604262,0.0971023711207193,0.103119323124049,0.9416504953916686
2011-08-08 00:00:00+00:00,234.1999969482422,248.4499969482422,231.3500061035156,240.9499969482422,81013,34.60923130238065,0.2044709734067783,244.44499969482425,253.6100009155273,243.9770634104135,259.42231273713696,229.46768665251145,-5.384803860369345,-5.005776256638628,-0.3790276037307176,-0.0296250630804075,-0.1100132913536386,24.38714285714286,5.485714285714295,3.424768910204082,26.64785714285714,1.85714285714286,3.300770977551021,0.0,0.0,0.0,0.0,1.5615999698638916,1.6033999919891355,1.5456000566482544,1.593000054359436,0,56.54068571181044,0.1196693055174177,1.5464999675750732,1.5544999837875366,-0.010484823876678,0.1191664253340834,225.722,-0.107096705669929,3.558828252242341,0,1,0,15,8,32,-0.8660254037844385,-0.5000000000000004,-0.663122658240795,-0.7485107481711013,48.0,0.7074151588068427,27.99000024795532,2.0,373.0806078695296,-0.941385681997871,241.3500061035156,242.8999938964844,29.358570928571428,91.98571236857144,24.490049457918524,32.650352791039616,393.37239842291007,363.1017370116887,7.567665352805345,379.2363516472748,0.0,0.1024663912121211,0.2874491057435124,0.2920176978757086,0.3508910194437038,0.0730144793661362,0.0536689959199077,0.0635706514881888,1.1485562310799926,2.187979387679551,-0.1651471264924498,0.1087188970139855,0.1155926411468176,0.940534678765162
2011-08-15 00:00:00+00:00,245.6999969482422,248.1000061035156,232.6000061035156,233.6000061035156,68315,51.0231925305613,0.1987672825098982,240.3900001525879,251.2110006713868,242.3521777732825,247.20427038466835,233.57572992050743,-3.629749202803538,-4.712449103308425,1.0826999005048874,0.0491033311266075,-0.0271233657522933,26.951427285714285,1.014285714285717,3.726714177551021,26.82999971428572,11.142857142857158,3.4028946775510205,0.0,0.0,5.0,5.0,1.621500015258789,1.6548000574111938,1.586300015449524,1.6114000082015991,0,71.25705709459689,0.1283219595964332,1.593000054359436,1.5765000581741333,0.0102215953323094,0.1214000913470488,225.922,0.0886045666793622,3.628715982221076,0,1,0,16,8,33,-0.8660254037844385,-0.5000000000000004,-0.7485107481711011,-0.6631226582407952,31.8700008392334,-0.4095358561456247,30.72000026702881,2.0,395.9209770975304,0.933554966551578,234.1999969482422,241.3500061035156,29.358570714285715,48.37142951428573,24.64101399058737,31.262772426640748,401.6320865844098,358.21374488062446,10.854585425946336,385.9102018273771,58.65928560261915,0.2725904406023895,0.3256568273798709,0.303522678565929,0.898089173795584,0.0630850638686216,0.0571351606208839,0.0634761788583737,0.9938382408146028,1.7893813190838208,-0.2137564369888187,0.1101968336151688,0.1171089211878084,0.9409771953126728
2011-08-22 00:00:00+00:00,264.70001220703125,269.54998779296875,242.0,245.3000030517578,32308,72.53671948599914,0.248270325149878,245.28750076293943,251.0370007324219,250.33873536859923,266.8445945059826,223.7304070198963,3.241276958533234,-0.6625282052188226,3.903805163752057,0.0773301403939028,0.0960663031347048,26.287142714285714,0.0285714285714311,4.262937920408163,28.015712571428573,0.0142857142857155,3.940811608163265,0.0,0.0,5.0,0.0,1.5887000560760498,1.60889995098114,1.5721999406814575,1.5952999591827393,0,61.45384265840189,0.1464621330763151,1.6114000082015991,1.552299976348877,-0.0073577159768754,0.1323268127838217,225.922,0.0886045666793622,3.628715982221076,0,1,0,17,8,34,-0.8660254037844385,-0.5000000000000004,-0.8229838658936564,-0.5680647467311559,42.43999862670898,0.2864261266251031,36.49249982833862,2.0,422.27591866954754,-0.8243761643669022,245.6999969482422,234.1999969482422,27.358569642857145,145.98571894285718,24.858736479673905,29.24674102584365,437.8728244439101,344.3898156810589,23.3707521907128,400.45648856424526,91.8559793648433,0.3104524615573102,0.3464140238354694,0.3111147373691288,0.9978712490570792,0.1040800397524006,0.0653806681390215,0.0663857070010076,1.5678077221162037,0.8788889024903723,-0.2169177514804418,0.1225433846995624,0.1121332960343716,1.092836633765171
2011-08-29 00:00:00+00:00,284.95001220703125,284.95001220703125,264.1000061035156,264.1000061035156,1367,96.3955959899546,0.2499645647717575,253.9950012207032,252.49800079345704,260.735988814931,287.8443098280072,220.14569261339904,8.369234997012654,4.290858079933076,4.078376917079578,0.07650169650979,0.1895220562592279,26.915713714285715,0.0714285714285777,4.020046873469388,27.058571214285717,0.1000000000000088,4.415874859183674,0.0,0.0,2.0,2.0,1.6024999618530271,1.6152000427246094,1.5918999910354614,1.600000023841858,0,50.98664566274285,0.1426001940842493,1.5952999591827393,1.562800049781799,-0.0073073018623569,0.155253856979815,225.922,0.0886045666793622,3.628715982221076,0,1,0,18,8,35,-0.8660254037844385,-0.5000000000000004,-0.8854560256532096,-0.4647231720437691,32.279998779296875,-0.273643475801704,38.64749956130981,2.0,455.9200263249877,-0.8193347529150522,264.70001220703125,245.6999969482422,26.219285285714285,127.30000974285716,25.000661301261765,27.366306120950515,483.05157580076735,340.5471891800302,35.626096655184284,422.6419036685424,99.79860785819356,0.2917782040504082,0.2911600620291331,0.3275469187825405,0.8907981678683994,0.0731707499923425,0.0710810953082177,0.0655923150751342,1.1155382875744593,0.0419149650529634,-0.4091687567093046,0.1123432263670966,0.1033653578579944,1.086855575471236
2011-09-12 00:00:00+00:00,273.70001220703125,286.0,270.25,280.8999938964844,160,58.22668920615261,0.260386490359078,274.5475021362305,258.37400146484373,273.6419384189152,300.0432317466606,249.0517725258004,7.616086250971477,8.788685389104455,-1.172599138132977,-0.0535961249853057,0.1363919670792823,29.52999957142857,0.7428571714285752,5.158960369387756,25.94428478571428,2.671428585714302,4.682216770408163,4.0,0.0,4.0,0.0,1.6380000114440918,1.6984000205993652,1.6380000114440918,1.6749000549316406,0,73.7222092024063,0.1421758559307397,1.6297999620437622,1.6232999563217163,0.019078865077333,0.1474636236130717,225.922,0.0886045666793622,3.628715982221076,1,0,2,0,9,37,-1.0,-1.8369701987210292e-16,-0.970941817426052,-0.2393156642875577,38.59000015258789,0.12898842256147,36.807498931884766,2.0,458.42016548034735,1.819281941053938,289.20001220703125,284.95001220703125,26.887142714285712,217.571423,25.1812163070504,24.150742402294597,493.8465901332215,410.1305495632573,20.92901014249105,448.6403120531523,85.37615341205918,0.300630697925819,0.3087078285128455,0.3308430591477552,0.9086806584772574,0.0575447544667496,0.0678057159411887,0.0643802742807349,0.8938257280104819,0.0055587595628016,-0.3480406020685815,0.1035179531860791,0.1138675401957056,0.9091084598567496
2011-09-19 00:00:00+00:00,262.79998779296875,273.6000061035156,258.45001220703125,273.5,57,25.57882411526012,0.2820490379956329,276.49500274658203,258.3780010986328,270.46619217339605,295.9315930387399,257.0584124544242,1.846499035489785,5.308078965119271,-3.461579929629486,-0.0398247129262732,-0.0075528704388146,25.408571,4.185714357142866,4.453753889795918,28.015713785714286,2.871428671428581,5.282740253061225,0.0,0.0,0.0,0.0,1.698699951171875,1.791800022125244,1.6960999965667725,1.7105000019073486,0,81.16953050454212,0.1336637801239109,1.6749000549316406,1.6069999933242798,0.0140089778062127,0.1426615807626048,226.545,0.2757588902364549,3.771208179119778,1,0,3,0,9,38,-1.0,-1.8369701987210292e-16,-0.992708874098054,-0.1205366802553235,32.72999954223633,-0.1647011049765747,34.3799991607666,2.0,449.5193796211242,1.125138890384815,273.70001220703125,289.20001220703125,26.929999142857135,185.39999782857143,25.36408711212549,22.777883451916143,477.1215206948377,440.4773494774295,9.161042804352077,448.9919390803411,69.21773518438374,0.3433505361998134,0.3121339419199259,0.3179009861740467,1.0800549238034896,0.0576483812792997,0.0667183794233243,0.0638396089678768,0.9030188809289038,0.0019819227780291,-0.3388098413695901,0.1096624796898265,0.1172131463047874,0.935581662903719
2011-09-26 00:00:00+00:00,235.9499969482422,267.1499938964844,230.8000030517578,264.8999938964844,79357,15.413260897080336,0.3073995794385007,269.41750259399413,256.9930010986328,259.37423450494686,306.47521918208344,232.3597860059048,-6.367379999502873,-0.6893199929752617,-5.678060006527612,-0.1021689196800067,-0.1409066004306128,27.722856857142855,0.7428571428571505,4.857587112244898,24.801428,7.571428657142875,4.174899471428572,1.0,0.0,1.0,0.0,1.794700026512146,1.946300029754639,1.7654000520706177,1.8558000326156616,0,84.98818005102868,0.1955925013271941,1.7105000019073486,1.6089999675750732,0.0008188056910993,0.1265722486952135,226.545,0.2757588902364549,3.771208179119778,1,0,4,0,9,39,-1.0,-1.8369701987210292e-16,-1.0,-1.8369701987210292e-16,39.02000045776367,0.1757822723994477,36.0649995803833,2.0,437.8760120322131,-0.1938783211265249,262.79998779296875,273.70001220703125,28.90499992857143,58.81428818571431,25.327786524246427,21.796821852253352,482.5697832090576,426.0070798168224,14.140675848058809,444.54556826109,31.54265165606712,0.3336811150066153,0.3057936799959821,0.3153961735902076,1.0579744853227684,0.1540580263397938,0.0767139767408029,0.0676930054872117,2.27583341103925,2.4254733229102423,-0.4942930134941209,0.2165803797396905,0.169078539627399,1.2809453370458408
2011-10-03 00:00:00+00:00,223.4499969482422,246.5500030517578,219.8000030517578,238.3999938964844,71272,13.782999075747313,0.3300170894348086,255.23999938964843,255.7950009155273,248.1193117153496,296.35638954987473,214.12360922942213,-10.46527995607238,-6.355931280168042,-4.109348675904338,-0.0529773263898027,-0.231338192070301,29.844285857142857,3.2999999428571503,5.274378740816326,26.719285071428573,1.1142856857143024,5.113327855102041,4.0,0.0,1.0,0.0,1.81850004196167,1.8910000324249268,1.7919000387191772,1.847000002861023,0,72.22051782437124,0.2268257932585874,1.8558000326156616,1.5989999771118164,-0.0112522800021857,0.2082063561985072,226.545,0.2757588902364549,3.771208179119778,1,0,5,0,10,40,-0.8660254037844386,0.5000000000000001,-0.992708874098054,0.1205366802553232,45.45000076293945,0.1525384904833552,38.94750022888184,2.0,412.7121450026989,-1.400986890455025,235.9499969482422,262.79998779296875,29.91571385714286,21.042857585714295,25.417560624064635,20.462464680218574,479.27226735377343,399.9915837144184,19.82017090983877,431.81219895773353,0.0,0.2411067543216821,0.3342945955024948,0.3143179917220475,0.7670790505180599,0.1197135840919081,0.0860225435607161,0.0686313373629275,1.7442989055548346,1.9647989149382104,-0.2673711496343759,0.2301882305043227,0.1681722215689193,1.3687647975937598
2011-10-10 00:00:00+00:00,226.3000030517578,236.1000061035156,221.6999969482422,224.25,51942,28.68167032190644,0.3454546831534551,242.2775001525879,254.43600128173827,240.10672589314527,275.6775110475944,208.8774892575814,-10.356764802555034,-9.143029042553136,-1.2137357600018976,0.0127545587041371,-0.1657142744635656,26.751427714285715,20.185714257142862,4.7049426816326525,31.60857242857143,9.128571268571438,5.419858591836735,0.0,0.0,0.0,0.0,1.886299967765808,1.8991999626159668,1.73389995098114,1.7623000144958496,0,47.05104154515043,0.2570542267293585,1.847000002861023,1.651600003242493,0.010504346656426,0.2273361391716697,226.545,0.2757588902364549,3.771208179119778,1,0,6,0,10,41,-0.8660254037844386,0.5000000000000001,-0.970941817426052,0.2393156642875573,33.02000045776367,-0.319499385054628,37.55500030517578,2.0,398.8084986585236,0.7746757754061451,223.4499969482422,235.9499969482422,29.56928557142857,29.071428771428582,25.81698074048443,19.73124575043489,470.97017434096847,378.48784331631146,23.120582756164247,418.6107188380496,0.0,0.110460546633363,0.346254731370349,0.3172785744836652,0.3481500234663649,0.0636323860410197,0.0905194264437542,0.0693562827940475,0.9174709817604464,1.4248993912722308,-0.2411938735915903,0.3389785900245284,0.1860739253948929,1.82174139169538
2011-10-17 00:00:00+00:00,234.0,243.5500030517578,221.6499938964844,226.3000030517578,58101,44.72670914850572,0.3851727058643009,233.9624992370605,253.7110009765625,237.4677415269385,252.46032331474024,215.4646751593808,-6.784217074444428,-8.483875321288796,1.6996582468443684,0.0340256157507921,-0.1102661596958175,25.33714157142857,45.74285719714287,3.66353704489796,28.46928385714286,58.69999981142858,4.205007471428571,0.0,0.0,0.0,0.0,1.7574000358581543,1.7798000574111938,1.723399996757507,1.7307000160217283,0,33.856060783089674,0.2858026200862035,1.7623000144958496,1.7091000080108645,-0.0248821896277695,0.2809647470815045,226.889,0.1518462115694507,3.868356841040299,1,0,7,0,10,42,-0.8660254037844386,0.5000000000000001,-0.9350162426854148,0.3546048870425355,33.38999938964844,0.0111429833208849,37.72000026702881,2.0,404.9838037490844,-2.6400651743464008,226.3000030517578,223.4499969482422,28.815713285714285,19.642857828571444,25.988097070591422,22.245358915660294,447.91013200075344,379.2800977205066,17.15750857006171,413.1599528024636,10.855544234921725,0.1946447722739075,0.3462664217205667,0.3185756040894778,0.6109845313497159,0.0935897827148436,0.097728432093373,0.0718931880712616,1.301789115321813,1.542501012165493,-0.2527134061591015,0.3500975800393518,0.1881156828739491,1.8610758873473785
2011-10-24 00:00:00+00:00,250.8000030517578,251.5,229.3999938964844,232.8000030517578,66002,66.11295681063122,0.3967579048948763,232.8074989318848,253.9100006103516,238.44623207418368,247.3567023922436,218.258295471526,-2.599298615073224,-5.781451870492285,3.182153255419061,0.0717948848365719,0.0836033975314449,22.78714171428572,40.57142811428572,3.0806301653061223,25.040713142857147,121.49999858571432,3.158004202040817,0.0,0.0,0.0,0.0,1.7685999870300293,1.798699975013733,1.7407000064849854,1.7676000595092771,0,31.35671161046747,0.2473450344075901,1.7307000160217283,1.8767999410629272,-0.0071392040599259,0.2935447549729997,226.889,0.1518462115694507,3.868356841040299,1,0,8,0,10,43,-0.8660254037844386,0.5000000000000001,-0.8854560256532101,0.464723172043768,29.26000022888184,-0.1320350322617671,35.28000020980835,2.0,443.314100319214,-0.8657666175620407,234.0,226.3000030517578,28.27642757142857,54.3428572857143,25.926975526866634,28.648884055663785,454.44139807534987,375.4678757894106,19.743380571484806,425.2216118091638,53.253491439659626,0.4226545435802137,0.3784895087828259,0.3477935435035496,1.2152454791715972,0.0881180455925066,0.1038223649560143,0.0723643523967198,1.2176994679980886,1.7930478036504285,-0.2518376162235104,0.3501323343780851,0.1867304893796488,1.8750677342013524
2011-10-31 00:00:00+00:00,226.9499969482422,252.5,225.3500061035156,251.25,68909,52.23974912822749,0.4437459995909515,233.26249923706047,251.4210006713867,236.3116685452546,246.93852215401472,219.5864763201064,-3.058087674717428,-3.706309629237551,0.6482219545201238,-0.0950957169589574,-0.0085189908267279,25.93714142857143,26.142856985714296,3.8734430653061223,21.75142657142857,42.57142932857145,3.419739765306123,0.0,0.0,0.0,0.0,1.7458000183105469,1.7690000534057615,1.6650999784469604,1.6871000528335571,0,39.55276039479909,0.2312231909387159,1.7676000595092771,1.827700018882752,-0.0109154751483838,0.2348670634669693,226.889,0.1518462115694507,3.868356841040299,1,0,9,0,10,44,-0.8660254037844386,0.5000000000000001,-0.822983865893657,0.5680647467311548,29.959999084472656,0.0236417246763716,31.40749979019165,2.0,382.887351841955,-1.2433937264078307,250.8000030517578,234.0,27.019284857142853,103.59999814285716,25.65758527167708,29.547112782948147,458.753430729692,356.24344655469656,25.62749604374887,408.2879078222803,37.45127989681556,0.6344426610655298,0.4951495452253686,0.4171752494242483,1.5208060562870782,0.1196298491366632,0.0969367295153882,0.0759809180786213,1.574472070318439,1.862956739899548,-0.0845992128572304,0.2088337465035034,0.2039358035869422,1.024017031782763
2011-11-07 00:00:00+00:00,233.0,236.8000030517578,220.4499969482422,226.3999938964844,67159,51.10782845608129,0.4314159400511649,233.17999877929688,246.9820004272461,233.0516270239451,247.04003222023928,219.31996533835448,-3.536552968353334,-3.840666533179932,0.3041135648265975,0.0266578679581896,0.0385557996931511,23.765713857142856,30.51428520000001,3.860206797959184,25.99785542857143,67.68571402857145,4.145280056122449,0.0,0.0,0.0,0.0,1.6898000240325928,1.7582999467849731,1.6898000240325928,1.7489999532699585,0,46.34442646994027,0.2308965753139433,1.6871000528335571,1.8066999912261963,-0.012897289165189,0.2351178544028314,226.889,0.1518462115694507,3.868356841040299,1,0,10,0,11,45,-0.5000000000000004,0.8660254037844384,-0.7485107481711011,0.6631226582407952,29.850000381469727,-0.0036782754725293,30.614999771118164,2.0,407.51698911190033,-1.4415751280883509,226.9499969482422,250.8000030517578,20.237142857142853,245.34284017142852,25.679538185025105,32.00766770202062,459.686646641655,359.66447586942195,25.00554269305827,407.97954033812834,53.36074284888829,0.6737272580436366,0.4815981827550847,0.400500992464068,1.682211165261894,0.0701717000150885,0.0870283527000243,0.0740399952003661,0.9477538504378914,1.7444077341058757,-0.0791511069963318,0.2758345226199193,0.2104830248537007,1.3104833974464596
2011-11-14 00:00:00+00:00,230.9499969482422,238.3500061035156,226.9499969482422,234.8999938964844,72636,42.28649037645085,0.3915945790812593,232.7124992370605,241.2479992675781,232.26955157893136,245.4832694882472,219.941728985874,-2.381296065231965,-3.138327198033885,0.7570311328019206,-0.0087982963594756,-0.0359006720682758,26.56571428571429,24.571428214285724,4.656888936734695,26.51214285714286,40.22857040000002,4.041888124489796,0.0,0.0,0.0,0.0,1.7414000034332275,1.780500054359436,1.727300047874451,1.73989999294281,0,47.87713994190288,0.2120150215547488,1.7489999532699585,1.7431000471115112,0.0100560673838191,0.2229664625613467,226.421,-0.2062682633358292,3.5251999213574026,1,0,11,0,11,46,-0.5000000000000004,0.8660254037844384,-0.6631226582407955,0.7485107481711007,31.1299991607666,0.0419871048763588,30.049999713897705,2.0,401.8298980603886,1.211875001717739,233.0,226.9499969482422,24.340714214285715,139.55713911428575,25.73325461548432,32.5380485212451,459.3897125976323,358.3844570690967,25.2513138821339,405.5196834270325,48.77825463439303,0.6644384035245582,0.4682495498202018,0.3991708543191508,1.6645463457305765,0.0493613739160526,0.0841741502750309,0.0742394238041341,0.6648942669240011,1.7331259066957765,-0.0556403821382089,0.2347202450044147,0.210981441973832,1.1125160188656158
2011-11-21 00:00:00+00:00,232.1999969482422,240.0,230.3999938964844,233.1499938964844,37500,60.56860778345416,0.3703001695180185,231.65499877929688,236.75299926757813,233.12688495967228,239.8822905323529,223.42770702624085,-0.9422635951800656,-1.7589631476656986,0.8166995524856329,0.0054124270037558,-0.0516643203591563,24.41571385714286,66.2571445857143,3.9073269,26.63357135714286,74.64285751428574,4.564147441836735,0.0,0.0,0.0,0.0,1.7620999813079834,1.8107999563217163,1.7482000589370728,1.7777999639511108,0,73.85477360529958,0.1911703822524683,1.73989999294281,1.7869999408721924,-0.0114861673770122,0.2046217674011757,226.421,-0.2062682633358292,3.5251999213574026,1,0,12,0,11,47,-0.5000000000000004,0.8660254037844384,-0.5680647467311559,0.8229838658936564,32.90999984741211,0.0556046008242028,30.96249961853028,2.0,412.805146204033,-0.9423484743653908,230.9499969482422,233.0,26.469285285714285,56.44285937142859,25.79133956655906,35.25448781111869,427.3448176524035,375.174874956735,13.042485673917138,408.4338685378327,35.003275388838645,0.6686146006704695,0.4768139366145619,0.3994170412506178,1.673976107371894,0.0413436960796147,0.0737249329479851,0.0732320192256136,0.5645575647268063,0.8566230093507011,-0.0837201408182267,0.2354255849196614,0.2059278961343013,1.1432427461585637
2011-11-28 00:00:00+00:00,224.6999969482422,236.6000061035156,224.3999938964844,233.5,385,39.624992227551374,0.2532271634369409,230.5949989318848,233.7779989624024,231.8853791856324,238.59716325856544,222.5928346052041,-1.6127168545846473,-1.4241772981392935,-0.1885395564453535,-0.0405636213654583,-0.0421995264181924,25.737142428571428,48.31428338571429,4.029200159183674,23.615713857142858,120.28571580000003,3.684417136734694,0.0,0.0,0.0,0.0,1.803099989891052,1.9105000495910645,1.7942999601364136,1.880300045013428,0,82.11824977229847,0.1813312243232606,1.7777999639511108,1.7089999914169312,0.0075092479839974,0.1852291718297203,226.421,-0.2062682633358292,3.5251999213574026,1,0,13,0,11,48,-0.5000000000000004,0.8660254037844384,-0.4647231720437684,0.88545602565321,32.130001068115234,-0.0239863519474123,31.50500011444092,2.0,422.5034143762969,0.9571930617355692,232.1999969482422,230.9499969482422,27.82285707142857,30.41428564285716,25.650976617564467,40.74037348782072,428.7404306825981,393.5872931937113,8.7882843722217,414.0616868732185,88.84670765563601,0.585392543882726,0.4820512196580805,0.4003224562908816,1.462302501547263,0.0542946701055869,0.0669602578506012,0.0736590407127059,0.7371079260490826,0.0087911686431553,-0.1054411271610719,0.2871039512280918,0.2206881315032905,1.30094870196644
2011-12-05 00:00:00+00:00,233.9499969482422,235.6999969482422,223.8999938964844,226.0,327,52.91828655161031,0.262126943887623,231.6824989318848,231.9469989013672,231.4880506110571,238.6363524112012,224.72864545256832,-1.0582602919275246,-1.380431940471601,0.3221716485440764,0.0411659996690194,0.0315255458565963,25.90857114285714,47.371427414285726,3.790578575510204,24.455,109.47142382857145,3.982353160204082,0.0,0.0,0.0,0.0,1.849300026893616,1.854699969291687,1.763800024986267,1.795199990272522,0,58.206884758372446,0.1637691119938149,1.880300045013428,1.7315000295639038,0.0025560913016261,0.1572187499612606,226.421,-0.2062682633358292,3.5251999213574026,1,0,14,0,12,49,-2.4492935982947064e-16,1.0,-0.3546048870425359,0.9350162426854148,27.84000015258789,-0.1433163654242099,31.00250005722046,2.0,419.9870322457409,0.4618773934984392,224.6999969482422,232.1999969482422,26.19428528571429,49.185713471428585,25.573816835786115,45.174634800127215,432.8061304095287,395.756615033701,9.262378843956933,416.4318250222275,71.59166061045697,0.21855877865513,0.4793899859080082,0.3957776070305489,0.552226223137475,0.0504381415075134,0.0531219163247712,0.073038322679996,0.6905708229745453,0.0074644411827127,-0.1041547171270464,0.286312212309631,0.2381992024152049,1.2019863936853006
2011-12-12 00:00:00+00:00,218.5,233.6999969482422,218.0,232.25,128,35.394462394575285,0.2969244458908783,230.2674987792969,231.1089990234375,228.96334160227613,240.08822304499483,220.4467745135989,-2.4648958979963425,-1.5955008327792564,-0.8693950652170861,-0.0660397399007458,-0.05,25.20142771428572,77.25714201428573,3.552936224489796,25.415714214285718,109.61428288571432,3.739806186734694,0.0,0.0,0.0,0.0,1.7806999683380127,1.83459997177124,1.7753000259399414,1.7972999811172483,0,48.52499571886386,0.1676079383283571,1.795199990272522,1.7599999904632568,-0.0021145378237128,0.1649423678655773,226.421,-0.2062682633358292,3.5251999213574026,0,0,0,0,12,50,-2.4492935982947064e-16,1.0,-0.2393156642875578,0.970941817426052,25.670000076293945,-0.0811508430919513,29.63750028610229,2.0,392.7100458741188,-0.0051855190354507,233.9499969482422,224.6999969482422,25.07642857142857,45.51428325714287,25.56361666665706,49.33203145081026,439.004248545419,384.9985708046758,13.501419435185808,406.943113362984,40.96451839741708,0.2730248791611701,0.4849840228472521,0.4086501723721328,0.6681139295627256,0.0718535329439001,0.0534582829105336,0.0743975686198729,0.9658047247885404,0.0031310197217543,0.0410691136890741,0.2705779729696233,0.2369118482018763,1.1421039665269077
2011-12-19 00:00:00+00:00,215.3000030517578,221.0,210.9499969482422,221.0,8930,39.97986393403779,0.2748796902142247,225.32749938964844,229.85499908447267,223.28779350916145,240.33849453879105,210.31650424050585,-4.937017879486575,-3.442252271586716,-1.4947656078998597,-0.0146452949576301,-0.0725823445519451,25.622856857142857,79.48570934285715,3.3703348510204085,25.02285671428572,186.4571403714286,3.249507059183674,0.0,0.0,0.0,0.0,1.837000012397766,1.87940001487732,1.8092000484466555,1.8530000448226929,0,49.63754265101203,0.1853798096057552,1.7972999811172483,1.7645000219345093,-0.0109012784648062,0.1677650920809552,226.23,-0.0843561330441944,3.3943775908008567,0,0,0,0,12,51,-2.4492935982947064e-16,1.0,-0.1205366802553236,0.992708874098054,24.920000076293945,-0.0296523008743472,27.64000034332276,1.0,398.95091530523314,-1.0057717134364257,218.5,233.9499969482422,26.76214278571428,17.628570571428586,25.5287289277944,58.17881267149532,438.3941625671145,378.6815413335804,14.928155308383497,403.7462341398837,34.85297212138066,0.2804171841635849,0.4809225207985968,0.408585130567449,0.6863127322108128,0.046679065997699,0.0529218213268628,0.0746287647416785,0.625483483539357,0.2331769246234746,0.0834372035406555,0.2767404595548,0.2388265964189276,1.1587505416769497
2011-12-26 00:00:00+00:00,219.6499938964844,224.0500030517578,217.3999938964844,220.0,23365,32.687648916349005,0.3083346088824102,223.1999984741211,229.1939990234375,222.480144445462,236.97354330607885,209.42645364216327,-3.4945256057901872,-3.668061731260306,0.1735361254701186,0.0412419866039477,-0.0515976333855968,27.60142814285714,58.17142595714287,4.300518802040816,26.20857135714285,131.98570242857144,3.708131254081633,0.0,0.0,0.0,0.0,1.8651000261306765,1.8665000200271609,1.829100012779236,1.8580000400543213,0,67.62589735247171,0.1795819903248087,1.8530000448226929,1.875499963760376,-0.0031251755701299,0.1928917765995267,226.23,-0.0843561330441944,3.3943775908008567,0,0,0,0,12,52,-2.4492935982947064e-16,1.0,6.432490598706546e-16,1.0,20.729999542236328,-0.1840887926153031,24.789999961853027,1.0,408.10969745759945,-0.2281614239687956,215.3000030517578,218.5,26.069285285714283,10.2285710857143,25.572589729687845,62.94054749453249,428.6572380626287,381.2216073787175,11.858907670977787,405.49161946697,34.07528763134705,0.2751102138387162,0.4825606972749343,0.4097024097195555,0.6714878912041361,0.0302754807196006,0.05070817825486,0.0724918148093517,0.4176399311125489,0.6597542828258719,0.0821571027699739,0.2754873826912494,0.2364095825082566,1.1652969736480894
2012-01-02 00:00:00+00:00,226.8500061035156,229.3000030517578,218.3500061035156,218.3500061035156,14981,52.48870090434185,0.2967339982380087,222.38749923706047,228.38399932861327,223.4077987106936,234.4945606638407,210.2804378102804,-1.4396573975915317,-2.7156845604763107,1.276027162884779,0.0246161353083838,-0.0297262483213212,24.808570714285715,101.5428576857143,3.69153072244898,27.469285142857142,108.97142828571432,4.472107423469388,0.0,0.0,0.0,0.0,1.8528000116348269,1.884400010108948,1.83650004863739,1.8623000383377075,0,64.15998830160234,0.1537933752272629,1.8580000400543213,1.7990000247955322,0.0037746546343261,0.1707506265097259,226.23,-0.0843561330441944,3.3943775908008567,0,0,0,0,1,1,0.4999999999999999,0.8660254037844387,0.120536680255323,0.992708874098054,23.39999961853028,0.1211541016960265,23.679999828338623,1.0,422.4627750634863,0.4618215964768044,219.6499938964844,215.3000030517578,25.222857,56.45714080000001,25.69495717569877,65.91028173912487,431.4042110320013,379.7125058182175,12.92292630344596,412.28008170557655,52.17057265093467,0.290770461820388,0.4372770283267325,0.402478256285625,0.7224500952656118,0.0482697670426578,0.0495031976422742,0.0717510499680535,0.6727394280188964,0.4574630511785582,0.1204448016275376,0.1998411366693419,0.2364697617216151,0.8451022522430716
2012-01-09 00:00:00+00:00,221.8500061035156,229.1499938964844,216.6000061035156,226.8500061035156,56162,63.45679635627789,0.261029749847412,220.9199996948242,226.7739993286133,223.2900628439185,230.1862599020432,211.6537394876052,-1.0373223604790385,-1.5307505962303565,0.4934282357513182,-0.0220409956600063,-0.0216096753979466,25.765713428571427,123.9285767,3.3421829285714284,23.540713142857147,236.1857153428572,3.276634385714286,0.0,0.0,0.0,0.0,1.857699990272522,1.870100021362305,1.813099980354309,1.847599983215332,0,44.515376456645,0.1597276867015279,1.8623000383377075,1.8170000314712524,-0.0015560053166721,0.1481413885074109,226.23,-0.0843561330441944,3.3943775908008567,0,0,0,0,1,2,0.4999999999999999,0.8660254037844387,0.2393156642875577,0.970941817426052,21.06999969482422,-0.1048857927293335,22.52999973297119,1.0,409.8900675531767,-0.0712443986230156,226.8500061035156,219.6499938964844,24.765713357142857,2.4428570571428714,25.555973689708992,76.89579358452696,429.20630867064114,390.5004190191066,9.676472412883632,411.3240760446167,70.29514993662079,0.3072622868057344,0.2665986458815055,0.3918870686134601,0.7840582238456609,0.0565696977583717,0.0507295088924458,0.0693755328683521,0.815412686077558,1.6547095375164171,0.0757722637640188,0.104667680174926,0.2360707870701649,0.4433741126557756
2012-01-16 00:00:00+00:00,225.25,238.5,221.1499938964844,221.5,44248,54.10011459533803,0.2830685983307047,223.07499923706047,226.76699920654292,225.48370608539693,234.89957036681773,211.25042810730332,0.771122165136461,-0.362801849631806,1.133924014768267,0.0157835400225478,0.0301852562897406,24.987142285714288,64.5571399857143,3.1388836938775517,25.70142678571429,210.9857238,3.5148527959183675,0.0,0.0,0.0,0.0,1.8299000263214111,1.840999960899353,1.7657999992370603,1.7907999753952026,0,33.95864201211934,0.1531481385503322,1.847599983215332,1.8588000535964968,0.0024927823069665,0.1619949649308355,225.672,-0.2466516377138239,2.962418844871096,0,0,0,0,1,3,0.4999999999999999,0.8660254037844387,0.3546048870425356,0.9350162426854148,20.90999984741211,-0.0076227071890194,21.52749967575073,1.0,403.3776944577694,0.4959298684104739,221.8500061035156,226.8500061035156,22.8478565,7.842856557142872,25.565357760419012,85.54675682423489,427.2521496183963,394.66796764761966,8.14604549269415,408.1455234098778,55.19612337730315,0.1969620382910111,0.2296183653412054,0.3691395796236228,0.5335706161775684,0.0770255542886375,0.0517639131613933,0.0695682730831668,1.107193549631744,1.2262243745623218,0.1775958776653171,0.160407891437245,0.2441052553082123,0.6571258970375372
2012-01-23 00:00:00+00:00,219.4499969482422,229.25,217.8500061035156,225.4499969482422,62454,41.27356343183549,0.2918380464803282,225.01499862670897,226.3249987792969,224.92678316316733,233.2622346012351,216.76776265218285,-0.1363253381223614,0.0833321309301037,-0.2196574690524652,-0.0257491811398793,-0.0150359338313715,25.99428514285714,62.457142900000015,3.8018330714285713,26.62285664285714,121.04285151428574,3.1428173040816323,0.0,0.0,0.0,0.0,1.7827999591827393,1.7856999635696411,1.7460999488830566,1.76010000705719,0,23.40426513101196,0.1437572306790415,1.7907999753952026,1.8509999513626096,0.005543578288492,0.152766234611727,225.672,-0.2466516377138239,2.962418844871096,0,0,0,0,1,4,0.4999999999999999,0.8660254037844387,0.4647231720437685,0.8854560256532099,18.670000076293945,-0.1133095445031005,21.012499809265137,1.0,386.2539411773014,0.8010094665630239,225.25,221.8500061035156,20.87999857142857,8.499999571428585,25.633583494769866,87.83682744939946,435.6495788839042,375.3426602419626,15.076729660485396,399.38889051684725,28.38713407450476,0.2432528706072343,0.2482187425637303,0.3674435050472052,0.662014325047984,0.0519480248576768,0.0528177049333889,0.0701082757447592,0.7409684077400243,1.5930618882118184,0.1927891848832017,0.103266128735254,0.2457661536717597,0.4201804153690342
2012-01-30 00:00:00+00:00,216.6000061035156,221.8999938964844,215.0,219.75,51684,43.742543372112685,0.28271244559996,223.83499908447263,224.8589990234375,222.2426725341175,233.9378914905488,213.7321066783965,-1.8452621088470096,-0.8869468776937811,-0.9583152311532284,-0.0129869714484378,-0.0447629278786523,26.465713857142852,46.08571279142858,4.220400504081633,26.644285071428573,136.1285707428572,3.829891890816327,0.0,0.0,0.0,0.0,1.7538000345230105,1.7659000158309937,1.7295000553131104,1.7380000352859497,0,17.280864122729326,0.1386874485163344,1.76010000705719,1.8652000427246087,0.0026169363607005,0.1414825817695835,225.672,-0.2466516377138239,2.962418844871096,0,0,0,0,1,5,0.4999999999999999,0.8660254037844387,0.5680647467311558,0.8229838658936564,19.39999961853028,0.0383550847658172,20.012499809265137,1.0,376.450818250847,0.508345273783874,219.4499969482422,225.25,21.119284714285715,0.1000000000000071,25.698790048102683,90.95242379091287,424.7266173898195,363.2596433297278,15.36674351502293,390.2136616104472,0.0,0.2164094026200991,0.2392242122256925,0.3671821587851092,0.5893788452095321,0.031855926602268,0.0531337941099224,0.0688238343515351,0.4628617727245206,1.2370527011159094,0.2607908637460658,0.0890713836020986,0.2437645334130692,0.3653992592809671
2012-02-06 00:00:00+00:00,218.8000030517578,219.8000030517578,210.9499969482422,217.0,67601,37.95066336744324,0.26571314531746,221.7074996948242,223.10499969482424,219.82132043972013,233.586323727714,209.8286756619344,-2.380651242948204,-1.954204908937618,-0.4264463340105862,0.0101569570002264,-0.0034160782945795,26.737142285714288,36.87142676285716,4.117792067346939,25.50499857142857,100.67142335428574,4.292767178571429,0.0,0.0,0.0,0.0,1.7462999820709229,1.7511999607086182,1.7110999822616575,1.7152999639511108,0,19.868196405539948,0.1201543421238459,1.7380000352859497,1.843000054359436,-0.0063091562517696,0.1367370131329828,225.672,-0.2466516377138239,2.962418844871096,0,0,0,0,2,6,0.8660254037844386,0.5000000000000001,0.6631226582407952,0.7485107481711011,17.760000228881836,-0.0883242959543798,19.18499994277954,1.0,375.3076373471831,-0.384263987463136,216.6000061035156,219.4499969482422,21.404999,9.314285714285724,25.686287372188225,91.57945602080792,411.3182585448428,359.3767870717077,12.98536786828377,384.2512519051416,0.0,0.1093321231258168,0.2257646270956001,0.3669489033129699,0.2979491671980174,0.0404479249546542,0.0515694256923216,0.0679638115353028,0.5951390613555205,1.4970165300508342,0.3137084431160862,0.0642100710188828,0.2426306230025276,0.2646412376882928
2012-02-13 00:00:00+00:00,212.3000030517578,222.4499969482422,210.0,219.1000061035156,91612,34.823088813621,0.2160892779523349,218.8450004577637,221.89799957275392,218.5056583723529,227.0343914941108,210.65560942141656,-2.266876344325169,-1.9843178544000315,-0.2825584899251379,-0.0297074950152647,-0.0923471201725895,26.62999942857143,37.100000900000005,4.562291810204082,26.57642771428571,40.32857172571431,4.29400689489796,1.0,0.0,0.0,0.0,1.7237999439239502,1.7294000387191772,1.7065999507904053,1.7187999486923218,0,31.798206629718536,0.083981336385236,1.7152999639511108,1.780900001525879,-0.0016310295814321,0.1071692710843006,226.665,0.4400191428267641,2.9252167121508466,0,0,0,0,2,7,0.8660254037844386,0.5000000000000001,0.7485107481711011,0.6631226582407953,19.040000915527344,0.0695933269961227,18.71750020980835,1.0,364.9012343527411,-0.6031221009699741,218.8000030517578,216.6000061035156,20.208570428571427,55.37142857142859,25.743715781355807,88.27294735660833,393.1912621637129,358.2655534003234,8.731427190847372,376.5112448841814,0.0,0.1079032292534327,0.2280731539093554,0.3672022681809997,0.2938522870499336,0.0586434138920239,0.0519841689190521,0.0631930809129144,0.9280035688211506,2.001577455925837,0.3362139030819269,0.0858041271453966,0.1997123199316063,0.4296386065636569
2012-02-20 00:00:00+00:00,200.0500030517578,213.3000030517578,195.8999938964844,212.1499938964844,37794,23.936990542429854,0.2109937860458826,213.9400009155273,219.43399963378903,212.6724552938534,228.06454495446,199.81545687659468,-5.346860029706988,-3.4997747464899835,-1.8470852832170048,-0.070831397045238,-0.1173615334703046,26.708570714285717,57.74285731428572,3.703569536734694,23.647857142857134,127.17143260000002,4.250986391836735,0.0,0.0,0.0,0.0,1.7151999473571775,1.7354999780654907,1.705299973487854,1.7093000411987305,0,28.8329759780896,0.0695939548532302,1.7187999486923218,1.7554999589920044,0.0019217614192121,0.0691496008285658,226.665,0.4400191428267641,2.9252167121508466,0,0,0,0,2,8,0.8660254037844386,0.5000000000000001,0.8229838658936564,0.5680647467311559,17.780000686645508,-0.0684678087428972,18.49500036239624,1.0,341.9454784581758,-0.247843000905554,212.3000030517578,218.8000030517578,22.265713357142857,0.0,25.60849909500105,90.78252704973038,396.659685911334,332.6428982931396,16.004196904548582,362.6849383137792,0.0,0.1654098269165854,0.2251809578150578,0.3694746481591539,0.4476892346032944,0.0869782998742149,0.0539747180361676,0.0615563167020297,1.41298717019362,0.8570845428154806,0.3375406046550121,0.0549739709522257,0.1997263097546633,0.2752465024126703
2012-02-27 00:00:00+00:00,204.4499969482422,205.3500061035156,199.0,199.75,2023,30.476165959294946,0.2220083108416188,209.98750076293945,217.45099975585936,208.8924620872022,225.303126008868,194.67187551701088,-5.10258120519876,-4.737826421630358,-0.3647547835684017,0.0219944705291805,-0.0694128366492087,27.65857114285714,11.828570700000007,4.339255214285714,27.07642857142857,46.58571148571429,4.003929838775511,0.0,0.0,0.0,0.0,1.7148000001907349,1.7257000207901,1.6922999620437622,1.7065999507904053,0,39.56036598323801,0.0714498718448174,1.7093000411987305,1.7490000128746033,-0.0036206275658421,0.0704498608678297,226.665,0.4400191428267641,2.9252167121508466,0,0,0,0,2,9,0.8660254037844386,0.5000000000000001,0.8854560256532099,0.4647231720437686,18.190000534057617,0.0227977531852472,18.19250059127808,1.0,348.9143547309686,-0.8020818994109741,200.0500030517578,212.3000030517578,23.826428071428573,0.0285714285714311,25.703204222512507,87.9311195939874,388.038419570342,327.4959328741923,15.135621674037418,357.176704880655,16.802912589819584,0.2286719358982459,0.228726511813439,0.3698764819631036,0.618238630642838,0.0310589689327466,0.0497969068511815,0.059927645846616,0.5182743842382486,0.0486297492430781,-0.0578086041359808,0.0482813364131763,0.1858675251773673,0.2597620739259444
2012-03-05 00:00:00+00:00,201.5,206.25,198.0500030517578,204.4499969482422,243,34.117635443131164,0.2282088242330543,206.94499893188475,216.22199920654296,206.60285352507228,221.56023843589145,192.3297594278781,-4.218445456995482,-4.486271695650986,0.2678262386555037,-0.0144289410236039,-0.065398913285493,29.394285142857143,4.314285728571436,5.042399769387755,28.212142857142855,25.342855828571444,4.44323712755102,2.0,0.0,0.0,0.0,1.705899953842163,1.7415000200271606,1.6866999864578247,1.729300022125244,0,56.322915597522986,0.0729696859004646,1.7065999507904053,1.7180999517440796,-0.00362641515262,0.0703714695124943,226.665,0.4400191428267641,2.9252167121508466,0,0,0,0,3,10,1.0,6.123233995736766e-17,0.9350162426854148,0.3546048870425355,18.049999237060547,-0.0077263793792121,18.26500034332276,1.0,348.45395445823664,-0.8026606580887641,204.4499969482422,200.0500030517578,24.35499942857143,0.1714285714285866,25.865071231198336,83.89316709299283,370.58319933423735,331.52431166582375,9.764721917103406,353.68760471168764,17.084165336563046,0.2346671936158145,0.2128299790429424,0.3681286920646214,0.6374596501161189,0.0406947739366857,0.0515646763180651,0.0572828954077081,0.7104174211668001,0.0062779098951986,-0.3039906780957084,0.0702649572371496,0.1851206295379582,0.3795630644563655
2012-03-12 00:00:00+00:00,182.6000061035156,200.8500061035156,181.8000030517578,200.8500061035156,111,19.75311329427295,0.2627902122753939,199.33499908447268,212.78899963378908,199.00677106717416,214.5098395160512,184.16015865289413,-7.237322091045343,-5.708736481230775,-1.5285856098145674,-0.0937964957641905,-0.1546296013726129,27.215713571428573,5.24285714285715,4.869174942857143,28.57999992857143,6.557143142857158,5.172903964285715,0.0,0.0,0.0,0.0,1.7378000020980835,1.8174999952316284,1.7128000259399414,1.7891000509262085,0,75.40638608510456,0.0899469892015929,1.729300022125244,1.715499997138977,0.0091786394539856,0.0793811432447479,226.665,0.4400191428267641,2.9252167121508466,0,0,0,0,3,11,1.0,6.123233995736766e-17,0.970941817426052,0.239315664287558,15.640000343322754,-0.1433138854420277,17.415000200271606,1.0,326.68968021892573,0.4778448025717959,201.5,204.4499969482422,22.601427714285716,0.0,26.04022792135144,78.90374619298407,362.2493338577887,320.75240007536473,10.374233445605997,342.8884349145829,13.363315289377653,0.2729628026512401,0.1966408512869311,0.3389135824694256,0.8054052971506739,0.1043264097207005,0.0643403732712743,0.0580933136141178,1.7958416429000292,0.0031344775588341,-0.1383243938671404,0.1147450982393753,0.1902490119458136,0.6031310808633585
2012-03-19 00:00:00+00:00,182.5,185.3500061035156,181.3500061035156,183.0,53,19.24579143285728,0.2587724708205136,194.3424995422364,208.62599975585937,192.7601354618172,213.2660877669984,175.41891131747434,-7.773583162819506,-7.05942114714297,-0.7141620156765356,-0.0005476785332575,-0.0842950466357739,25.658570857142852,43.47142765714287,3.787292342857143,26.647856642857143,21.014285085714302,4.49572475,0.0,0.0,0.0,0.0,1.798799991607666,1.821499943733216,1.7806999683380127,1.7975000143051147,0,80.533406872348,0.1020327395883891,1.7891000509262085,1.715499997138977,0.0156605741235983,0.1026540706935658,227.663,0.4402973551276279,2.871098780438208,0,0,0,0,3,12,1.0,6.123233995736766e-17,0.992708874098054,0.120536680255323,15.039999961853027,-0.0391184410834215,16.730000019073486,1.0,328.04375261068344,1.125760057232202,182.6000061035156,201.5,24.237142714285717,0.0,26.07942977435181,75.16894225057958,362.66837663805086,313.3824943713564,12.321470566673598,336.95056199302314,27.24581423712158,0.2915765671887088,0.2074012844792317,0.2561676692650765,1.138225431191075,0.021917808219178,0.0569952521367052,0.0532077115682436,0.4119290879814604,0.0016578145624928,-0.2305022178607044,0.1131366933513873,0.1725652310547882,0.6556169287618431
2012-03-26 00:00:00+00:00,178.8000030517578,188.4499969482422,174.4499969482422,182.75,67598,29.98586781703956,0.2583650707750548,188.70250015258787,203.905,187.805766405848,207.53090290522053,169.87409739995522,-7.340502990225133,-7.293308840776412,-0.0471941494487211,-0.020273955880779,-0.1202951879372309,26.572857,20.40000007142858,3.5359035285714286,25.17642807142857,93.71428408571433,3.547241782653061,0.0,0.0,0.0,0.0,1.8207000494003296,1.830600023269653,1.791200041770935,1.8092999458312988,0,75.48106375693212,0.103902530758995,1.7975000143051147,1.7128000259399414,-0.0010564418476029,0.0985981165656933,227.663,0.4402973551276279,2.871098780438208,0,0,0,0,3,13,1.0,6.123233995736766e-17,1.0,-1.6081226496766366e-16,14.260000228881836,-0.0532548849485564,15.74749994277954,0.0,323.5028358361815,-0.5459415398879179,182.5,182.6000061035156,22.304999142857145,0.0,26.021171599969662,76.36541591736247,354.3693081729893,308.97580338902435,11.34837619599126,331.5714715302865,4.815393268030192,0.2326920852436722,0.207816971764689,0.2269211608925437,1.0254313615976418,0.0782997749499331,0.0552595471518488,0.0536141153149858,1.460431826312894,2.112982253236502,0.0987992662864872,0.0988118951625964,0.1635085400749522,0.6043224963911743
2012-04-02 00:00:00+00:00,186.1999969482422,187.8500061035156,175.89999389648438,178.8000030517578,86787,50.8577101840324,0.3544098172544697,183.6025009155273,199.64800018310547,185.86742586677315,191.9044018949644,175.3005999360903,-5.122977462197497,-6.318560908602989,1.1955834464054922,0.0413869897661147,-0.0766178894911019,25.701427857142857,31.49999987142858,3.368033312244898,26.376427928571427,45.871429064285735,3.4990084500000003,0.0,0.0,0.0,0.0,1.817199945449829,1.8341000080108645,1.803699970245361,1.825700044631958,0,64.6354466634495,0.0966121905296152,1.8092999458312988,1.7135000228881836,-0.0048519861108757,0.1037020368162643,227.663,0.4402973551276279,2.871098780438208,0,0,0,0,4,14,0.8660254037844387,-0.4999999999999998,0.992708874098054,-0.1205366802553228,15.640000343322754,0.0923733260319781,15.145000219345093,1.0,339.9453427388762,-0.925495966215198,178.8000030517578,182.5,26.64785714285714,1.85714285714286,26.044091363105263,74.3980619268414,343.92508625035555,315.1657194519779,7.189841699594403,334.92102001372245,40.35343517971455,0.2950179521625024,0.2553966002405597,0.2472772670747002,1.1930653542152203,0.064178369510677,0.0618834272674349,0.054354965094717,1.1807266841506607,2.654093512704353,-0.0113821158338144,0.0858034010663053,0.1634734247427695,0.5248767250857583
2012-04-09 00:00:00+00:00,178.0500030517578,190.4499969482422,177.5500030517578,185.8999938964844,49900,45.47304565683408,0.3511205124453114,182.3450012207031,196.7350006103516,184.75221665168544,188.5671958633044,176.12280657810183,-4.031507902426796,-5.011124334207455,0.9796164317806592,-0.0241161631684355,-0.059677859453462,26.765713714285717,23.128571564285725,3.500695991836735,25.68357,58.2571427357143,3.3783201795918374,0.0,0.0,0.0,0.0,1.832800030708313,1.8418999910354608,1.8072999715805047,1.821900010108948,0,50.98035396368442,0.0833486744769703,1.825700044631958,1.761299967765808,0.0026875638601228,0.0917912671286638,227.663,0.4402973551276279,2.871098780438208,0,0,0,0,4,15,0.8660254037844387,-0.4999999999999998,0.970941817426052,-0.2393156642875575,18.809999465942383,0.1845568578519733,15.9375,1.0,324.3893023598958,-0.1715409691153479,186.1999969482422,178.8000030517578,26.82999971428572,11.142857142857158,26.02083192032428,73.35671230160739,344.12237125788613,313.8182455149323,7.57603143573846,330.7083329521918,46.96468306383779,0.3224651426096126,0.2659114199725325,0.2470648065089256,1.305184393173048,0.072451523029373,0.0682347770859723,0.0559103564422049,1.2958513356242585,1.4976305024410783,0.0092441979521085,0.0995320091763031,0.1603105582729781,0.6208699167407309
2012-04-16 00:00:00+00:00,174.6999969482422,186.3999938964844,172.64999389648438,178.5,102126,45.93253313488832,0.3524549685947834,181.2999992370605,193.0729995727539,182.4613365696741,188.3560931109893,174.24390536313174,-3.7766355485302654,-4.142603468569699,0.3659679200394334,-0.018814973580999,-0.0528598544934425,26.308570857142858,8.357142857142867,3.525416195918367,26.372856214285715,37.8428571857143,3.5595710948979598,0.0,0.0,0.0,0.0,1.819100022315979,1.8496999740600584,1.7977999448776243,1.837399959564209,0,64.52067316547432,0.0673596686362583,1.821900010108948,1.799399971961975,-0.000548752599192,0.0683029346212693,229.392,0.7594558623930991,2.651398193021781,0,0,0,0,4,16,0.8660254037844387,-0.4999999999999998,0.9350162426854148,-0.3546048870425354,19.549999237060547,0.0385866324856172,17.06499981880188,1.0,320.9937673285676,-0.8143311223122991,178.0500030517578,186.1999969482422,28.015712571428573,0.0142857142857155,26.043543165095983,71.06549584251752,344.43298300720073,309.9826411245598,8.612585470660232,326.8225067027422,41.17317460472712,0.2527017468621619,0.264529955426708,0.2397631726295065,1.0539639326220018,0.0787063551241715,0.0631107661666665,0.0571309406931342,1.377648265419643,2.659091530436332,0.0164518262992287,0.0323218500061098,0.1315508918420039,0.2456984296841174
2012-04-23 00:00:00+00:00,177.6999969482422,178.39999389648438,171.89999389648438,175.5500030517578,24279,34.98232567769544,0.3499077939321509,179.73749847412108,188.73299926757807,179.6179810322035,188.6029207548766,170.87207619336556,-3.7370439009795575,-4.089527422625767,0.3524835216462092,0.0171722956634554,0.0042384855209653,24.629999714285717,6.671428457142866,3.320517314285714,27.169285285714288,5.742857085714304,3.5768025581632656,0.0,0.0,0.0,0.0,1.845700025558472,1.8899999856948853,1.829699993133545,1.8717999458312988,0,69.73678653949418,0.0616584060974786,1.837399959564209,1.8180999755859373,0.0061141970525382,0.0693921863858238,229.392,0.7594558623930991,2.651398193021781,0,0,0,0,4,17,0.8660254037844387,-0.4999999999999998,0.8854560256532099,-0.4647231720437685,18.96999931335449,-0.0301164996558055,18.242499589920044,1.0,332.6188446619417,-0.1480361571392791,174.6999969482422,178.0500030517578,27.058571214285717,0.1000000000000088,26.116171689006844,66.85113205175603,346.5086397182374,312.4649888264032,8.510912722958544,329.14104188642204,59.693929979097966,0.2835390685887187,0.2861502240416642,0.2524695026538097,1.1230626050976382,0.0365785037232905,0.066042905267489,0.056437958803923,0.6481187133146428,0.6130449109241344,-0.0412676665912287,0.053027537773292,0.1105013261483403,0.4798814170183995
2012-04-30 00:00:00+00:00,177.9499969482422,184.25,174.6999969482422,178.4499969482422,435,49.72145278936119,0.3122943117028233,178.68999786376952,185.8249990844727,178.60299159546008,187.1785429945663,170.20145273297274,-2.755372868612397,-3.3353358300840568,0.5799629614716593,0.0014068655278187,0.0085009919294019,25.42285685714285,21.285714114285724,2.907547081632653,24.347857071428567,24.48571391428573,3.166623975510204,0.0,0.0,0.0,0.0,1.8773000240325928,1.8935999870300293,1.8610999584198,1.8860000371932983,0,83.10278740103698,0.0644091847650141,1.8717999458312988,1.8207999467849727,-0.0041052949649218,0.0643182595009869,229.392,0.7594558623930991,2.651398193021781,0,0,0,0,4,18,0.8660254037844387,-0.4999999999999998,0.8229838658936565,-0.5680647467311557,17.149999618530273,-0.1008605963817166,18.619999408721924,1.0,335.6137008629321,-1.169985358885279,177.6999969482422,174.6999969482422,26.983570000000004,0.4857142857142958,26.00208687496954,64.11787926869343,342.104222408221,314.7035851984476,6.850159302443366,331.7301054770261,43.54863392783029,0.2754990876976427,0.2504179344875087,0.2359763585311766,1.1674859199354293,0.053666778395818,0.061116305956666,0.0555286210765189,0.9664704019421032,0.0109794973661798,-0.1221243198365081,0.0527403031772879,0.11083539454184,0.4758434671240689
2012-05-07 00:00:00+00:00,174.14999389648438,182.8999938964844,173.39999389648438,176.0,89,51.51932321842182,0.2995156351942013,177.12749786376952,183.3329992675781,177.8649927986977,184.05429476680973,170.2007009607293,-2.2129790992894414,-2.4654079318641977,0.2524288325747563,-0.021354330525013,-0.0483606890902492,22.172856285714285,19.15714374285715,2.9244166857142853,25.351428142857145,45.57142865714288,2.818111259183673,0.0,0.0,0.0,0.0,1.9057999849319456,1.932600021362305,1.888100028038025,1.926900029182434,0,82.90117499538712,0.073868135837108,1.8860000371932983,1.8229000568389893,0.0011671747304073,0.0640418359356364,229.392,0.7594558623930991,2.651398193021781,0,1,0,1,5,19,0.4999999999999999,-0.8660254037844387,0.7485107481711013,-0.663122658240795,18.940000534057617,0.0992779645864557,18.65249967575073,1.0,335.56962832125646,-0.6427383893523692,177.9499969482422,177.6999969482422,25.94428478571428,2.671428585714302,25.96010889225261,62.92133406794824,345.0916552253603,317.30631536198865,6.946334965842904,333.26591461471827,80.95406991487484,0.2168483762626777,0.2442962098359793,0.2329942906111162,0.9307024922665936,0.0545506766175764,0.0591907673780459,0.0559222016075128,0.9754742355405674,0.0022717265760097,-0.1040325382966334,0.067979834296296,0.1053714278410353,0.6451447915027153
2012-05-14 00:00:00+00:00,177.39999389648438,179.25,172.89999389648438,173.75,109,42.29606470831745,0.2953656857801036,176.4849983215332,180.59999938964845,177.39212934613377,182.5165067287697,170.45348991429668,-1.4853512417202523,-1.998215686818188,0.5128644450979354,0.0186620735796971,-0.0100446600581008,22.094284714285717,4.971428857142863,2.687249746938776,22.694285642857142,22.028572971428588,2.9639024163265306,0.0,0.0,2.0,0.0,1.9187999963760376,1.9883999824523928,1.9012999534606927,1.9651999473571773,0,76.1322540754872,0.0935493340085181,1.926900029182434,1.826200008392334,0.0089139569959391,0.0795586034093899,230.085,0.3021029504080452,2.302739811298937,0,1,0,2,5,20,0.4999999999999999,-0.8660254037844387,0.6631226582407952,-0.7485107481711012,21.8700008392334,0.1438397571071306,19.232500076293945,1.0,348.6264586665347,0.5892927491858648,174.14999389648438,177.9499969482422,28.015713785714286,2.871428671428581,25.749410618098064,60.28309141655987,352.4102419529755,323.80407430335697,7.151541912404648,339.4101322354449,99.84101294417748,0.1561391474799676,0.2626170287072689,0.23992510450916,0.6507828403016411,0.0357948496166293,0.0518594326954971,0.0561981700523642,0.6369396586024045,0.0028673307123993,-0.1347150447564144,0.0475708440110192,0.1091884481961805,0.4356764881279663
2012-05-21 00:00:00+00:00,175.14999389648438,181.3500061035156,174.3000030517578,177.0500030517578,23455,32.96455636035631,0.2751883266657142,177.0449981689453,179.16299896240236,177.28190640426973,182.4376767347025,171.65231960318812,-0.9623273563512668,-1.3432894487652187,0.3809620924139518,-0.0126832022402035,-0.0143500455574039,19.844285142857142,27.328573142857152,1.846642871632653,22.647856642857143,12.242857714285732,2.422828257755102,0.0,0.0,0.0,0.0,1.992900013923645,2.044600009918213,1.9764000177383425,2.0220000743865967,0,80.07252524716526,0.1066820369013386,1.9651999473571773,1.8795000314712524,0.0067394952969998,0.1026024584820512,230.085,0.3021029504080452,2.302739811298937,0,1,0,3,5,21,0.4999999999999999,-0.8660254037844387,0.5680647467311558,-0.8229838658936564,22.01000022888184,0.0063810328749612,19.99250030517578,1.0,354.15330068750336,0.3718465792919348,177.39999389648438,174.14999389648438,24.801428,7.571428657142875,25.549310361630912,57.18372150028412,362.2828826219022,324.6986616472111,9.396055243672768,345.3073996162684,99.79617372834268,0.1205325420166882,0.2063955992088215,0.2326168091205884,0.5181591875959933,0.0402512320721199,0.0441684080850868,0.0557972433038373,0.7213837543747286,0.6102010632664137,-0.255437359909329,0.0543983914774034,0.1167633908936807,0.4658856376317445
2012-05-28 00:00:00+00:00,167.8000030517578,177.0,165.10000610351562,176.0,55435,35.40230965611927,0.2642176428760733,175.44249801635743,177.9819985961914,174.47866776811762,183.95164582631529,166.9333502063996,-2.603086300882552,-1.7758753938767715,-0.8272109070057803,-0.0557118405543242,-0.0394962450888228,22.058570714285715,4.842857228571435,2.1458113591836736,20.37999942857143,54.28571777142859,1.8057835220408165,0.0,0.0,0.0,0.0,2.032000064849853,2.1017000675201416,1.964100003242493,1.984699964523316,0,60.70848408843584,0.1577462583128076,2.0220000743865967,1.883800029754639,0.0070973858298018,0.103184202508086,230.085,0.3021029504080452,2.302739811298937,0,1,0,4,5,22,0.4999999999999999,-0.8660254037844387,0.464723172043769,-0.8854560256532096,21.76000022888184,-0.0114234734311546,21.145000457763672,1.0,333.03266010383606,0.4076356325721348,175.14999389648438,177.39999389648438,26.719285071428573,1.1142856857143024,25.215806430465783,56.996753517777314,363.19302530654335,322.4979985830219,10.173756680880365,340.39750381129545,46.75327597942042,0.268981211037579,0.2607271107796746,0.2455944722599806,1.0952249764017166,0.070917721573663,0.0510362516551613,0.0565146444946019,1.2548554389629485,1.4435521251604235,-0.1281585565860985,0.1338084658569652,0.1209784509276821,1.1060519767808297
2012-06-04 00:00:00+00:00,158.4499969482422,169.4499969482422,154.64999389648438,168.4499969482422,75996,13.346221161026037,0.235885554882709,171.26749649047852,175.937998046875,169.12070820541848,185.38766821174,157.14732476921705,-4.915892513104382,-3.3850614271667734,-1.5308310859376082,-0.055721131903863,-0.0909352026735709,24.85142757142857,6.742857257142864,2.548996683673469,22.604999,16.071428914285725,2.157176656122449,0.0,0.0,0.0,0.0,1.981899976730347,2.0420000553131104,1.9616999626159668,2.038800001144409,0,58.9327218901634,0.1973646476816797,1.984699964523316,1.9098000526428225,-0.0212864409040859,0.1992150176071567,230.085,0.3021029504080452,2.302739811298937,0,1,0,5,6,23,1.2246467991473532e-16,-1.0,0.3546048870425358,-0.9350162426854148,26.1200008392334,0.1826279040319368,22.940000534057617,2.0,323.0478539594078,-2.430747040816635,167.8000030517578,175.14999389648438,31.60857242857143,9.128571268571438,25.04736724140348,54.356409994971415,368.2416885751082,311.1884481335327,14.2633101103939,333.45764387054044,37.39988292197922,0.2820816589382673,0.2689612969024962,0.2475931810294587,1.1392948964606429,0.0934048806362062,0.058983872103239,0.0573336108119803,1.629146726011215,1.9004131115396408,0.1451426817057285,0.1403702485991129,0.1111127056155071,1.2633139944562968
2012-06-11 00:00:00+00:00,155.10000610351562,159.35000610351562,153.6999969482422,158.0,70314,10.297053875309402,0.211297510066588,166.26499710083007,173.45999786376953,163.8909952010552,184.1040444368556,148.42594976480456,-5.861903669904336,-4.954388605499443,-0.907515064404893,-0.0211422588150685,-0.1310924027814251,21.751428428571423,23.385713291428576,2.111630412244898,23.86928485714285,16.642856800000015,2.5733513510204085,0.0,0.0,0.0,0.0,2.0527000427246094,2.0578999519348145,2.0016000270843506,2.0220000743865967,0,48.18086805956164,0.1966886472077791,2.038800001144409,1.9520000219345093,0.0066435495033172,0.195900766678911,230.085,0.3021029504080452,2.302739811298937,0,1,0,6,6,24,1.2246467991473532e-16,-1.0,0.2393156642875576,-0.970941817426052,23.559999465942383,-0.1031510004227401,23.362500190734863,1.0,313.6122238786702,0.3622519999236748,158.4499969482422,167.8000030517578,28.46928385714286,58.69999981142858,24.97136192628989,51.923277530779714,365.7134400381594,296.2095792765493,17.375965190402525,325.5194758737924,11.997160195987178,0.2878759573149743,0.2438468513523999,0.2436522542262432,1.1815033126376662,0.0364281684908674,0.0553593704778972,0.0565576179936399,0.6440893966586421,1.741212712531328,0.2417788712770402,0.1560614697516898,0.1066951384539274,1.4626857173274337
2012-06-18 00:00:00+00:00,149.5500030517578,155.5,148.1999969482422,154.5,63810,12.17185404875093,0.1959435895074064,159.62999801635743,170.13499786376954,158.7652613439829,175.19829592670553,144.06170010600934,-6.3876596725257,-5.822157057509981,-0.5655026150157196,-0.0357833838385129,-0.1628882834532199,22.615713714285715,6.82857126285715,2.098007312244898,21.676428571428573,46.21428366857145,1.961572904081633,0.0,0.0,0.0,0.0,2.063699960708618,2.074199914932251,2.0302999019622803,2.0481998920440674,0,67.11408652496922,0.2012585396566126,2.0220000743865967,2.007699966430664,-0.0037515251156955,0.1938979162589953,229.815,-0.1173479366321172,1.704253774937592,0,1,0,7,6,25,1.2246467991473532e-16,-1.0,0.120536680255323,-0.992708874098054,18.31999969482422,-0.2515569935274879,22.44000005722046,1.0,306.3083001058003,-0.2578045749374328,155.10000610351562,158.4499969482422,25.040713142857147,121.49999858571432,24.75878558081497,51.55495534612112,342.19244350381683,295.8080755200403,11.59609199594414,317.8350055665956,0.0,0.1987843864507133,0.2277030931450043,0.2433085246151816,0.8170053991945331,0.0488131253947975,0.0579630256335308,0.0574054779332663,0.8503215833918629,1.5567781206920095,0.2322463155765394,0.1518517997940781,0.1017005115001726,1.4931270514067168
2012-06-25 00:00:00+00:00,158.6999969482422,159.14999389648438,148.5500030517578,149.6999969482422,20556,53.48189178253138,0.3096870574053397,156.01499862670897,167.7349981689453,157.66482303068716,164.81649570088098,147.21350155253697,-3.9812971078431474,-5.140335639151341,1.1590385313081937,0.0611835085908867,-0.0491311998089588,23.372856428571428,18.99999865714286,2.3584969469387755,22.390714214285715,10.142856668571442,2.2888374704081635,0.0,0.0,1.0,0.0,2.059999942779541,2.075400114059448,2.006700038909912,2.065999984741211,0,53.03660505951613,0.1713840071828786,2.0481998920440674,2.027400016784668,-0.0046761715170601,0.2020916722665862,229.815,-0.1173479366321172,1.704253774937592,0,1,0,8,6,26,1.2246467991473532e-16,-1.0,-3.216245299353273e-16,-1.0,20.3799991607666,0.1065606440273966,22.09499979019165,1.0,327.8741912734986,-0.3502692150738928,149.5500030517578,155.10000610351562,21.75142657142857,42.57142932857145,24.606006782974376,48.88320704434372,336.98390520415944,298.437379404529,9.636631449907616,321.8506798493568,44.6588921098863,0.3529361765630421,0.2821271778006746,0.2741583226689885,1.287344335396028,0.0667926342064367,0.0632713060603942,0.0587227133958555,1.1374239875794103,0.5320392118798972,0.1153654718297371,0.1293156335072161,0.0950263107569931,1.36084015962177
2012-07-02 00:00:00+00:00,174.3000030517578,174.3000030517578,157.35000610351562,159.0,459,69.03409008809058,0.3703337028155891,157.55999984741212,167.04599853515626,161.712353486259,171.12320962753336,143.99679006729087,0.5780381294249253,-2.30792196995856,2.8859600993834853,0.0982987170982956,0.1066666860429068,22.279999428571426,9.07142801428572,2.217135328571428,22.447856714285717,48.02856817142858,2.29961178877551,0.0,0.0,0.0,0.0,2.0601999759674072,2.0913000106811523,1.9809999465942385,2.008699893951416,0,37.12547647351008,0.1540192772635555,2.065999984741211,2.0253000259399414,0.0018409555433633,0.1469724661347778,229.815,-0.1173479366321172,1.704253774937592,0,1,0,9,7,27,-0.4999999999999997,-0.8660254037844388,-0.1205366802553228,-0.992708874098054,16.799999237060547,-0.1931751456191644,19.76499938964844,1.0,350.1163976457974,0.3014434909684472,158.6999969482422,149.5500030517578,25.99785542857143,67.68571402857145,24.466771294671883,48.828069052542745,363.07077644716856,285.8847800047147,19.296499110613468,333.15696696793304,72.35309137791654,0.3746535205829389,0.3097021584177672,0.2950480429419936,1.269805093940395,0.0972461081553104,0.0685369833767236,0.0606528481090198,1.6033227647824362,0.0134688631575201,0.0793028875613957,0.1527394364737906,0.1122275843760907,1.3609793324263808
2012-07-09 00:00:00+00:00,181.75,184.8000030517578,174.8000030517578,175.0,70,75.84268025506411,0.3981793378749216,162.19250030517577,167.16899871826172,167.5074768235872,184.3657724411997,140.0192281691518,4.11460000066981,0.975566026217456,3.1390339744523543,0.0684890857052331,0.1602298568878459,21.80857028571429,0.0571428571428601,2.675488026530612,23.051428428571427,0.1857142857142956,2.332588455102041,0.0,0.0,3.0,0.0,1.982300043106079,2.0390000343322754,1.975600004196167,2.027600049972534,0,43.60488246100948,0.1891376518642855,2.008699893951416,2.029599905014038,-0.0333406056457664,0.1870518778586187,229.815,-0.1173479366321172,1.704253774937592,0,1,0,10,7,28,-0.4999999999999997,-0.8660254037844388,-0.2393156642875574,-0.970941817426052,17.979999542236328,0.0678811625877208,18.369999408721924,1.0,368.5163090825081,-3.216712627944523,174.3000030517578,158.6999969482422,26.51214285714286,40.22857040000002,24.375458851697665,45.689852615973166,392.1764088701767,284.2311901836255,26.986304671637807,347.3007038137631,89.49256122803712,0.3519152134900503,0.3272211807413387,0.2866122572745728,1.227844212100376,0.0550206327372764,0.0608601337969377,0.0590549647521729,0.9316849760443257,0.0021744262620984,0.0413256741349508,0.1239507091990939,0.1099303367612879,1.1275385992209324
2012-07-30 00:00:00+00:00,178.35000610351562,185.4499969482422,173.0500030517578,184.3999938964844,62899,42.87600208711111,0.3662995259210893,180.30749969482423,168.36799896240234,177.0559662725171,188.9684379325581,171.64656145709034,2.470993909908429,3.870955791336395,-1.3999618814279655,-0.0364667735139084,0.0941718165859855,25.01571357142857,1.9000000000000008,3.180166302040816,24.71928457142857,25.542857228571435,2.667760547959184,0.0,0.0,6.0,6.0,2.0364999771118164,2.0471999645233154,2.0018999576568604,2.020900011062622,0,44.32436194177955,0.138396568122195,2.022900104522705,2.0768001079559326,0.005800642520501,0.1478264706857331,229.478,-0.1466396884450493,1.6639937622385137,0,1,0,13,7,31,-0.4999999999999997,-0.8660254037844388,-0.5680647467311556,-0.8229838658936566,18.030000686645508,-0.0321992416218057,17.9350004196167,1.0,360.42752930761344,0.7267039404951493,185.1000061035156,182.5500030517578,24.455,109.47142382857145,24.132990299262868,39.51194707412013,381.0234808583241,356.6224198201585,6.1002652595414,362.6081972966634,63.449167757364,0.295649403633591,0.3335498199330047,0.2709693022287442,1.0910807618835174,0.069526175902048,0.0685702115749896,0.0597801729717843,1.163030496826411,1.700818785557764,0.0337123353470035,0.1054558888410795,0.1029521994359509,1.0243188506477476
2012-08-06 00:00:00+00:00,175.5,178.64999389648438,170.60000610351562,178.10000610351562,62104,43.31211231073299,0.3261395391051779,179.23999938964843,168.54399932861327,175.863027537631,189.32013040112216,169.1598683781747,0.6399589298658839,1.96696602544475,-1.3270070955788662,-0.0159798486458221,-0.0022739847092875,23.301428,0.0,3.13838902244898,24.81928385714286,0.0,3.2605869275510204,0.0,0.0,7.0,13.0,2.04040002822876,2.05679988861084,2.0085999965667725,2.0269999504089355,0,47.80182467743364,0.0821684956214642,2.020900011062622,2.018699884414673,0.0003958892937574,0.0922318693170302,229.478,-0.1466396884450493,1.6639937622385137,0,1,0,14,8,32,-0.8660254037844385,-0.5000000000000004,-0.663122658240795,-0.7485107481711013,15.949999809265137,-0.1225782580261704,17.4275004863739,1.0,355.7384912967682,0.1862286178207892,178.35000610351562,185.1000061035156,25.415714214285718,109.61428288571432,24.177267302997063,36.96278919837045,383.5888444953154,347.6681472902972,8.980174301254559,359.86031489670535,24.05291951611873,0.2372155685173712,0.2967585515971785,0.2725246839683841,0.870436968713341,0.0458688763132122,0.0582947652065699,0.060977726376486,0.7522233365635397,1.5493405747654498,-0.0017210500288514,0.0448033333682967,0.1030498677968376,0.4347732799511539
2012-08-13 00:00:00+00:00,164.10000610351562,176.1999969482422,162.9499969482422,175.5,88098,31.36294050586924,0.3072943631482893,175.50749969482422,169.0279995727539,172.59721327519034,188.5766381507169,162.43836123893152,-1.8093590195144031,0.007791389683412,-1.8171504091978152,-0.0649572301793981,-0.1103279543584752,23.50857085714286,0.0,3.4380343530612243,24.74071328571429,0.0,3.135269282653061,0.0,0.0,7.0,20.0,2.0285000801086426,2.0332999229431152,1.9953999519348145,2.0139000415802,0,41.31272069842883,0.0869105515570254,2.0269999504089355,2.0367000102996826,-0.0105021211009303,0.086880073285447,229.104,-0.1629785861825494,1.4084507042253502,0,1,0,15,8,33,-0.8660254037844385,-0.5000000000000004,-0.7485107481711011,-0.6631226582407952,13.699999809265137,-0.1520629983607285,16.575000286102295,0.0,330.4810091151812,-0.8872335239104805,175.5,178.35000610351562,25.02285671428572,186.4571403714286,24.213618656720755,34.57809312105623,391.9458386184213,318.5970870883377,18.33718788252092,348.10859258409573,5.44163657325052,0.2499645103258982,0.3409751538422974,0.2990295939346739,0.8359189425957488,0.0807434461132304,0.0634393278817607,0.0610999099346509,1.3214983947538583,2.14302655248232,0.0301859102915123,0.0388329180866666,0.1049872948848496,0.3698820360162472
2012-08-20 00:00:00+00:00,161.1999969482422,165.75,157.39999389648438,164.89999389648438,40190,24.615405381771737,0.2817613737386889,169.6525001525879,169.47799987792968,168.0165553841434,182.07690164422743,157.22809866094835,-3.754429402753175,-2.231449532773751,-1.522979869979424,-0.0176722062608827,-0.1377373651796795,23.129999714285717,0.0,3.3631279224489794,23.61571328571429,0.0,3.5629414102040817,0.0,0.0,7.0,27.0,2.01990008354187,2.028599977493286,1.995700001716613,2.01449990272522,0,36.83677863386573,0.0854820819682825,2.0139000415802,2.011199951171875,-0.0015877225164585,0.0871390091598684,229.104,-0.1629785861825494,1.4084507042253502,0,1,0,16,8,34,-0.8660254037844385,-0.5000000000000004,-0.8229838658936564,-0.5680647467311559,14.020000457763672,0.0230890953453783,15.425000190734863,0.0,324.73737817153966,0.0042063345366993,164.10000610351562,175.5,26.20857135714285,131.98570242857144,24.175044116655823,32.34724840356873,378.5512218427707,307.1409821027805,17.852559934997558,338.7601068190733,0.0,0.2200234976928818,0.3354994931565844,0.2886326818601225,0.7622958309916945,0.0517990462878025,0.0614189641863206,0.0604809437735071,0.8564522061239778,1.036377655088917,0.0217049016991579,0.031673652979048,0.1050959341648034,0.3013784521444503
2012-08-27 00:00:00+00:00,167.0500030517578,167.4499969482422,157.60000610351562,161.75,13882,39.43397345429817,0.213768915979055,166.2349998474121,170.44699981689453,165.7426323284121,177.94186142432252,154.52813827050167,-3.149583647758021,-3.1967652938808904,0.0471816461228691,0.0362903611306761,-0.0382843639223891,24.615714,0.0,3.7418680204081634,23.062142,0.0,3.337792602040816,0.0,0.0,7.0,34.0,2.0143001079559326,2.029400110244751,1.9967000484466555,2.023099899291992,0,44.96250233526391,0.0752517203988881,2.01449990272522,2.0201001167297363,-0.0002978457326683,0.0830467799586851,229.104,-0.1629785861825494,1.4084507042253502,0,1,0,17,8,35,-0.8660254037844385,-0.5000000000000004,-0.8854560256532096,-0.4647231720437691,16.350000381469727,0.1537430064175391,15.005000114440918,1.0,337.9588443507382,0.1331940129157194,161.1999969482422,164.10000610351562,27.469285142857142,108.97142828571432,24.103243980097385,30.260329151725585,364.1785117496987,310.2793497174149,13.474790508070951,338.43960183173937,27.03134123326205,0.2983762938413177,0.3371476604058087,0.2858664495917453,1.043761112329995,0.058964326038801,0.0613803741310188,0.0598065839239785,0.9859168056577822,0.375408346494068,-0.0262513624820759,0.0302381243905928,0.1044345995341462,0.2895412213008379
2012-09-03 00:00:00+00:00,164.5500030517578,168.60000610351562,162.5,166.5,176,50.90179760177063,0.2127465548807252,164.5974998474121,171.3879995727539,165.58556337973454,173.6563397650416,155.53865992978265,-2.025787625113906,-2.618552460384685,0.5927648352707782,0.0119926007075348,-0.0413631872833523,26.322856285714288,0.0,3.9785047142857146,25.17285685714285,0.0,3.881024313265306,0.0,0.0,7.0,41.0,2.0309998989105225,2.052900075912476,2.0106000900268555,2.0276999473571777,0,55.23554817690448,0.0579753174524281,2.023099899291992,2.0483999252319336,0.0001482639624528,0.0728297327623356,229.104,-0.1629785861825494,1.4084507042253502,1,1,1,18,9,36,-1.0,-1.8369701987210292e-16,-0.9350162426854148,-0.3546048870425359,17.469999313354492,0.0662571641669555,15.384999990463257,1.0,333.65803252567275,0.1778049824278294,167.0500030517578,161.1999969482422,23.540713142857147,236.1857153428572,24.172251262487418,28.30804985161426,342.8425937519686,320.5750383295973,5.566888855592812,336.5269741093128,27.247613720803077,0.2899758506598903,0.3054178299960743,0.2861650397236407,1.0133167937172265,0.0370708355538402,0.0548893060613773,0.057724807945462,0.6421992632157715,0.0055205467850639,0.0387494022163631,0.0306491045730705,0.1043876548248167,0.2936084893220465
2012-09-10 00:00:00+00:00,173.39999389648438,173.5,157.10000610351562,164.4499969482422,58,65.17412670944948,0.2451866755010607,162.99749908447265,171.63999938964844,165.07597783150928,170.35487728770156,155.64012088124375,-1.1963218094399224,-2.107054762651993,0.9107329532120704,0.0537829880315643,0.0417542629958911,28.137142285714283,0.0,4.659551408163265,27.84428385714286,0.0,4.18846751122449,0.0,0.0,7.0,48.0,2.028599977493286,2.040499925613404,1.992300033569336,2.0253000259399414,0,56.892188643731046,0.0532918252121141,2.0276999473571777,2.0171000957489014,-0.0087401581385524,0.0513402856548222,229.104,-0.1629785861825494,1.4084507042253502,1,0,2,0,9,37,-1.0,-1.8369701987210292e-16,-0.970941817426052,-0.2393156642875577,16.280000686645508,-0.0705476820900637,16.03000020980835,1.0,351.1870121365355,-0.7110372276726906,164.5500030517578,167.0500030517578,25.70142678571429,210.9857238,24.409156591174867,26.481724054735924,358.9058746942771,314.86475889796594,11.010278949077785,342.3909893202019,75.37818309213617,0.3619290497350508,0.2893230999013528,0.2922376275362497,1.2384751423065978,0.094578976203856,0.064631326039506,0.0606248315694902,1.5600696637771223,0.0018911080425884,0.0540225863802475,0.0294452526824147,0.102166151214418,0.2882094455973293
2012-09-17 00:00:00+00:00,175.0500030517578,182.6499938964844,174.1999969482422,176.6999969482422,66,59.25925664286955,0.3328567095759033,167.0249984741211,171.82199920654296,170.05593295447886,181.6195377327604,152.4304592154818,2.424523911296774,0.4308380096071893,1.9936859016895845,0.0095156240677751,0.1019829797027855,30.465713571428573,0.1142857142857173,5.081591842857143,28.854999071428573,0.0571428571428586,4.818620830612245,4.0,0.0,3.0,0.0,2.0192999839782715,2.0302999019622803,1.9931999444961548,2.009299993515014,0,38.709709431565294,0.0578370976097444,2.0253000259399414,2.0151000022888184,0.000148102888218,0.0549269717170325,230.379,0.5565158181437102,1.692378997550148,1,0,3,0,9,38,-1.0,-1.8369701987210292e-16,-0.992708874098054,-0.1205366802553235,14.59000015258789,-0.109601029758553,16.172500133514404,0.0,351.7279699967002,-0.5417055293219102,173.39999389648438,164.5500030517578,26.62285664285714,121.04285151428574,24.69598513828801,24.77691236456863,362.04628084149766,325.2196486633257,9.206658044542996,346.12578159080124,87.91642563511918,0.2255005101747328,0.2594480305015408,0.2920483806658818,0.7721340619634395,0.0482719040327224,0.0581370176234044,0.0603550878513355,0.7997982896428072,0.002153245855001,0.1095097578069228,0.0335643288921125,0.1037065738284038,0.3236470400726834
2012-09-24 00:00:00+00:00,172.3000030517578,179.10000610351562,167.64999389648438,172.0,68001,57.02088195805888,0.3712958631736006,170.1424987792969,170.8659994506836,171.2107853326568,183.47099242374435,156.81400513484942,1.8141831045121533,1.5697711000416277,0.244412004470526,-0.0157097969269208,0.0751950268440424,27.88714271428572,5.442857142857148,5.219141475510204,28.426428,3.2000000000000104,5.117557987755101,2.0,0.0,0.0,0.0,2.0302999019622803,2.0311999320983887,2.0034000873565674,2.0188000202178955,0,44.94845715577884,0.0724684838328559,2.009299993515014,2.0227999687194824,-0.0044195862523211,0.0605741390378701,230.379,0.5565158181437102,1.692378997550148,1,0,4,0,9,39,-1.0,-1.8369701987210292e-16,-1.0,-1.8369701987210292e-16,14.149999618530272,-0.0306217758628279,15.62249994277954,0.0,347.83924964443213,-0.9984744433758204,175.0500030517578,173.39999389648438,26.644285071428573,136.1285707428572,24.936658871301688,23.3848535023384,363.04922572399465,329.15690642767566,8.473079824079738,346.8111688122536,68.81303283349175,0.2151182677194275,0.2573162645901244,0.292839512111206,0.7345943818257437,0.0664539292178174,0.0610679942094074,0.0609502504813475,1.0902977065726276,1.9972684818039776,0.0149211583312118,0.0376353946790732,0.0990351891729998,0.3800203866236466
2012-10-01 00:00:00+00:00,178.0500030517578,178.9499969482422,169.0,172.4499969482422,54142,50.9501225958794,0.390346183231693,172.152498626709,169.8479995727539,172.33170289866317,184.76254208612005,159.54245516729793,1.750351043524006,1.5655271405325135,0.1848239029914922,0.0333720249457729,0.0923313070659987,23.608571285714284,21.828571000000007,4.127753085714287,24.73357057142857,22.257142714285724,4.995286569387756,0.0,0.0,0.0,0.0,2.0234999656677246,2.03410005569458,2.006700038909912,2.022599935531616,0,51.72052019600577,0.0685379031275319,2.0188000202178955,2.0455000400543213,0.0003467992507702,0.072229100329363,230.379,0.5565158181437102,1.692378997550148,1,0,5,0,10,40,-0.8660254037844386,0.5000000000000001,-0.992708874098054,0.1205366802553232,16.31999969482422,0.1426767337062095,15.335000038146973,1.0,360.1239246938894,-0.5218358930666902,172.3000030517578,175.0500030517578,25.50499857142857,100.67142335428574,24.92355640034213,23.312097967625323,363.1741393413033,342.26493889447534,5.227300111706992,352.13627116490795,88.64386137085883,0.2074129770827747,0.2731573482524507,0.2917130349216551,0.7110171474795695,0.0558831607846128,0.0604517611585697,0.0619546660397467,0.9020006940034884,1.473305822118235,-0.0679683569579719,0.035187249237794,0.0945575102537692,0.3721253385596417
2012-10-08 00:00:00+00:00,169.10000610351562,185.4499969482422,166.35000610351562,178.10000610351562,89424,42.08015878470067,0.4052173691192173,175.03250045776366,169.69499969482422,173.2084851225881,183.6327586791091,166.43224223641823,1.0921610876035572,1.789597676767953,-0.6974365891643954,-0.0502667609932053,0.0393362586067496,29.63714157142857,0.7142856428571437,5.356717104081633,24.24785685714286,30.68571342857144,4.383132332653061,2.0,0.0,6.0,6.0,2.0230000019073486,2.030400037765503,1.9974000453948968,1.9974000453948968,0,26.92858146020471,0.0626380782559465,2.022599935531616,2.025000095367432,-0.0021730623926943,0.0630253937303858,230.379,0.5565158181437102,1.692378997550148,1,0,6,0,10,41,-0.8660254037844386,0.5000000000000001,-0.970941817426052,0.2393156642875573,15.109999656677246,-0.0770345772733752,15.042499780654907,1.0,337.76035986743943,-0.7738220574131403,178.0500030517578,172.3000030517578,26.57642771428571,40.32857172571431,24.87996288142605,23.78781509413798,367.92210220126674,330.80364989996394,9.279613075325695,346.38590664592056,32.82066583134805,0.323148671144331,0.2973212312908021,0.3090393761863128,1.045655296990242,0.1129508583993449,0.0756277657276707,0.0655896473561079,1.7220833733906755,2.2329706770272426,-0.0404550303545894,0.051237847987534,0.0851017211080068,0.6020776231038775
2012-10-15 00:00:00+00:00,160.85000610351562,170.0,159.5,168.5,73717,36.29551090824141,0.3616781771391948,171.19750061035157,168.47999969482422,168.8755076135224,184.2903841792665,158.1046170414366,-2.2040688464142306,-0.3015630415789881,-1.9025058048352423,-0.0487876978250947,-0.1103429016122918,26.92285657142857,8.042857228571432,5.723181108163266,28.283569571428576,4.471428614285715,5.571164218367348,2.0,0.0,3.0,0.0,2.028700113296509,2.042200088500977,2.0183000564575195,2.041899919509888,0,59.62336991897296,0.0857016564574411,1.9974000453948968,2.018199920654297,-0.0093185597846828,0.0674716500987786,231.407,0.4462212267611232,1.9912820806649911,1,0,7,0,10,42,-0.8660254037844386,0.5000000000000001,-0.9350162426854148,0.3546048870425355,15.270000457763672,0.010533395645426,15.212499856948853,1.0,328.4396145159336,-1.3780772052294032,169.10000610351562,178.0500030517578,23.647857142857134,127.17143260000002,25.09955040981331,22.54159661156687,370.7421593298458,316.33941503100147,13.60068607471108,339.20738979392576,25.6691684247248,0.2631580674632803,0.3011445527645353,0.2959419949098675,0.889221749860849,0.0652782070349607,0.0697676118938916,0.0653076716291728,0.9995486810513436,1.7996787203495506,-0.0274112132951012,0.0966170890932887,0.0867887750734829,1.1132439405792385
2012-10-22 00:00:00+00:00,164.5,165.6999969482422,157.14999389648438,161.5,58336,25.290310996023635,0.3348633960648067,168.35000076293946,167.63399993896485,166.1271211503305,183.21964381301888,153.48035771286004,-2.750672724742373,-1.9735472586173948,-0.7771254661249778,0.0226919102143856,-0.0507790126762409,27.41571357142857,29.185714671428578,4.734015720408164,23.05499907142857,34.68571467142858,5.540540843877552,0.0,0.0,0.0,0.0,2.0355000495910645,2.0360000133514404,2.008500099182129,2.026000022888184,0,51.651993078512895,0.074076428910121,2.041899919509888,2.0181000232696533,0.0013722069759356,0.0829319205158842,231.407,0.4462212267611232,1.9912820806649911,1,0,8,0,10,43,-0.8660254037844386,0.5000000000000001,-0.8854560256532101,0.464723172043768,16.6200008392334,0.0847166907141767,15.830000162124634,1.0,333.27700376510626,-0.3090005291675631,160.85000610351562,169.10000610351562,27.07642857142857,46.58571148571429,24.96764387185301,23.325088099299887,367.9190218847819,311.88142953640244,14.009398087094862,336.835235382398,35.081614814155174,0.275881958803324,0.2534318894342494,0.2924451778282804,0.9433629626530832,0.0519757024422967,0.0705083715758065,0.0632362127194773,0.8219292710266154,1.455554391164909,-0.1203425832954774,0.0964707713881177,0.0763224281655703,1.2639896432401516
2012-10-29 00:00:00+00:00,157.75,164.10000610351562,156.89999389648438,164.10000610351562,40620,31.89790280314152,0.3205793735012568,165.7750015258789,167.46399993896483,164.02200773047755,181.1451872905857,150.4048157611721,-3.057656989004073,-2.5407819411547323,-0.5168750478493407,-0.0241261617305214,-0.0949512493516328,31.15857157142857,32.728571557142864,5.114195336734694,28.99071407142857,54.92857220000001,4.639984615306122,5.0,0.0,0.0,0.0,2.0230000019073486,2.04229998588562,2.004899978637696,2.0251998901367188,0,45.35778656126493,0.0725036960148657,2.026000022888184,2.0269999504089355,0.0,0.0737786577104993,231.407,0.4462212267611232,1.9912820806649911,1,0,9,0,10,44,-0.8660254037844386,0.5000000000000001,-0.822983865893657,0.5680647467311548,17.809999465942383,0.0691532273924874,16.202500104904175,1.0,319.4752826690674,-0.4462212267611232,164.5,160.85000610351562,28.212142857142855,25.342855828571444,25.22719678795466,25.364022557409573,345.3965869462405,314.0795434625328,7.829260870926921,329.8912542970658,9.612600254280622,0.2941013627027864,0.2695806896736091,0.296818011709397,0.9908473919778688,0.045641915733954,0.0663459688790338,0.0636969000816317,0.7165483486633963,1.0525088421622677,-0.0898959944974296,0.0957678320557586,0.0751215883758014,1.2748375184547174
2012-11-05 00:00:00+00:00,150.89999389648438,158.85000610351562,150.8000030517578,157.0500030517578,59284,32.802531211291125,0.2688334661586443,160.57000045776368,166.9159997558594,160.48375818333983,169.86473522703616,151.2752656884912,-4.234836337963685,-3.339219724545454,-0.8956166134182313,-0.0627329571646932,-0.1665286310249565,29.59428642857143,12.700000157142862,5.45237885510204,31.419287,52.17142862857144,5.319031152040815,3.0,0.0,0.0,0.0,2.030800104141236,2.0383999347686768,2.0083000659942627,2.0288000106811523,0,38.2455788117586,0.0694858388353639,2.0251998901367188,2.0160999298095703,0.0005926903078219,0.0714049609419494,231.407,0.4462212267611232,1.9912820806649911,1,0,10,0,11,45,-0.5000000000000004,0.8660254037844384,-0.7485107481711011,0.6631226582407952,18.420000076293945,0.0336769676538895,17.03000020980835,1.0,306.1459092289733,-0.3869521959789332,157.75,164.5,28.57999992857143,6.557143142857158,25.62668647905436,27.09353262651679,345.6743691265445,297.9945359629957,11.919958290887203,320.39311626982885,11.71586234546558,0.2114210148320065,0.2616742615534438,0.3026532009347664,0.6985586380498571,0.0533466095252463,0.0658386586271605,0.0639235742881541,0.8345372075003025,1.5451740027936507,-0.0127497084104622,0.0957507416606036,0.0720154177182526,1.3295865163116325
2012-11-12 00:00:00+00:00,153.0500030517578,154.39999389648438,149.60000610351562,151.0,106123,34.13285285961628,0.2202360251289941,157.04249954223633,165.5579995727539,156.87000758830575,166.70002110939768,147.38497797507495,-4.428444256011517,-4.154032078154262,-0.274412177857255,0.0142479075032191,-0.0636279846476695,25.194285,41.342857300000006,3.750036840816326,26.237142857142857,49.17142895714287,4.811201470408163,0.0,0.0,0.0,0.0,2.034199953079224,2.0617001056671143,2.0127999782562256,2.0445001125335693,0,75.6563598912036,0.0279768088617371,2.0288000106811523,2.039099931716919,-0.0003449705305304,0.0612136145795345,231.407,0.4462212267611232,1.9912820806649911,1,0,11,0,11,46,-0.5000000000000004,0.8660254037844384,-0.6631226582407955,0.7485107481711007,16.68000030517578,-0.099226619742558,17.382500171661377,1.0,312.910748462582,-0.4807182798141632,150.89999389648438,157.75,26.647856642857143,21.014285085714302,25.666070761511687,28.51791303494428,341.1031647852972,294.8013072775673,11.57546437693248,317.4001691469301,29.95412626258725,0.2255035192387192,0.2712037053795533,0.282734016384866,0.7975818196418889,0.0313622195181891,0.0495209308509294,0.0621520535537417,0.5046046378021031,2.4884894203492536,-0.0445038489495962,0.0806803020349035,0.0717032525759576,1.1251970849922797
2012-11-19 00:00:00+00:00,151.39999389648438,153.0,144.5,153.0,57821,39.7415026489668,0.2811058935155223,153.839998626709,164.1699996948242,153.5703415611379,164.57040919137012,143.10958806204786,-4.308094985209976,-4.456215377102083,0.1481203918921068,-0.0107808501951839,-0.0625387374830689,24.944285142857144,46.35714502857143,3.261466165306122,23.72642857142857,105.6000009,3.390563537755102,0.0,0.0,0.0,0.0,2.049299955368042,2.094799995422364,2.040800094604492,2.0806000232696533,0,86.92419148566785,0.030688284288294,2.0445001125335693,2.026000022888184,0.0035770125694784,0.0295399945698958,231.317,-0.038892514055322,2.1623435988711304,1,0,12,0,11,47,-0.5000000000000004,0.8660254037844384,-0.5680647467311559,0.8229838658936564,15.239999771118164,-0.0902868799865037,17.03749990463257,1.0,315.0028308240508,0.396593771003162,153.0500030517578,150.89999389648438,25.17642807142857,93.71428408571433,25.540932555699875,33.49095096172207,324.4795336050044,302.2878519873323,5.54792040441801,316.4412338177784,24.610752542695263,0.2278066908754597,0.2328311252675409,0.258920449591449,0.8798327147839775,0.056142670691332,0.0476938235822036,0.0600968816805428,0.934202570571698,1.2704100857652,-0.0029899970479636,0.0683817381627513,0.0605011159340977,1.1302556292462675
2012-11-26 00:00:00+00:00,139.89999389648438,151.0,132.25,150.64999389648438,13225,34.374991872089666,0.3261034037887377,150.0299980163574,161.77199981689452,149.90789801331627,160.41031395801838,139.64968207469644,-5.137858754498296,-4.689648700749102,-0.448210053749194,-0.0502376714321808,-0.1302456413557658,26.82285657142857,37.80000135714286,4.456767263265307,25.50142857142857,59.87143308571429,3.8443791653061226,0.0,0.0,0.0,0.0,2.0731000900268555,2.1136999130249023,2.0560998916625977,2.0801000595092773,0,70.99723191089734,0.0439221064283982,2.0806000232696533,2.0239999294281006,0.0076229437773111,0.0367043354633451,231.317,-0.038892514055322,2.1623435988711304,1,0,13,0,11,48,-0.5000000000000004,0.8660254037844384,-0.4647231720437684,0.88545602565321,15.5,0.016916488685194,16.460000038146973,1.0,291.0059856294247,0.801186891786432,151.39999389648438,153.0500030517578,26.376427928571427,45.871429064285735,25.53838391155334,35.19291755036673,327.9725076008742,284.56022947164115,10.853069532308254,306.2671345424369,19.17782452862076,0.2957147195964048,0.2766828890203706,0.2663480075580794,1.1102568823585168,0.1340243089207967,0.0641035448779036,0.0640470654897188,2.092590612389647,0.2864327267528629,0.0718920824962845,0.0547115372377833,0.0591636126661359,0.9247496142439424
2012-12-03 00:00:00+00:00,141.6999969482422,148.14999389648438,137.10000610351562,137.14999389648438,160,35.93554774358866,0.3457947028660218,146.6724983215332,158.33699981689452,147.14448644084703,155.03906481185862,138.30593183120777,-4.464928163574399,-4.68947748054652,0.2245493169721211,0.0128663554702488,-0.0765721748692064,27.17285685714285,80.32857514285716,4.144167789795918,25.576428428571425,123.87143322857143,4.59151127857143,0.0,0.0,0.0,0.0,2.081700086593628,2.140300035476685,2.067899942398072,2.1338999271392822,0,80.69660331916896,0.0664734346849093,2.0801000595092773,2.0295000076293945,-0.0110915867884714,0.0622781269497546,231.317,-0.038892514055322,2.1623435988711304,1,0,14,0,12,49,-2.4492935982947064e-16,1.0,-0.3546048870425359,0.9350162426854148,16.639999389648438,0.0709693747880794,16.014999866485596,1.0,302.3736131634905,-1.070266164791818,139.89999389648438,151.39999389648438,25.68357,58.2571427357143,25.54083839652225,40.914112110250905,327.3822710559954,283.2643179837786,11.029488268054203,304.7097259908584,45.7347612810852,0.3510564733093003,0.30616603665184,0.2765828074283439,1.2692634942886531,0.0779815669086069,0.0705714751128342,0.064851100596899,1.2024708010526464,0.0034650297288715,-0.1476172749598543,0.0785268634281325,0.0708399542868327,1.108510770984798
2012-12-10 00:00:00+00:00,138.10000610351562,142.25,137.35000610351562,138.89999389648438,42,32.313834536181204,0.3706157854932995,143.85250015258788,155.14300018310547,144.16929234392163,152.5210414427816,135.18395886239415,-4.24735602509918,-4.502479698582822,0.2551236734836424,-0.0254057228105764,-0.0878466864540447,28.737142142857145,29.557142471428588,4.90581337755102,26.551427714285715,113.91428988571433,4.199609645918367,0.0,0.0,0.0,0.0,2.11929988861084,2.12310004234314,2.058900117874145,2.073499917984009,0,48.86849653454735,0.1022273444463131,2.1338999271392822,2.0371999740600586,0.0181114013368497,0.0847207716583266,231.317,-0.038892514055322,2.1623435988711304,0,0,0,0,12,50,-2.4492935982947064e-16,1.0,-0.2393156642875578,0.970941817426052,16.049999237060547,-0.0361005966724251,15.857499599456789,1.0,286.3503513292308,1.850032647740292,141.6999969482422,139.89999389648438,26.372856214285715,37.8428571857143,25.606037707345703,45.62380099899048,324.2693445203176,273.09704595278083,12.793074641884177,297.3659761262074,25.16783091190524,0.3666324641126952,0.291345253527236,0.28373282507027,1.2921749575508037,0.0354814893549786,0.0669984510787807,0.0636673112488825,0.5572951501489695,0.0009455540946992,-0.0393671650209488,0.1507168232906622,0.08571548108544,1.7583382114725312
2012-12-17 00:00:00+00:00,137.9499969482422,141.25,135.25,141.14999389648438,34,47.39801923081876,0.3634903658922418,141.19499893188475,151.12999969482422,141.6810552724862,148.64439754596904,133.74560031780047,-3.907908444256748,-4.169751156076166,0.2618427118194182,-0.001086235688947,-0.0741610943070993,27.001427714285715,61.95714112857144,4.237178365306122,28.64428542857143,69.44285578571431,4.804175297959183,0.0,0.0,0.0,0.0,2.076299905776977,2.095099925994873,2.052900075912476,2.085099935531616,0,51.39497675330495,0.1103466277563943,2.073499917984009,2.0648000240325928,-0.0012049922098185,0.1106630480516087,230.221,-0.473808669488196,1.764133846085847,0,0,0,0,12,51,-2.4492935982947064e-16,1.0,-0.1205366802553236,0.992708874098054,16.34000015258789,0.0179072967293056,16.13249969482422,1.0,287.63952974336644,0.353309448506346,138.10000610351562,141.6999969482422,27.169285285714288,5.742857085714304,25.802053689360267,47.16051421103718,306.42239084825104,277.2623490845052,7.290010440936461,293.47539757307106,24.02723552480532,0.3487864348751431,0.2769538507817192,0.2818855171133196,1.2373336029236044,0.0434940205344923,0.0694248112820413,0.0623657034805047,0.6974027571750367,0.0008237401923431,0.1610920799031103,0.1502571603765974,0.0859030352762151,1.7491482390811202
2012-12-24 00:00:00+00:00,147.0,147.9499969482422,133.5,133.5,41753,61.42011936896103,0.422338881835208,140.84249954223634,148.6089993286133,142.41535324349482,148.43454927080052,133.25044981367216,-1.425913934232824,-3.007433497343315,1.5815195631104912,0.0656035030950621,0.0341189329001834,29.058571285714287,53.71428426857144,4.41558561632653,27.33356971428572,143.74285289428573,3.945672877551021,1.0,0.0,0.0,0.0,2.094500064849853,2.1059999465942383,2.0436999797821045,2.056299924850464,0,23.34457962027105,0.110042042147444,2.085099935531616,2.103300094604492,0.0003836975810253,0.1090955058701145,230.221,-0.473808669488196,1.764133846085847,0,0,0,0,12,52,-2.4492935982947064e-16,1.0,6.432490598706546e-16,1.0,17.84000015258789,0.0878270369348351,16.71749973297119,1.0,302.2760889530182,0.512178427590726,137.9499969482422,138.10000610351562,24.347857071428567,24.48571391428573,25.90086117483933,53.3916328357629,312.39279939816635,276.9269921963866,8.86645180044494,296.99567412505,63.00898073809571,0.4087962337463726,0.311990466421793,0.2984398864764521,1.3697774277931636,0.0982992989676339,0.0778561369373017,0.0649872246132257,1.5125939663791863,1.0371457811690123,0.4706990469471265,0.1474987165952194,0.0893843575177286,1.6501623347725125
2012-12-31 00:00:00+00:00,143.8000030517578,149.25,141.25,147.0500030517578,28603,57.2519095824874,0.4247218719544899,141.55,147.4239993286133,143.7720212163418,150.3602818960227,132.7397181039773,-0.1120309355681854,-1.398140358839704,1.2861094232715184,-0.0190996107447684,-0.0160793085382612,29.094285000000003,16.95714255428573,5.320433463265306,29.469285714285714,70.9857128514286,4.896575147959183,3.0,0.0,0.0,0.0,2.075200080871582,2.0852999687194824,2.0223000049591064,2.045099973678589,0,37.9550680074242,0.1122482254535283,2.056299924850464,2.095599889755249,-0.0063021402503213,0.1062571694615045,230.221,-0.473808669488196,1.764133846085847,0,0,0,0,12,1,-2.4492935982947064e-16,1.0,0.120536680255323,0.992708874098054,18.020000457763672,0.0100391418782849,17.0625,1.0,294.0853824561309,-0.1564053555439339,147.0,137.9499969482422,25.351428142857145,45.57142865714288,26.13108211286813,54.52673477225746,307.1707889191174,278.00488732175575,7.291475399340417,295.83155745748235,39.6757705242473,0.3153355286364471,0.3088717200920199,0.2793811667175492,1.1286928215469838,0.0556328221851328,0.0621778395901689,0.0637316934168209,0.8729222538001312,0.7671892036148613,0.5099694450035546,0.1474891399139636,0.0891739290855833,1.6539489163130177
2013-01-07 00:00:00+00:00,150.39999389648438,151.9499969482422,142.60000610351562,145.0,66264,66.00986184398442,0.4291528819759321,143.27749938964843,146.37199920654297,145.32121792072363,153.37624784841302,133.17875093088384,0.9055088349236656,-0.2167718708467023,1.122280705770368,0.0241742434145104,0.0773638060227619,28.68714271428572,17.5714275857143,4.930855948979592,27.944285642857142,35.24285614285717,5.171767851020407,1.0,0.0,0.0,0.0,2.0506999492645264,2.053999900817871,2.014699935913086,2.032399892807007,0,25.641106391335057,0.0891403823616597,2.045099973678589,2.075999975204468,0.0016639367023215,0.0970931759586015,230.221,-0.473808669488196,1.764133846085847,0,0,0,0,1,2,0.4999999999999999,0.8660254037844387,0.2393156642875577,0.970941817426052,13.789999961853027,-0.2675385885443484,16.49750018119812,0.0,305.6729314733893,0.640202339720346,143.8000030517578,147.0,22.694285642857142,22.028572971428588,26.24806298577065,53.282613570360674,313.68582226385,281.15114404910247,8.133669553686873,299.76810706384515,77.05941051118677,0.3158235972323567,0.3187653294290669,0.2875100996811752,1.0984782329309355,0.0621674948415348,0.0590150251767545,0.0642501158445075,0.9675855731705044,1.7172823172836864,0.4303079053976146,0.0914033088415334,0.0898865011788934,1.016874585994568
2013-01-14 00:00:00+00:00,153.3000030517578,155.89999389648438,145.64999389648438,149.3000030517578,103594,62.59398356065686,0.4139908539465317,146.15749893188476,145.53799896240236,147.47282893218065,156.23834606161742,136.0766518021521,1.8723387075905864,0.8922082638736574,0.9801304437169288,0.0192819765489447,0.1096634804531755,25.687142571428573,154.64286610000002,3.674969491836735,28.390713714285717,93.71428868571432,4.799446858163265,0.0,0.0,0.0,0.0,2.026599884033203,2.0476999282836914,2.0037999153137207,2.0297000408172607,0,31.229356272129024,0.0910760195415106,2.032399892807007,2.0843000411987305,-0.0079881836492671,0.0863513480676798,229.601,-0.2693064490207231,1.741022368747558,0,0,0,0,1,3,0.4999999999999999,0.8660254037844387,0.3546048870425356,0.9350162426854148,13.520000457763672,-0.0197735845658552,15.792500257492064,0.0,311.153022451439,-0.5295119159059869,150.39999389648438,143.8000030517578,22.647856642857143,12.242857714285732,26.38629851664259,55.89110873909317,317.5917643398055,289.00194832718324,7.147454003155563,304.32207321888274,79.46929224974193,0.2183476201482596,0.3064576933049854,0.2805955763724733,0.7781577143498496,0.0668623600518739,0.0652911993161335,0.0646450175451611,1.0343001247105004,2.405127210969872,0.3979050146589779,0.0514733363163389,0.0896884058028125,0.5739128721986505
2013-01-21 00:00:00+00:00,156.3000030517578,157.89999389648438,150.8000030517578,152.6999969482422,52141,66.84491251356563,0.3549228953161622,149.33499984741212,145.69099914550782,149.79070035528085,156.62061015674894,142.0493895380753,2.6777899181308555,1.7703576709815698,0.9074322471492856,0.0192370187859716,0.1707865397135417,26.06571357142857,159.4000052,2.983750806122449,24.758570428571428,430.3714568928572,3.0341764163265306,0.0,0.0,0.0,0.0,2.032399892807007,2.0436999797821045,2.018399953842163,2.0297999382019043,0,42.4630569642702,0.0903474657821842,2.0276999473571777,2.069200038909912,-0.0098150572190765,0.0932632811474574,229.601,-0.2693064490207231,1.741022368747558,0,0,0,0,1,4,0.4999999999999999,0.8660254037844387,0.4647231720437685,0.8854560256532099,12.460000038146973,-0.0816465880522153,14.447500228881836,0.0,317.25773653541546,-0.712199272886927,153.3000030517578,150.39999389648438,20.37999942857143,54.28571777142859,26.281283801283163,80.05113120062634,326.74032448102645,287.3442119771609,9.84902812596639,309.49633854549586,73.88422447804666,0.2128108004736389,0.3055807292409522,0.2826747900126451,0.7528467357688731,0.0454254043896303,0.0656774760871611,0.0650627459869506,0.6981783003280885,1.1416803881723958,0.4008409679714323,0.0393895789703558,0.0896169877287818,0.4395324544297389
2013-01-28 00:00:00+00:00,149.0,156.4499969482422,146.10000610351562,154.8000030517578,89500,47.53522148351997,0.3126511041505372,149.8400001525879,145.51699951171875,149.30128518790517,156.34203211591603,143.33796818925975,1.0349125711577472,1.5589323381533904,-0.5240197669956432,-0.0467050729956829,0.0047201411587152,25.408570571428573,36.842857378571445,4.301201440816326,27.4085705,152.48570979285716,3.596302690816327,0.0,0.0,0.0,0.0,2.0401999950408936,2.050299882888794,2.003200054168701,2.0285000801086426,0,47.94961855409064,0.0764826787772569,2.0297999382019043,2.0480000972747803,-0.0035900298937,0.0888116921190526,229.601,-0.2693064490207231,1.741022368747558,0,0,0,0,1,5,0.4999999999999999,0.8660254037844387,0.5680647467311558,0.8229838658936564,13.56999969482422,0.085337934936912,13.335000038146973,0.0,302.24651193618774,-0.0896965403492769,156.3000030517578,153.3000030517578,22.604999,16.071428914285725,26.35401197539393,84.72432981947995,322.22167517512173,295.94342602309405,6.5695622880069084,306.59640790177264,60.68670062171189,0.2622616098076271,0.3253005994708955,0.2764519558254606,0.9486697228740536,0.0694630258035339,0.0599102214543411,0.0638069484669345,1.0886434249883647,1.78491299795547,0.4192790975897446,0.020948918224192,0.0896007516890848,0.2338029033378638
2013-02-04 00:00:00+00:00,144.35000610351562,150.8000030517578,143.9499969482422,149.0500030517578,86729,34.380447431701555,0.2930321218739252,149.9824996948242,145.46899963378905,148.44886600432756,156.20776981707814,143.75722957257028,-0.0773804762281713,0.7522993242052597,-0.829679800433431,-0.031208012728083,-0.0146757262558659,25.822856714285717,79.30000342857144,2.70762133877551,25.426428,111.38571761428577,3.892964902040816,0.0,0.0,0.0,0.0,1.9940999746322632,1.9960999488830569,1.9652999639511108,1.9864000082015991,0,27.518156823957824,0.0872831552167327,2.0285000801086426,2.045599937438965,0.0,0.0651788171100492,229.601,-0.2693064490207231,1.741022368747558,0,0,0,0,2,6,0.8660254037844386,0.5000000000000001,0.6631226582407952,0.7485107481711011,14.670000076293944,0.0779431459977942,13.555000066757202,0.0,286.7368533079243,0.2693064490207231,149.0,156.3000030517578,23.86928485714285,16.642856800000015,26.29416784794916,86.44441935462872,330.86992787220333,277.82713424327994,13.260698407230858,298.65258606423333,27.51363422055806,0.3055824925723147,0.2940039488615645,0.2852801017078727,1.0711664782479882,0.0474541448831209,0.0582744859939388,0.0637660605094544,0.7441911427815676,1.5920691171190078,0.4406603950308815,0.0636062326762743,0.0950909927447441,0.6688985376146951
2013-02-11 00:00:00+00:00,140.14999389648438,145.6999969482422,139.39999389648438,144.5500030517578,128969,30.838963979549742,0.2690522270137025,147.89250106811522,145.39600006103515,145.6571014256927,157.57097766489278,138.21402447133767,-1.829677976278873,-0.6480175050578629,-1.18166047122101,-0.0290960306854393,-0.0634814593214839,26.122856714285717,87.74285892857144,3.1679870428571424,26.95857057142857,145.21429037142863,2.850661889795918,0.0,0.0,0.0,0.0,1.9946999549865725,1.9948999881744385,1.9383000135421755,1.9701000452041624,0,20.783514534142785,0.0857239796614968,1.9864000082015991,2.0476999282836914,-0.0021121364107882,0.0869640984099189,229.601,-0.2693064490207231,1.741022368747558,0,0,0,0,2,7,0.8660254037844386,0.5000000000000001,0.7485107481711011,0.6631226582407953,12.9399995803833,-0.1254813407106889,13.40999984741211,0.0,276.1095093108269,0.058092807941903,144.35000610351562,149.0,21.676428571428573,46.21428366857145,26.337032539786545,90.23602393635775,331.5814977932653,259.5938077519119,17.996922510338358,289.6353553628708,12.919225586640692,0.2593686964236822,0.2855718576558389,0.2887265042958598,0.8983196332218579,0.0449518610497481,0.0548313592355814,0.062690957101051,0.717038883405493,2.2420013889838697,0.5214769846959847,0.0641010133846336,0.095412764952688,0.6718284151825489
2013-02-18 00:00:00+00:00,136.9499969482422,142.14999389648438,136.4499969482422,140.0500030517578,56104,16.80441605106101,0.2506269770237839,144.89500045776367,145.13699981689453,143.2763872802228,154.9940324170166,134.79596849851075,-2.7015980763459595,-1.6894923101196155,-1.012105766226344,-0.0290677491301516,-0.1049019807304432,29.144285142857143,17.528570942857158,4.701538793877552,27.490714142857144,142.52857365714289,3.361187312244898,0.0,0.0,0.0,0.0,1.970700025558472,1.972499966621399,1.948099970817566,1.9651999473571773,0,34.3444832338197,0.0832502580748302,1.9701000452041624,2.037100076675415,0.0033557191352535,0.0848692766352683,230.28,0.2957304192926058,1.5948646681225531,0,0,0,0,2,8,0.8660254037844386,0.5000000000000001,0.8229838658936564,0.5680647467311559,12.460000038146973,-0.0377997402240173,13.40999984741211,0.0,269.13412679325114,0.0398414942327441,140.14999389648438,144.35000610351562,22.390714214285715,10.142856668571442,26.411463610952392,93.60973682156973,312.3755801149758,254.73792055911937,14.409414888964095,281.434863935023,0.0,0.2094242636523385,0.2659980175629837,0.2784771332688794,0.7520339414360196,0.0416210082165711,0.0497830888685209,0.0619778494726489,0.6715463969022468,0.9736533607300364,0.5321453182502084,0.0630485829246039,0.0952841324082687,0.6616901966169406
2013-02-25 00:00:00+00:00,142.60000610351562,144.0500030517578,135.89999389648438,137.1999969482422,23323,44.98567686017187,0.2105328358766573,142.63500061035157,145.2079998779297,142.48474395959968,150.5542050848695,134.71579613583367,-1.7535518007242388,-2.037912477312239,0.2843606765880002,0.0412560005927473,-0.0269532368883482,27.92999957142857,21.75714291428573,4.881849142857143,28.60857057142857,31.057142885714317,4.989047144897959,0.0,0.0,0.0,0.0,1.9610999822616573,1.976699948310852,1.9357000589370728,1.969099998474121,0,37.17435396365413,0.0840123324288388,1.9651999473571773,2.0285000801086426,0.0045901767980341,0.0846607711762317,230.28,0.2957304192926058,1.5948646681225531,0,0,0,0,2,9,0.8660254037844386,0.5000000000000001,0.8854560256532099,0.4647231720437686,18.989999771118164,0.4213889963505765,14.764999866485596,1.0,280.7936718008423,0.1632872605108042,136.9499969482422,140.14999389648438,22.447856714285717,48.02856817142858,26.553212447112145,89.57408559990162,293.078209786644,263.3088708197784,7.442334741716384,281.1783870813507,26.042087013873584,0.2798147880192005,0.2879524770012909,0.2795723514218391,1.0008671336326969,0.0571529369315539,0.0521285953769056,0.0591879533992594,0.9656175622401816,0.4293859576449351,0.4579684677461736,0.0658873409136467,0.0935156923451995,0.704559119605746
2013-03-04 00:00:00+00:00,145.9499969482422,146.0,141.0,142.0,403,68.0124420805418,0.1886911715429219,141.40499954223634,145.89899963378906,142.88395507510054,146.31352160706035,136.49647747741233,-0.6131137260397566,-1.3589758407821475,0.745862114742391,0.0234922209070225,-0.0068050358677599,26.929999428571428,53.98571304285716,4.151809636734694,27.53,58.69999960000003,4.715508941836736,0.0,0.0,0.0,0.0,1.9812999963760376,1.9889999628067017,1.9634000062942505,1.981099963188172,0,56.28017132779038,0.0684907873108576,1.969099998474121,1.990599989891052,-0.0013702309844445,0.0871685347252968,230.28,0.2957304192926058,1.5948646681225531,0,0,0,0,3,10,1.0,6.123233995736766e-17,0.9350162426854148,0.3546048870425355,14.010000228881836,-0.3041411360854897,14.599999904632568,0.0,289.14153358147644,-0.4327535177370558,142.60000610351562,136.9499969482422,23.051428428571427,0.1857142857142956,26.61623099891136,87.58220908377895,295.5911297179248,261.99829102527366,8.398209673162762,284.363645681401,53.19685156947688,0.3042368473594891,0.2698841341666274,0.2842766351559007,1.070214006474721,0.0342583083559305,0.0450876518873849,0.0576369584653078,0.5943808161345414,0.0079563447407163,-0.1232160782515052,0.0758862934729708,0.086140950610132,0.880954808670254
2013-03-11 00:00:00+00:00,143.0500030517578,146.89999389648438,139.9499969482422,146.0,62,66.33416971271623,0.2224684277831359,141.30999908447265,145.50299987792968,142.5928532372385,146.02978965792516,136.59020851102014,-0.475123965368283,-0.8708049230709509,0.3956809577026678,-0.0198697770272155,0.0196008548836987,28.608570714285715,63.98571470000002,4.006942583673469,26.68714278571429,135.3714253714286,3.794686704081632,0.0,0.0,0.0,0.0,1.9701000452041624,1.9717999696731567,1.928699970245361,1.94190001487732,0,41.864722413216576,0.0663119313389461,1.981099963188172,1.963500022888184,0.0017176765783039,0.0688441127505549,230.28,0.2957304192926058,1.5948646681225531,0,0,0,0,3,11,1.0,6.123233995736766e-17,0.970941817426052,0.239315664287558,11.5600004196167,-0.1922204771426955,14.255000114440918,0.0,277.7888030544092,-0.1239627614622158,145.9499969482422,142.60000610351562,21.626427642857145,0.5571428285714347,26.62080595289865,90.66538432814345,295.7346756578909,262.69439195709856,8.260070925198091,281.73370863060427,52.1902582134056,0.282556319461238,0.2775063220978661,0.286885218101362,0.9849106603753244,0.0485843886751094,0.0453137006457826,0.0574673927769485,0.8454251684852148,0.0012987638700646,-0.0294311073303726,0.0731565181673655,0.0906929977687417,0.8066390118398925
2013-03-18 00:00:00+00:00,133.14999389648438,142.85000610351562,133.14999389648438,141.5500030517578,15717,28.38139227709668,0.2284957081062674,141.09749908447264,144.61899963378906,140.6410895760848,146.9705856951664,135.2244124737789,-1.692211437546263,-1.0264121010365734,-0.6657993365096893,-0.0692066336530692,-0.0351449717646059,27.594285142857142,37.32857175714288,4.13230526122449,28.594285285714285,101.9000016571429,4.317924870408164,0.0,0.0,0.0,0.0,1.9573999643325808,2.0071001052856445,1.940999984741211,1.978800058364868,0,49.2166246962085,0.0734350667602948,1.94190001487732,1.9562000036239624,-0.0090224328843373,0.0660068940060552,232.166,0.8190029529268728,1.9779235097490573,0,0,0,0,3,12,1.0,6.123233995736766e-17,0.992708874098054,0.120536680255323,13.359999656677246,0.1447142428674352,14.480000019073486,0.0,263.47721569364506,-1.721246241360603,143.0500030517578,145.9499969482422,22.562142285714287,7.085714128571439,26.74812720017708,91.3901983493692,299.177388156974,256.4232239082125,10.68854106219035,274.4311114558206,43.80698764965656,0.307535152879006,0.2714294780803523,0.2907248312191294,1.0578220684183162,0.0728502640005555,0.0508933812359441,0.0588278101902785,1.2383641577219993,0.3380541613655654,-0.3578415044534506,0.1017832622168498,0.0967832821337892,1.0516615003770375
2013-03-25 00:00:00+00:00,135.60000610351562,136.60000610351562,132.0500030517578,134.5,69253,34.29489750205896,0.2172793267167179,139.41749954223633,143.1770004272461,138.18560294061757,147.5937949317767,131.24120415269596,-2.3623169566239994,-1.9243981546595297,-0.4379188019644697,0.0184003929353235,-0.0524108992320703,25.14428542857143,17.442858042857157,3.150256569387755,27.02285707142857,53.61428764285718,3.82724046122449,0.0,0.0,0.0,0.0,1.982800006866455,2.0160000324249268,1.962000012397766,2.006500005722046,0,66.00361507726514,0.0725183411804441,1.978800058364868,1.9717999696731567,0.0034423722352313,0.0722578931423355,232.166,0.8190029529268728,1.9779235097490573,0,0,0,0,3,13,1.0,6.123233995736766e-17,1.0,-1.6081226496766366e-16,13.739999771118164,0.028046127725448,13.167500019073486,0.0,272.0814130226136,-0.4747657294037427,133.14999389648438,143.0500030517578,24.71928457142857,25.542857228571435,26.76585170799976,88.95304281991683,297.1475555981269,254.0969270779452,10.76265713004542,273.4912320825378,39.778273762275376,0.323858200439994,0.2831299967002381,0.2924963080898625,1.107221460273207,0.0335545932666432,0.0492800982459585,0.0578382093773484,0.5801456826968724,1.4737502926089094,-0.3513416201880092,0.1082462243017782,0.0997198558161616,1.0855031082907325
2013-04-01 00:00:00+00:00,138.39999389648438,141.35000610351562,134.85000610351562,135.60000610351562,48851,36.52170067094503,0.2214026541275383,138.36250076293945,141.92900024414064,137.95186379009633,145.88935453377837,130.83564699210052,-1.5442537455294314,-1.854818427842548,0.3105646823131167,0.0229119791190299,-0.0297932014149545,24.301427714285715,54.27143057142858,2.8544697897959184,25.679999428571428,44.85714475714289,2.9464186377551016,0.0,0.0,0.0,0.0,2.00600004196167,2.0237998962402344,1.995499968528748,2.0190000534057617,0,92.3182836492077,0.0739236938765571,2.006500005722046,1.9776999950408936,0.0006979728523266,0.0752953823959763,232.166,0.8190029529268728,1.9779235097490573,0,0,0,0,4,14,0.8660254037844387,-0.4999999999999998,0.992708874098054,-0.1205366802553228,13.579999923706056,-0.0117131536236971,13.05999994277954,0.0,279.42959506835905,-0.7492056676942127,135.60000610351562,133.14999389648438,24.81928385714286,0.0,26.695796722230188,86.10814617070561,287.600209541387,258.7883038781264,7.202976415815155,275.86657727686634,38.33168036876145,0.3016304342759465,0.2883988897995205,0.2938399806502152,1.0265125370052337,0.0469653199902714,0.047242574857702,0.0586183644009525,0.8012047497091327,1.1070446026729182,-0.3511753147398451,0.1079992520178351,0.0994089012220804,1.086414192552253
2013-04-08 00:00:00+00:00,135.89999389648438,140.89999389648438,135.0,137.8000030517578,135557,57.703091768278085,0.1994231581139847,137.27749938964843,140.60499969482422,138.05723043745596,142.96149801366795,131.5935007656289,-0.7861284338127916,-1.235968648574967,0.4498402147621754,-0.0180635846116428,-0.0459810683894762,25.522856571428573,33.157141628571445,2.8139013755102043,23.758570428571428,105.74286011428576,2.8585386724489794,0.0,0.0,0.0,0.0,2.0151000022888184,2.0230000019073486,1.9699000120162964,1.983199954032898,0,50.21049870940136,0.0709646171264764,2.0190000534057617,1.9594999551773071,-9.907046758200328e-05,0.0744056687658963,232.166,0.8190029529268728,1.9779235097490573,0,0,0,0,4,15,0.8660254037844387,-0.4999999999999998,0.970941817426052,-0.2393156642875575,13.1899995803833,-0.0291391815964614,13.467499732971191,0.0,269.5168616485789,-0.8289099996850731,138.39999389648438,135.60000610351562,24.74071328571429,0.0,26.506298251671563,87.37490190900111,284.34018989938363,257.9123528172147,6.606959270542231,273.3266910255514,39.705549019874326,0.2898292606108513,0.2808218653920177,0.2970107163205102,0.9758208540188908,0.0434142322403518,0.0490737596345863,0.0579819424784035,0.7487542310087317,2.8232689496018217,-0.3726410389673359,0.1302704712716694,0.0981156543834398,1.327723479123245
2013-04-15 00:00:00+00:00,134.4499969482422,137.8000030517578,131.75,136.1999969482422,136248,47.05880057351184,0.2108076141271447,136.16749954223633,139.32899963378907,137.06261231099182,140.34315006632042,131.99184901815224,-1.1038758363483794,-1.0720493496478758,-0.0318264867005035,-0.0106695880306415,-0.0320374164419227,23.594284714285717,36.05714225714287,2.4199766265306124,26.197856071428568,75.64285311428574,2.688714617346939,0.0,0.0,0.0,0.0,1.989699959754944,1.9902000427246087,1.950600028038025,1.9661999940872192,0,30.791465251496405,0.0777070595624011,1.983199954032898,1.972000002861023,-0.0148150981606394,0.079905380506449,232.773,0.2614508584374952,1.4738962125967705,0,0,0,0,4,16,0.8660254037844387,-0.4999999999999998,0.9350162426854148,-0.3546048870425354,17.270000457763672,0.2695119837489014,14.444999933242798,1.0,264.35558320466043,-1.7429606745014352,135.89999389648438,138.39999389648438,23.61571328571429,0.0,26.48639875617202,86.61799553514851,283.8942769764191,258.79744949568686,6.274206870183054,269.73824789719504,51.41551671972714,0.272874282898923,0.2622240138913934,0.2722510928819767,1.0022889898712972,0.0449981642921629,0.048356514757997,0.0535306352469718,0.8406056770763184,2.515408836091244,-0.4316794689870938,0.1110959923765782,0.0985391668102661,1.1274296779492057
2013-04-22 00:00:00+00:00,142.5,143.5,134.4499969482422,134.5,40109,65.45012273847126,0.1980374225691306,137.47249908447264,138.85399932861327,137.97370230032192,141.9396246698403,133.005373499105,0.1383542134560684,-0.6538118418284813,0.7921660552845498,0.0598735830009482,0.0654205607476634,23.52285642857143,8.814286285714298,2.8371336551020407,23.508570142857145,59.97143011428574,2.31338409489796,0.0,0.0,1.0,1.0,1.9980000257492063,2.016900062561035,1.968400001525879,2.005199909210205,0,47.14694824326108,0.1020730176040001,1.9661999940872192,2.005100011825561,-0.0043643797264609,0.0785951640255169,232.773,0.2614508584374952,1.4738962125967705,0,0,0,0,4,17,0.8660254037844387,-0.4999999999999998,0.8854560256532099,-0.4647231720437685,14.390000343322754,-0.182437373907177,14.607500076293944,0.0,285.7409870624542,-0.6978888310835851,134.4499969482422,135.89999389648438,23.062142,0.0,26.294280781119447,84.89886228218963,294.017948694339,255.5035647976873,9.628595974162929,276.1393435632987,65.5904166583361,0.3256316322123881,0.3140390891697398,0.295783677680399,1.1009113949659064,0.0635087933456688,0.0464882206270196,0.0528069965688249,1.2026584628101566,0.714155989373622,-0.4554549138423148,0.1126783153191767,0.0942634867602657,1.195354715152825
2013-04-29 00:00:00+00:00,133.60000610351562,142.4499969482422,132.8000030517578,142.4499969482422,1118,45.9821690102084,0.2488624635288205,137.23749847412108,138.49499938964843,137.14884736779655,142.20336648801631,132.27163046022585,-0.6053833848388308,-0.3723594254617108,-0.23302395937712,-0.0624560975191885,-0.0258839806850311,22.929999285714285,0.0,3.269758269387755,23.047857,0.3428571428571672,3.170964033673469,0.0,0.0,7.0,8.0,2.015899896621704,2.022900104522705,1.980599999427796,1.993299961090088,0,51.11386019927686,0.1104559617442317,2.005199909210205,2.019200086593628,0.0117887274284417,0.10899374090006,232.773,0.2614508584374952,1.4738962125967705,0,0,0,0,4,18,0.8660254037844387,-0.4999999999999998,0.8229838658936565,-0.5680647467311557,13.710000038146973,-0.0484080484010598,14.640000104904177,0.0,266.3048869677732,0.9174218844066746,142.5,134.4499969482422,25.17285685714285,0.0,26.084834085563354,79.44363614416818,290.96525901091456,251.99390043081883,9.742839645023928,272.2055609250885,38.25960552564737,0.4159732447426106,0.352312004408422,0.3044224511986054,1.3664341425556945,0.0722304899373087,0.0542233999611527,0.0546444465979414,1.3218264840432106,0.0198873642304906,-0.3719553408444194,0.1048245903591718,0.0839213229524893,1.249081570457378
2013-05-06 00:00:00+00:00,141.35000610351562,141.35000610351562,132.75,134.1999969482422,336,60.61777563067788,0.2517397784766537,137.18249969482423,138.30999938964842,137.63373785306874,142.56387802659395,131.8011213630545,0.1397699709920914,-0.3379876560302823,0.4777576270223738,0.058008979385788,0.0085623421997262,25.16571357142857,0.1285714285714306,3.364281679591837,24.08357057142857,0.0,3.36776937244898,0.0,0.0,6.0,0.0,2.00570011138916,2.0143001079559326,1.985599994659424,2.005399942398072,0,52.922538029482254,0.1102415091440431,1.993299961090088,2.0127999782562256,-0.0030055835958294,0.1108541674835374,232.773,0.2614508584374952,1.4738962125967705,0,1,0,1,5,19,0.4999999999999999,-0.8660254037844387,0.7485107481711013,-0.663122658240795,12.65999984741211,-0.0796780916933685,14.507500171661375,0.0,283.4632940979574,-0.5620092180204352,133.60000610351562,142.5,27.84428385714286,0.0,25.955720310457885,74.31824026389927,297.35368960153687,252.5786860648857,11.193750884162782,276.7086541942361,61.04384677731491,0.4638424927850194,0.369149238814334,0.3224590343447726,1.4384539708834465,0.0608419224065511,0.0569987204444087,0.0555118416915444,1.0960168063681903,0.0059752772902106,-0.3692762127920733,0.1046777307854844,0.0840412228083593,1.2455520616193576
2013-05-13 00:00:00+00:00,144.5500030517578,147.64999389648438,141.0,141.3000030517578,199,66.27909287434831,0.2442834470867406,139.31500015258788,138.4529998779297,140.21784484126255,146.96339898732097,131.6666013178548,1.695484212732424,0.7747236949648822,0.920760517767542,0.0226388171918345,0.0687615752440504,23.108571,0.7714285714285837,3.173864012244898,25.58,0.2571428571428612,3.362544147959184,0.0,0.0,1.0,1.0,2.005899906158448,2.0253000259399414,1.988800048828125,2.013799905776977,0,48.497871643745576,0.0963569886025248,2.005399942398072,1.974799990653992,-0.0007477655031712,0.0987013244504614,232.531,-0.1039639477087073,1.063085381489448,0,1,0,2,5,20,0.4999999999999999,-0.8660254037844387,0.6631226582407952,-0.7485107481711012,12.550000190734863,-0.0087267238874842,13.327500104904177,0.0,291.09478252569164,0.0291873973915873,141.35000610351562,133.60000610351562,28.854999071428573,0.0571428571428586,25.931480290428347,69.54010494733436,303.0892903841761,260.2126849427621,10.719151360353488,282.4631055268184,70.37694632378292,0.4387212819411174,0.3679885943940623,0.3146494955587836,1.3943174045736884,0.0460047994195009,0.0575168338802385,0.0528971167141377,0.8697031819538387,0.003674705469586,-0.3681728544361562,0.0808255333619555,0.0820333577499835,0.9852763037632548
2013-05-20 00:00:00+00:00,133.85000610351562,143.6999969482422,132.60000610351562,143.6999969482422,13397,47.87646630135921,0.2661659724390592,138.93750076293946,137.945,139.0028147609761,146.73337499768752,131.1416265281914,-0.0743834897565989,0.6738929367478288,-0.7482764265044277,-0.0740228067958665,-0.055065217995483,24.40857114285714,0.2857142857142938,3.031401387755102,22.73714271428571,1.6571428571428857,3.0767221602040817,0.0,0.0,3.0,0.0,2.006599903106689,2.037800073623657,1.989400029182434,2.0311999320983887,0,70.3998565673831,0.0699537580809318,2.013799905776977,1.9816999435424805,0.0022370382298215,0.0947310708865032,232.531,-0.1039639477087073,1.063085381489448,0,1,0,3,5,21,0.4999999999999999,-0.8660254037844387,0.5680647467311558,-0.8229838658936564,13.020000457763672,0.0367659911631328,12.985000133514404,0.0,271.87612330882985,0.3276677706908573,144.5500030517578,141.35000610351562,28.426428,3.2000000000000104,25.72539399519334,65.16055900603169,300.55921798263586,255.81032546749012,11.187223128786432,278.22831263962297,39.073260953068754,0.5115080730454417,0.3909718332788012,0.330238687239549,1.5489041027629875,0.0829285792945138,0.0651029168807087,0.0542619045696068,1.5283017555182965,0.2509097515249456,-0.4395387567013691,0.0662628708339493,0.0830886850864109,0.7974956251874822
2013-05-27 00:00:00+00:00,127.25,135.85000610351562,126.8000030517578,135.6999969482422,65010,25.176066932298312,0.2562038822524073,137.50750122070312,137.04100006103516,135.84476470951793,148.57339390349966,126.44160853790656,-2.224882446657688,-0.6607987298011954,-1.5640837168564925,-0.0615782133309147,-0.0725218452591931,21.951427857142857,12.057142928571444,2.287957812244898,22.52642757142857,5.1428571714286,2.754216329591837,0.0,0.0,0.0,0.0,2.0357000827789307,2.052799940109253,2.0167999267578125,2.0469000339508057,0,75.18445293850607,0.0513583247534298,2.0311999320983887,1.9993000030517576,0.0042429373671057,0.0549061402850266,232.531,-0.1039639477087073,1.063085381489448,0,1,0,4,5,22,0.4999999999999999,-0.8660254037844387,0.464723172043769,-0.8854560256532096,13.989999771118164,0.0718561003780783,13.055000066757202,0.0,260.46802932024,0.5282576844192772,133.85000610351562,144.5500030517578,24.73357057142857,22.257142714285724,25.519009064627877,61.28844921025085,303.550817965352,249.90029666100745,13.412630326086148,271.1241993118698,44.73366057152188,0.431982831425598,0.384059826909866,0.3276251707133684,1.3185275639833367,0.0711198668114563,0.0666251315738662,0.0547095231681028,1.299953823274829,1.218990830848621,-0.4620991961138253,0.0423710089450276,0.0834220118385588,0.5079115563397096
2013-06-03 00:00:00+00:00,129.0,129.39999389648438,125.0500030517578,127.5500030517578,90335,22.281667661252,0.2526929412292703,135.19000091552735,136.3579998779297,132.47473329029077,149.49177270352752,120.8882291275272,-3.1789542264955344,-2.307830619841321,-0.8711236066542134,0.0137524557956778,-0.0716084718731479,21.829999571428573,55.08571270000001,1.6863079040816324,21.31928471428571,43.49999962857145,2.0823590853061225,0.0,0.0,0.0,0.0,2.053499937057495,2.141200065612793,2.036900043487549,2.089900016784668,0,81.20798567712752,0.0653603408579444,2.0469000339508057,2.0069000720977783,0.0028375795409249,0.0482490793270704,232.531,-0.1039639477087073,1.063085381489448,0,1,0,5,6,23,1.2246467991473532e-16,-1.0,0.3546048870425358,-0.9350162426854148,16.280000686645508,0.1515946304346347,13.960000276565552,1.0,269.59710216522217,0.3877219018011973,127.25,133.85000610351562,24.24785685714286,30.68571342857144,25.248059106541284,60.14080730175541,299.0025111101701,247.5155075498218,12.871750890087077,270.5133604532108,35.369299689768724,0.3992873023239172,0.3852529008679137,0.3322866189657592,1.2016351773367988,0.0337208592614463,0.0589232054386937,0.0530524481285814,0.6356135125674703,1.7151764684658508,-0.4703223802294217,0.0472436627839441,0.0895952611191639,0.527300851862024
2013-06-10 00:00:00+00:00,128.75,129.89999389648438,125.9000015258789,129.0,110291,39.59183724310768,0.2358252576329809,131.33250007629394,135.517999420166,130.7457947289416,142.35932461433484,120.30567553825304,-2.7032674275346267,-2.707645640816151,0.0043782132815244,-0.001937984496124,-0.1169410335725795,22.179999428571428,18.514285428571444,1.8997851032653064,23.115713428571432,103.78571102857144,1.7313424995918365,0.0,0.0,0.0,0.0,2.120699882507324,2.157999992370605,2.087500095367432,2.1273999214172363,0,82.2659313334823,0.0925071988671089,2.089900016784668,2.009299993515014,-0.0084811315312042,0.0823488580333644,232.531,-0.1039639477087073,1.063085381489448,0,1,0,6,6,24,1.2246467991473532e-16,-1.0,0.2393156642875576,-0.970941817426052,15.4399995803833,-0.0529758853322534,14.68250012397766,1.0,273.9027398824692,-0.7441492054117127,129.0,127.25,28.283569571428576,4.471428614285715,25.110488417640006,62.95660754219516,280.8187058058261,257.1032915325545,5.928853568317902,271.86911222491415,30.490840324927103,0.3306671963010151,0.3815561642852924,0.3315506879365864,0.9973352442294052,0.0310679019076152,0.0529684013389065,0.0523345730044807,0.5936400010095684,1.9845237698948577,-0.4665516378918029,0.0512094502511906,0.0933167069713455,0.5487703801979593
2013-06-17 00:00:00+00:00,122.3499984741211,129.0,121.0999984741211,128.75,121353,40.84821831510959,0.2535269306438271,127.36249923706056,134.0199996948242,127.90645743626972,133.47649465130462,121.24850382281647,-3.2972877559690232,-2.958404537920516,-0.3388832180485073,-0.0497087497155642,-0.1156487670656341,22.80142785714286,0.5857142857143,2.445345242857143,22.583571428571425,19.54285714285717,2.093495825510204,0.0,0.0,0.0,0.0,2.1273000240325928,2.1619999408721924,2.096100091934204,2.096400022506714,0,61.22450507278562,0.1035437665054729,2.1273999214172363,2.022599935531616,0.0,0.0922326067721494,232.945,0.1780407773587233,1.3619650588516885,0,1,0,7,6,25,1.2246467991473532e-16,-1.0,0.120536680255323,-0.992708874098054,16.799999237060547,0.0844173235767671,15.62749981880188,1.0,256.49453955484387,-0.1780407773587233,128.75,129.0,23.05499907142857,34.68571467142858,24.947461515119453,60.15572041965722,281.1663674224869,249.0648380389007,8.025382345896556,265.71928315688604,31.79737523611729,0.3430000125359717,0.4022121029203525,0.3384744697792675,1.013370381009686,0.0645688731050526,0.0566812160760169,0.0520898653695566,1.2395666652485244,2.122736066554112,-0.4171929268334967,0.1003154351431515,0.0972114396569504,1.0319302458419737
2013-06-24 00:00:00+00:00,119.4499969482422,123.4000015258789,116.9000015258789,122.4000015258789,24094,32.17389717894753,0.2604414350816887,124.77499885559082,132.4429997253418,124.7675120856087,131.98131898146264,117.568678729719,-3.780540818560013,-3.411012880060696,-0.3695279384993171,-0.0237025056154152,-0.0815071576684006,22.77999971428571,3.2714285714285856,2.3211020122448978,22.58714285714285,1.8571428571428856,2.4217036602040816,0.0,0.0,0.0,0.0,2.167799949645996,2.271699905395508,2.1530001163482666,2.2385001182556152,0,72.18019465137371,0.1769292560128697,2.096400022506714,2.041100025177002,-0.0096839486753259,0.1254741235700573,232.945,0.1780407773587233,1.3619650588516885,0,1,0,8,6,26,1.2246467991473532e-16,-1.0,-3.216245299353273e-16,-1.0,20.11000061035156,0.17983839313906,17.15750002861023,1.0,267.3888322942731,-1.146435644891313,122.3499984741211,128.75,28.99071407142857,54.92857220000001,24.79518289202419,56.39452186723695,281.66981736991926,252.02178957848488,7.412006947858589,266.38710281184086,58.290927963819406,0.3469982043814962,0.4134650810689954,0.3387100530581093,1.0244697227137447,0.0544160750612363,0.0509787152293613,0.0524379618784624,1.0377227248101553,0.4458842133410974,-0.4465511665586769,0.2113421845121378,0.1349558433637102,1.5660097672278357
2013-07-01 00:00:00+00:00,121.1999969482422,122.3499984741211,117.9499969482422,120.1999969482422,512,36.788604774641136,0.2765238731781792,123.03749885559084,130.7279997253418,123.01492163743625,130.45517761491342,115.61982009626824,-3.0631672713102915,-3.380145333021808,0.3169780617115165,0.0146504817472559,-0.046044911160942,24.02999985714285,4.414285714285729,2.216256791836735,22.80142857142857,9.100000000000028,2.293316245918368,0.0,0.0,0.0,0.0,2.2255001068115234,2.23580002784729,2.1696999073028564,2.189199924468994,0,59.45531480265558,0.1914667769721042,2.2385001182556152,2.1077001094818115,-0.0076543439242038,0.1865572707848866,232.945,0.1780407773587233,1.3619650588516885,0,1,0,9,7,27,-0.4999999999999997,-0.8660254037844388,-0.1205366802553228,-0.992708874098054,16.3700008392334,-0.2057667914856188,17.180000066757202,1.0,265.3310241647342,-0.9434751697791032,119.4499969482422,122.3499984741211,31.419287,52.17142862857144,24.66655358101802,53.34326239193134,280.1546609536208,251.40390699453928,7.187688489770385,265.9646713529981,43.84687371213136,0.3116508930773776,0.3650160963067501,0.3338187950862284,0.9335929801704111,0.0363036438669044,0.044015470640451,0.0520055510193202,0.6980723437137332,0.0107532301695291,-0.4390742718431561,0.2512996335932005,0.1407709568025756,1.785166638413701
2013-07-08 00:00:00+00:00,123.25,124.3499984741211,120.5,121.25,77,51.7647094022592,0.300950864986841,121.93499908447264,129.40399978637694,122.79052582912642,127.53510181992831,116.33489634901696,-2.0210403093802967,-2.744184355499568,0.7231440461192711,0.0270833333333333,-0.0478949176856382,22.079999571428573,5.085714285714298,2.3955493673469386,24.37285714285714,7.585714285714314,2.2568378306122447,0.0,0.0,1.0,1.0,2.221299886703491,2.2690000534057617,2.2065999507904053,2.247499942779541,0,64.93065418924448,0.1935469881691759,2.189199924468994,2.1273999214172363,-0.0030558228067986,0.1896056846143919,232.945,0.1780407773587233,1.3619650588516885,0,1,0,10,7,28,-0.4999999999999997,-0.8660254037844388,-0.2393156642875574,-0.970941817426052,14.779999732971191,-0.1021755451964369,17.015000104904175,0.0,277.00436794757843,-0.4836230580385833,121.1999969482422,119.4499969482422,26.237142857142857,49.17142895714287,24.64760542371732,50.391162514110896,283.39098304575214,249.71839893496252,8.418146027697404,270.3805499908303,53.689458844964,0.3236932947481963,0.342859309311847,0.338850669826675,0.9552682465142704,0.0312373101348567,0.043518760815133,0.0514863661152345,0.6067102113565495,0.0017182801577689,-0.5639994803891454,0.2539971896696806,0.1440357967572947,1.7634308814451582
2013-07-15 00:00:00+00:00,122.9000015258789,124.0,119.1500015258789,124.0,92,56.00000636888417,0.293187572263401,121.11249961853028,128.06,122.37346597147868,124.73376359679492,117.49123564026564,-1.3895743379235626,-1.958368803795888,0.5687944658723254,-0.0028397442119358,-0.0064672226523823,21.97999942857143,0.0285714285714326,2.49982478367347,22.31571414285714,7.985714285714311,2.430806172448979,0.0,0.0,5.0,0.0,2.259500026702881,2.2709999084472656,2.2369000911712646,2.261899948120117,0,58.44578440237198,0.1910113937673701,2.247499942779541,2.11680006980896,0.000667582658837,0.1963236693016858,233.504,0.2399708085599528,1.7544165453768912,0,1,0,11,7,29,-0.4999999999999997,-0.8660254037844388,-0.3546048870425356,-0.9350162426854148,13.789999961853027,-0.0693312084142211,16.262500286102295,0.0,277.9875070753478,-0.1732125426762528,123.25,121.1999969482422,23.72642857142857,105.6000009,24.497160824952147,47.655327144536926,284.92081662271767,258.935049118249,6.4964418761171565,273.4233328246373,91.96438136817378,0.3209630816999079,0.3094753721219346,0.3317098781231342,0.967601790576599,0.0394629651253489,0.0451977734586798,0.0506018675249242,0.7798715592304103,0.0021076408854835,-0.5712782748233061,0.2547632476221244,0.143814982198317,1.771465156225248
2013-07-22 00:00:00+00:00,125.3000030517578,132.14999389648438,122.5999984741211,124.9000015258789,38022,56.42633693676455,0.3200859635600606,122.35,126.34599990844728,123.6151363876224,127.51323165755392,117.18676834244609,-0.0653610079365449,-0.8377885117046001,0.7724275037680551,0.0195280837760896,0.0650233865419556,25.708570857142856,0.0714285714285815,2.9337535265306123,23.372856285714285,0.1000000000000142,2.530642492857143,0.0,0.0,2.0,2.0,2.2142999172210693,2.261699914932251,2.20009994506836,2.244800090789795,0,54.28349562082614,0.1584980989827654,2.261899948120117,2.25570011138916,0.0043863933370127,0.179837554118342,233.504,0.2399708085599528,1.7544165453768912,0,1,0,12,7,30,-0.4999999999999997,-0.8660254037844388,-0.464723172043768,-0.8854560256532101,12.289999961853027,-0.1151577685648923,14.30750012397766,0.0,281.27345822654746,0.1986685251413171,122.9000015258789,123.25,25.50142857142857,59.87143308571429,24.424625048227124,44.58724152230874,289.3107617653264,261.48741694177755,6.955836205887199,276.5633829854014,88.56788643361962,0.1649686378213792,0.3033716096001029,0.3285880170294155,0.5020531006950265,0.0762170406206491,0.0475274069617991,0.0526998041381602,1.4462487556566148,0.8350674750419027,0.0356156309519226,0.2458878988053919,0.145712772601465,1.6874833793951558
2013-07-29 00:00:00+00:00,121.1500015258789,126.5,119.8000030517578,125.4000015258789,76494,48.72158946207816,0.3480228194933286,123.15500030517578,124.52999984741211,123.34685696111384,127.73986208486497,118.57013852548658,-0.3478345944210161,-0.3766531359167863,0.0288185414957701,-0.0331205221452759,-0.003700632844481,19.64428557142857,20.528571428571443,2.528983075510204,25.89428571428571,7.800000000000016,3.032647351020408,0.0,0.0,0.0,0.0,2.22979998588562,2.262700080871582,2.199399948120117,2.25440001487732,0,48.66090419432569,0.1557164653609714,2.244800090789795,2.1958999633789062,0.0102987526403643,0.1522292450654256,233.504,0.2399708085599528,1.7544165453768912,0,1,0,13,7,31,-0.4999999999999997,-0.8660254037844388,-0.5680647467311556,-0.8229838658936566,13.390000343322754,0.0857222648692762,13.5625,0.0,273.1205652423287,0.7899044554764771,125.3000030517578,122.9000015258789,25.576428428571425,123.87143322857143,24.5194418653922,42.21387110151464,284.0603875306025,270.63256171529866,3.356956453825969,275.18625588817235,66.16400778190997,0.1921216236539195,0.2659833615194198,0.3255944949514447,0.5900640850267734,0.0553033170768141,0.0477048553649146,0.0530357505582454,1.0427552371211577,1.5499283228558305,0.1019479005146722,0.1296634708307633,0.1388487204461599,0.9338470032395556
2013-08-05 00:00:00+00:00,119.6500015258789,122.4499969482422,115.3499984741211,121.0999984741211,87309,40.71763876920439,0.3495801938099431,122.24250068664551,123.16499969482422,121.4223622378749,128.59878958768482,115.8862117856062,-1.424324703587331,-0.9410432129388224,-0.4832814906485085,-0.0123813452835952,-0.0107482054994973,24.601428,6.471428571428575,3.112318395918368,22.08,46.28571428571431,2.484384170408163,0.0,0.0,5.0,5.0,2.266700029373169,2.309600114822388,2.247299909591675,2.2839999198913574,0,63.93576339129718,0.1474049151281433,2.25440001487732,2.246000051498413,0.0060955488183438,0.1573466939616629,233.504,0.2399708085599528,1.7544165453768912,0,1,0,14,8,32,-0.8660254037844385,-0.5000000000000004,-0.663122658240795,-0.7485107481711013,11.84000015258789,-0.123024542999966,12.827500104904177,0.0,273.2805939001082,0.3695840732744272,121.1500015258789,125.3000030517578,26.551427714285715,113.91428988571433,24.362058519237863,42.47657066178559,284.31111601105897,268.51994621110714,3.947792449987944,274.4239910929468,35.20199284955079,0.1871977081438277,0.2425120518829627,0.3133883446132174,0.5973346022217907,0.0593397274013862,0.052312072071811,0.0523602237282869,1.133297603469801,1.6494294185932463,0.0706097697949638,0.0896388464925605,0.1378635247340244,0.6501998274271569
2013-08-12 00:00:00+00:00,123.4499969482422,124.5999984741211,117.0999984741211,119.0,115741,45.42314143893786,0.3512981001340376,122.17500076293943,122.62799987792968,121.54066959003816,128.7049728239631,115.6450287019158,-0.5690992803564257,-0.9595165573685596,0.3904172770121338,0.0317592592887798,0.0360889246101214,24.744285,0.0,3.5817448795918367,25.540714142857144,0.0,3.387588068367347,0.0,0.0,7.0,12.0,2.302799940109253,2.304500102996826,2.247299909591675,2.2685999870300293,0,58.88066589693286,0.1515469738991406,2.2839999198913574,2.252000093460083,-0.0075024314915335,0.1501889144665862,233.504,0.2399708085599528,1.7544165453768912,0,1,0,15,8,33,-0.8660254037844385,-0.5000000000000004,-0.7485107481711011,-0.6631226582407952,12.8100004196167,0.0787425063222552,12.582500219345093,0.0,280.05866147563944,-0.9902139577133028,119.6500015258789,121.1500015258789,28.64428542857143,69.44285578571431,24.438100817535883,39.736146748122,285.6115734500914,268.2550659722205,4.339126869467722,276.67785924602384,55.63519921906036,0.1438778031194314,0.2364710663980748,0.3116043584460821,0.4617323044504334,0.0607533429356378,0.0582152786319672,0.0537201612117367,1.1309223624061064,2.094584873477762,0.0829201401304817,0.0639973537775981,0.1391243685540913,0.4600010037257134
2013-08-19 00:00:00+00:00,119.25,124.5,118.8499984741211,123.5,80682,47.843936779124256,0.3160924627950538,121.00750045776368,121.915,121.27517000369112,125.9094096480514,116.10559126747592,-0.5455784973726736,-0.6260150337555533,0.0804365363828797,-0.0340218473233587,-0.0273246208467794,23.408570142857144,0.8285714542857203,3.1659933183673465,24.315713214285715,0.3571428628571469,3.524940484693878,0.0,0.0,4.0,0.0,2.284600019454956,2.410799980163574,2.2685999870300293,2.387500047683716,0,73.9406191516644,0.128638115161982,2.2685999870300293,2.2218000888824463,-0.004354471454664,0.1528490080159369,233.596,0.0393997533232992,1.9606816118443948,0,1,0,16,8,34,-0.8660254037844385,-0.5000000000000004,-0.8229838658936564,-0.5680647467311559,15.100000381469728,0.1644686204181686,13.285000324249268,1.0,284.7093806862831,-0.4748468987896992,123.4499969482422,119.6500015258789,27.33356971428572,143.74285289428573,24.43020484313265,37.19556585229847,289.056579982703,266.5280206694767,5.632139828306591,279.8904678221276,58.70219128257485,0.1513022629395308,0.2366592331401713,0.3097779248800058,0.4884216914872862,0.0473794677222549,0.0597985791513484,0.0537408685983359,0.8816280819741212,1.4192384008103216,0.0820064529579197,0.1735611840071137,0.1568715512843448,1.106390365379977
2013-08-26 00:00:00+00:00,114.0500030517578,119.0,112.8000030517578,119.0,25686,40.85510852408332,0.2777086758507915,118.66750030517578,120.78700012207032,118.29666576924858,125.60217905136597,111.7328215589856,-2.1880144492154727,-1.4340795162451374,-0.7539349329703353,-0.0436058444297039,-0.0670756396584228,25.54428457142857,2.4714286857142977,3.102098326530613,22.665712857142857,2.7285714971428856,3.070092319387755,0.0,0.0,1.0,1.0,2.4094998836517334,2.4516000747680664,2.330300092697144,2.345499992370605,0,55.881560763096616,0.1498492703068704,2.387500047683716,2.2407000064849854,0.0210364860575752,0.1361127933963121,233.596,0.0393997533232992,1.9606816118443948,0,1,0,17,8,35,-0.8660254037844385,-0.5000000000000004,-0.8854560256532096,-0.4647231720437691,14.989999771118164,-0.0073114722382363,13.68500018119812,0.0,267.5042812877654,2.064248852434221,119.25,123.4499969482422,29.469285714285714,70.9857128514286,24.316366650488145,34.97188879712714,291.500941991031,261.27551668386707,7.5563563267909855,274.93599320838274,40.24744640440647,0.2579579983483573,0.2310578813258448,0.321038887068057,0.8035101064207584,0.054362093663676,0.0554275897599538,0.0542882616695021,1.001359814779579,0.5001630797239814,0.0817267401704169,0.1898854118556577,0.1568064026293134,1.2109543778961531
2013-09-02 00:00:00+00:00,112.0999984741211,114.8499984741211,112.0,113.8000030517578,182,22.11302377109564,0.2530527256962408,117.68000030517578,120.15200012207032,116.61180565103646,125.85225143533803,109.50774917501352,-2.450836522450601,-1.983316592366328,-0.4675199300842727,-0.0084034016098324,-0.0302768170086397,24.265714142857146,0.5000000000000142,4.001059159183674,26.612142,3.657143062857172,3.3919750612244903,0.0,0.0,0.0,0.0,2.3768999576568604,2.44569993019104,2.325200080871582,2.38070011138916,0,62.03705747757366,0.2083574082897101,2.345499992370605,2.3011999130249023,-0.0364208924977999,0.2029539599080781,233.596,0.0393997533232992,1.9606816118443948,1,1,1,18,9,36,-1.0,-1.8369701987210292e-16,-0.9350162426854148,-0.3546048870425359,17.010000228881836,0.1264181230179548,14.977500200271606,1.0,266.8764788540648,-3.6814890031032896,114.0500030517578,119.25,27.944285642857142,35.24285614285717,24.46448118916633,32.95158262072263,292.7448689352884,256.82953221658795,8.978834179675125,271.7121874666556,39.05716766800334,0.2460202719907988,0.2108102607623766,0.3194576671662204,0.7701185151446194,0.0254237155478555,0.0494516694541621,0.0533095392322867,0.4769073442560221,0.0040851186087244,0.1431491301330058,0.1896978880129575,0.1543947100148033,1.2286552804057636
2013-09-09 00:00:00+00:00,113.8499984741211,114.5,111.5500030517578,113.0,45,31.37929528561051,0.21458035543362,115.7875,119.50300033569336,115.27298118716816,123.5876250695909,107.98737493040908,-2.08978133459955,-2.18412242498089,0.0943410903813397,0.0156110617646796,-0.0671856155067798,24.17285657142857,8.814285914285728,4.163663559183673,25.483571357142857,3.685714342857171,4.095271492857143,0.0,0.0,0.0,0.0,2.374099969863892,2.398699998855591,2.2730000019073486,2.300600051879883,0,34.785054056806445,0.2113514192810076,2.38070011138916,2.2785000801086426,0.0103868641924451,0.2083324973063513,233.596,0.0393997533232992,1.9606816118443948,1,0,2,0,9,37,-1.0,-1.8369701987210292e-16,-0.970941817426052,-0.2393156642875577,15.630000114440918,-0.0846092681082316,15.68250012397766,1.0,261.9233123960876,0.9992866659212108,112.0999984741211,114.0500030517578,28.390713714285717,93.71428868571432,24.53022894193901,31.0634620866668,290.1640635182687,250.34266309383176,9.955350106109233,267.7966374384284,16.950669645640616,0.248576294106983,0.2145449000039883,0.2922803739253384,0.8504720391036595,0.0259112603230535,0.0427659760384955,0.0514296625811559,0.5038192744113937,0.001057610388084,0.1537883061598532,0.2378861708893408,0.1685546738364172,1.4113293411662766
2013-09-16 00:00:00+00:00,114.8000030517578,116.4499969482422,112.3499984741211,114.5999984741211,47,52.57732174992762,0.223365845959464,114.10500030517576,118.86300048828124,115.22445728660963,117.59798489093691,110.6120157194146,-1.123345669638681,-1.6610721354546405,0.5377264658159595,0.0083443530115869,-0.0578579853151216,26.65142771428572,1.0857142857142876,4.306492377551021,25.094285142857142,16.971428914285738,4.087980495918367,0.0,0.0,6.0,6.0,2.2737998962402344,2.303999900817871,2.244999885559082,2.276700019836426,0,25.861273160760675,0.2113314341092998,2.300600051879883,2.3378000259399414,-0.0085696034150133,0.2158449043752593,233.877,0.1202931557047204,1.518367559543199,1,0,3,0,9,38,-1.0,-1.8369701987210292e-16,-0.992708874098054,-0.1205366802553235,14.380000114440918,-0.0833537915040211,15.50250005722046,0.0,261.3651692251587,-0.9772534972060504,113.8499984741211,112.0999984741211,24.758570428571428,430.3714568928572,24.56661966457889,30.154298656190605,270.8580651110652,257.9765557704731,3.220377335148004,265.2240501531205,0.0,0.2152282064686465,0.1830041253743991,0.2699031518677809,0.7974275105901935,0.0357142714732561,0.0377581617460192,0.0496038516579533,0.7199897403054262,0.0011060072667028,0.2439938118282651,0.2398246403367932,0.1696417516164624,1.4137122725653186
2013-09-23 00:00:00+00:00,117.0500030517578,117.4499969482422,111.0500030517578,114.75,42623,60.09501773065065,0.2497495018990827,113.90000114440916,118.07900070190428,114.8504642106464,117.3542123325036,110.44578995631473,-0.7317838103415966,-1.2669845127721544,0.5352007024305578,0.0195993026148753,0.0340106555415891,29.065713428571428,14.8857139857143,4.283269808163266,27.544284714285716,4.457142771428575,4.4300243724489805,2.0,0.0,0.0,0.0,2.281599998474121,2.28279995918274,2.1665000915527344,2.2074999809265137,0,17.36243475575337,0.1888366111515426,2.276700019836426,2.432499885559082,0.0018025126745432,0.1958503478538971,233.877,0.1202931557047204,1.518367559543199,1,0,4,0,9,39,-1.0,-1.8369701987210292e-16,-1.0,-1.8369701987210292e-16,14.3100004196167,-0.0048797373595614,15.332500219345093,0.0,258.3878795042037,0.0599581117495995,114.8000030517578,113.8499984741211,27.4085705,152.48570979285716,24.758727087140624,28.496417631367247,269.1771439653964,255.09927602436105,3.5194669852588385,262.4895818935538,0.0,0.1801213953259708,0.1817665130046858,0.2478113164718546,0.7268489212757121,0.0546774346828032,0.0392177551381289,0.0492956272717659,1.109173908866773,0.955468055606713,0.0603803614846061,0.141543788779094,0.1801172714449325,0.7858423558450632
2013-09-30 00:00:00+00:00,113.6999969482422,119.1999969482422,113.5,117.0500030517578,56104,52.96703060847044,0.2691332459297841,114.45500068664548,117.12600051879885,115.06477677918976,118.44457820592189,110.4654231673691,-0.3973546637280947,-0.6211321046427746,0.2237774409146798,-0.0286202991556888,0.0048607637202506,25.28714185714286,34.74285734285716,4.476393710204081,29.554999,37.15714244285717,4.385865266326531,0.0,0.0,0.0,0.0,2.1977999210357666,2.259999990463257,2.17930006980896,2.2227001190185547,0,38.63233095761399,0.1567826989309381,2.2074999809265137,2.356100082397461,0.0046313303787236,0.1635732141552922,233.877,0.1202931557047204,1.518367559543199,1,0,5,0,9,40,-1.0,-1.8369701987210292e-16,-0.992708874098054,0.1205366802553232,16.600000381469727,0.1484440954509228,15.230000257492064,1.0,252.72099674926724,0.3428398821676396,117.0500030517578,114.8000030517578,25.426428,111.38571761428577,25.06816398474445,29.05517407081821,267.02930496545,250.16937397190867,4.21498274838532,258.58214783583924,0.0,0.0662566501716789,0.1776261927556883,0.2434421770734493,0.2721658516471039,0.0501319006264962,0.0383717165306929,0.0495019823321157,1.0127249079219758,1.1835088429861147,-0.0104880163175452,0.1581405176499815,0.1801438861281904,0.877856652647552
2013-10-07 00:00:00+00:00,114.5,116.1999969482422,113.1999969482422,113.9000015258789,42532,60.8150395245763,0.2692875707134178,114.81000022888183,116.18800033569336,114.87100727735772,118.46334721941002,111.15665323835364,-0.3591472406120601,-0.4587965899638497,0.0996493493517896,0.0070360868357979,0.0048267052785233,24.62999942857143,42.657144500000015,3.485136418367347,26.3835705,77.95714412857146,4.329400470408163,0.0,0.0,0.0,0.0,2.2170000076293945,2.2228000164031982,2.174000024795532,2.2074999809265137,0,35.08276311470755,0.1542597725193285,2.2227001190185547,2.3203999996185303,-0.0073066475918323,0.1554606136382044,233.877,0.1202931557047204,1.518367559543199,1,0,6,0,10,41,-0.8660254037844386,0.5000000000000001,-0.970941817426052,0.2393156642875573,19.40999984741211,0.1563856709770146,16.175000190734863,1.0,252.75874781608584,-0.8509579148879504,113.6999969482422,117.0500030517578,26.95857057142857,145.21429037142863,25.15302892121256,32.21013988099584,264.90002719786736,247.71636944949043,4.295914437094228,256.2527878279379,0.4085583793767426,0.0709998382777814,0.1723488634067775,0.2202346787001773,0.3223826305330088,0.0262008733624454,0.0385271480936109,0.0466655970355122,0.5614600350640823,0.8704594921772087,-0.0538901532812769,0.1241804776606138,0.1810059360256238,0.6860574494223216
2013-10-14 00:00:00+00:00,117.0,117.9499969482422,113.8499984741211,114.4000015258789,55473,46.15385146494791,0.2420540598835023,114.96000022888184,115.87800033569336,115.2328043443952,118.5251228135982,111.39487764416548,0.0660831253030238,-0.2368159021666163,0.3028990274696401,0.0218340611353711,0.0125486534828798,23.07285642857143,17.171429428571443,3.2151763142857144,24.4228565,93.77143260000004,3.1720046040816325,0.0,0.0,0.0,0.0,2.2054998874664307,2.210700035095215,2.1600000858306885,2.1710000038146973,0,38.657566561559065,0.1486641871975644,2.204900026321411,2.2718000411987305,0.0069632937710879,0.1532304636672472,234.149,0.1163004485263519,1.184925261552161,1,0,7,0,10,42,-0.8660254037844386,0.5000000000000001,-0.9350162426854148,0.3546048870425355,16.06999969482422,-0.1888342285605981,16.59750008583069,1.0,254.0070004463196,0.580028928582438,114.5,113.6999969482422,27.490714142857144,142.52857365714289,25.10592102306981,36.18183618544772,259.8291956018682,249.10811665606988,2.6802697364495867,255.35447287529055,12.95046205279057,0.0776230549783342,0.1738392869191915,0.2101947330940787,0.369291133715898,0.0350427220010351,0.0403534404292072,0.0448617397949912,0.7811269547258632,1.1464987899064898,-0.0596971944566874,0.0995002578407966,0.1839445443512038,0.5409252706161748
2013-10-21 00:00:00+00:00,112.6999969482422,117.6500015258789,112.3000030517578,117.0,57901,43.51850870705025,0.173499511126865,115.18499908447264,115.29399993896484,115.02104170480725,117.85216831478527,112.51782985416004,-0.2024374474352583,-0.0784298554151206,-0.1240075920201377,-0.0367521628355367,-0.0170083257887837,26.787142,31.68571524285716,4.108674016326531,24.772855714285715,17.8571431714286,3.4408270795918368,0.0,0.0,0.0,0.0,2.178800106048584,2.1875,2.1435000896453857,2.1454999446868896,0,20.3988013288502,0.1290244601504419,2.1710000038146973,2.182800054550171,-0.0028517911933462,0.150063585320359,234.149,0.1163004485263519,1.184925261552161,1,0,8,0,10,43,-0.8660254037844386,0.5000000000000001,-0.8854560256532101,0.464723172043768,13.15999984741211,-0.1997722464566712,16.30999994277954,0.0,241.79783721866627,-0.4014795678609719,117.0,114.5,28.60857057142857,31.057142885714317,25.08443293863213,34.99959792647875,261.748218779491,238.8940723356784,5.713536610953152,249.93181861264088,6.711201142634522,0.1556145013222777,0.1771857369768091,0.2145710458443543,0.7252352872568121,0.0474711501241487,0.0427048161593857,0.0455492543381263,1.0421935636930515,1.2381797575003233,0.0464221697274078,0.0993918053353054,0.1827964281332939,0.5437294421613926
2013-10-28 00:00:00+00:00,107.5500030517578,113.3499984741211,106.9000015258789,113.3499984741211,68533,21.37402579552516,0.1393185080358984,113.74999961853028,114.10200012207032,112.91989114610016,118.9359099002751,108.56408933678544,-1.5236420458076054,-0.7502722484516802,-0.7733697973559253,-0.0456964865655635,-0.054089657533447,28.487142857142857,20.07142871428573,4.913151424489796,28.20857057142857,75.8857161714286,4.303918626530613,1.0,0.0,0.0,0.0,2.170599937438965,2.205300092697144,2.1547000408172607,2.184400081634521,0,42.43617968054702,0.1050659625058814,2.1454999446868896,2.223299980163574,-0.0060409160210964,0.0989911374335597,234.149,0.1163004485263519,1.184925261552161,1,0,9,0,10,44,-0.8660254037844386,0.5000000000000001,-0.822983865893657,0.5680647467311548,13.3100004196167,0.0113337496310969,15.487499952316284,0.0,234.93223544605272,-0.7203920506359919,112.6999969482422,117.0,27.53,58.69999960000003,25.285990205264163,37.6374120067981,264.1270924349037,227.6208180286585,9.126568601561308,243.93198534600563,6.316086176165129,0.1596669941637224,0.1604738517914188,0.2145269909695307,0.7442745828829253,0.0599720759202411,0.0437637444068733,0.0469944630387576,1.2761516842795648,1.534031261261523,0.122707448636724,0.1027739070958604,0.1828421184224311,0.5620909578257353
2013-11-04 00:00:00+00:00,103.6999969482422,107.8499984741211,103.3499984741211,106.5999984741211,72564,1.1494367111177723,0.1362832464168143,111.53249969482422,113.19200012207033,110.01135867716609,120.2025487498666,102.86245063978184,-2.675065756772085,-1.8131877403526324,-0.8618780164194526,-0.0357973593144651,-0.0935315072982425,25.629999285714288,1.9000000285714465,4.236870985714286,28.76214285714286,16.657142868571466,5.045596597959183,0.0,0.0,0.0,0.0,2.177799940109253,2.256500005722046,2.1631999015808105,2.251699924468994,0,69.03763446893879,0.1085951999692631,2.184400081634521,2.1895999908447266,-0.0073887803560298,0.1004725276339075,234.149,0.1163004485263519,1.184925261552161,1,0,10,0,11,45,-0.5000000000000004,0.8660254037844384,-0.7485107481711011,0.6631226582407952,12.93000030517578,-0.0289654475475291,13.867500066757202,0.0,233.50127529579188,-0.855178484129332,107.5500030517578,112.6999969482422,26.68714278571429,135.3714253714286,25.510258118288597,36.28384625594477,259.7804503730805,222.33872383033471,9.360431635686457,239.75970132592013,5.738043142333623,0.1639060814236284,0.1190680028045921,0.1906278824384805,0.8598221347724556,0.0433944082201468,0.0424162459256034,0.0459357397945123,0.9446761708313482,1.718074659676904,0.0452318058583358,0.1475506432222917,0.1864358884584051,0.7914282841574692
2013-11-11 00:00:00+00:00,103.25,106.9499969482422,100.9499969482422,103.6999969482422,121700,19.14896034664477,0.1525394872754087,108.42249946594238,112.175,107.36209234689316,117.83315748035564,99.01184145152912,-3.022247948480654,-2.636178635364034,-0.3860693131166202,-0.0043394113932982,-0.1152527617820541,25.044285,25.58571284000002,3.20495492244898,25.96571414285714,11.799999611428609,3.6428912357142855,1.0,0.0,0.0,0.0,2.240900039672852,2.339600086212158,2.238899946212769,2.309299945831299,0,82.94540718088105,0.1315540419322082,2.251699924468994,2.1772000789642334,0.0088769826176862,0.1245287240958,234.149,0.1163004485263519,1.184925261552161,1,0,11,0,11,46,-0.5000000000000004,0.8660254037844384,-0.6631226582407955,0.7485107481711007,12.529999732971191,-0.0314244687890954,12.982500076293944,0.0,238.4352194070816,0.7713978132422681,103.6999969482422,107.5500030517578,28.594285285714285,101.9000016571429,25.53964237793818,34.704243246621154,244.60391226555475,229.7293714182415,3.718635211828321,239.22990855838475,19.39468654451068,0.1999186755163342,0.1414671104952505,0.1794710555133833,1.113932627214642,0.0581113801452784,0.04879834728217,0.0461205050487144,1.2599898349768808,2.58298941228977,-0.0029307324773761,0.1568614385246359,0.1590554486587768,0.9862059425521024
2013-11-18 00:00:00+00:00,105.75,106.75,102.1500015258789,103.5,106879,46.66667796946374,0.2118105367148444,105.8525001525879,111.32,106.29454006812452,111.5905981685385,100.11440213663728,-2.219548338367133,-2.565492850135952,0.3459445117688187,0.0242130750605327,-0.0776275744215319,27.015713857142856,19.57142775714288,4.673989126530612,27.58357057142857,57.44285408571432,3.4330235030612246,1.0,0.0,0.0,0.0,2.327800035476685,2.344899892807007,2.262500047683716,2.3159000873565674,0,84.56544003810885,0.1270105211946499,2.309299945831299,2.158499956130981,0.0027751936152552,0.1277634293026799,233.546,-0.2575283259804717,0.9636127046434018,1,0,12,0,11,47,-0.5000000000000004,0.8660254037844384,-0.5680647467311559,0.8229838658936564,13.100000381469728,0.0444865117301133,12.96750020980835,0.0,244.906434237957,0.5350476875059917,103.25,103.6999969482422,27.02285707142857,53.61428764285718,25.67150871300208,36.17125039753039,248.11075166352117,227.7768305299205,5.083480283400157,241.50051883021368,57.88915100509544,0.2331558380639309,0.1638843088389017,0.186891459192417,1.2475467129207578,0.0434988035377881,0.0504895635895206,0.0464802630322586,0.9358551639229554,2.038341314749689,-0.0731788926866096,0.1246134883750627,0.1538281857981874,0.8100822331593067
2013-11-25 00:00:00+00:00,108.0999984741211,111.8499984741211,104.3000030517578,105.8000030517578,18320,59.13556127601824,0.2685559253840305,105.26249961853028,110.56499984741212,106.82935405468672,109.57684111181592,100.94815812524465,-0.8128493408310362,-1.6718593906566908,0.8590100498256545,0.0222222077931073,-0.0091659029696247,26.065713714285717,54.44285657142859,4.545547530612245,25.76571407142857,54.04285554285719,5.02599227755102,0.0,0.0,0.0,0.0,2.260200023651123,2.314199924468994,2.246999979019165,2.2737998962402344,0,56.9037548381948,0.1564654317575062,2.3159000873565674,2.200599908828736,0.0019882648057955,0.122137771273352,233.546,-0.2575283259804717,0.9636127046434018,1,0,13,0,11,48,-0.5000000000000004,0.8660254037844384,-0.4647231720437684,0.88545602565321,12.789999961853027,-0.023948646718743,12.837500095367432,0.0,245.79776531402604,0.4563548065600217,105.75,103.25,25.679999428571428,44.85714475714289,25.67758647806185,37.32425718109987,252.24325456525676,229.07709256217152,5.7915405007712994,243.21941742373863,89.57592172838524,0.1604665775528304,0.1653372633324472,0.1697475692797345,0.9453246887744444,0.0698426968449102,0.0549638729336729,0.0484105323677613,1.4427166775851186,0.3434155412402618,-0.0815170524237518,0.1420298257465306,0.152014508627729,0.934317504858532
2013-12-09 00:00:00+00:00,105.5,109.9499969482422,105.4000015258789,108.75,100,49.38574956997971,0.2937225063679206,106.6650005340576,109.26799987792968,107.16474575754704,111.28783797293173,102.0421630951835,-0.3862349632106969,-0.3985059965030106,0.0122710332923137,-0.0356490079660223,0.0149110447067117,28.465713571428573,66.92856911428574,4.176733785714285,26.15142842857143,172.68570811428577,3.106263607142857,0.0,0.0,0.0,0.0,2.3510000705718994,2.391400098800659,2.298099994659424,2.321799993515014,0,61.171737538564976,0.152048605854028,2.3308000564575195,2.302900075912476,0.006845124394742,0.1517190382178383,233.546,-0.2575283259804717,0.9636127046434018,0,0,0,0,12,50,-2.4492935982947064e-16,1.0,-0.2393156642875578,0.970941817426052,13.489999771118164,-0.0534037266799584,13.402499914169312,0.0,244.949899315834,0.9420407654546716,109.4000015258789,108.0999984741211,26.197856071428568,75.64285311428574,25.61022759214362,51.51522218473837,257.46680272138826,237.85501157900592,4.902947785595583,246.73643713479265,62.24842901565945,0.2184468090643538,0.2060639211733402,0.1893288408188501,1.1537956741382418,0.0431279186953866,0.0493146972325758,0.0463825623622065,0.9298302465545918,0.001943611930667,-0.3024338604387664,0.1359990225234979,0.1562713395206727,0.870274832467016
2013-12-16 00:00:00+00:00,114.6999969482422,115.3499984741211,106.75,106.75,75,67.01029062855545,0.305015452690767,108.575,109.00099990844728,109.08517602893484,114.05755446383024,103.09244553616976,1.1150518811073198,0.2257976465610547,0.8892542345462651,0.0872037625425801,0.1179337100786908,26.208570857142856,41.92856901428573,3.956463208163265,26.947856214285714,104.98571242857147,4.296452057142857,0.0,0.0,0.0,0.0,2.31690001487732,2.3469998836517334,2.289400100708008,2.325000047683716,0,58.50653402833849,0.1656972633125454,2.321799993515014,2.311300039291382,-0.0147073991204476,0.1634589298413706,233.069,-0.2042424190523473,1.2370722045339066,0,0,0,0,12,51,-2.4492935982947064e-16,1.0,-0.1205366802553236,0.992708874098054,16.030000686645508,0.1725133562036029,14.134999990463257,1.0,266.6774983739852,-1.2664974929924129,105.5,109.4000015258789,23.508570142857145,59.97143011428574,25.696526212926983,54.96493123272761,273.3575782664166,232.84976810199163,10.126952541106252,254.7128616304697,76.01062733858944,0.3306146006069719,0.2882648832282416,0.2361847788217126,1.3998132659446625,0.074978192702148,0.0526880597439497,0.0473663061434732,1.5829432982509777,0.0015746494043097,-0.2916032302793445,0.1120289614943493,0.1562101694942397,0.7171681247474683
2013-12-23 00:00:00+00:00,115.8499984741211,117.5,113.0999984741211,115.0,33750,64.78872482702226,0.2839754305219264,110.48750038146972,108.95399993896484,111.33784243248962,117.46572676869576,103.5092739942437,1.9922592130030097,1.249546865551637,0.7427123474513726,0.0100261687574223,0.0488909160260944,25.87999942857143,24.085714128571443,4.140535957142857,26.426428,76.15713791428576,3.835127055102041,0.0,0.0,0.0,0.0,2.3229000568389893,2.3856000900268555,2.3008999824523926,2.382699966430664,0,56.17644583889312,0.1396262726001438,2.325000047683716,2.3020999431610107,-0.0030062163009239,0.1680884825766562,233.069,-0.2042424190523473,1.2370722045339066,0,0,0,0,12,52,-2.4492935982947064e-16,1.0,6.432490598706546e-16,1.0,13.039999961853027,-0.2064404558833636,14.197499990463257,0.0,276.0357874752808,-0.0963792110400427,114.6999969482422,105.5,23.047857,0.3428571428571672,25.743616650802664,56.3321703734733,287.7823375931059,233.5440198559297,13.559579434294063,263.24203196839414,80.04735188497897,0.3328735341029705,0.2957927156026021,0.2431095578616112,1.3692325523463431,0.037980160412879,0.0515843311189679,0.0462983277940478,0.8203352911248957,0.7508058649615587,0.223198492030772,0.1351810689278109,0.1595801478538535,0.8471044943545692
2013-12-30 00:00:00+00:00,114.6999969482422,118.4000015258789,114.0500030517578,115.8499984741211,21282,72.1153902584312,0.2526177062105601,111.84500007629394,108.89899993896483,112.6512046692396,119.38156839603472,104.30843175655318,2.03580497005504,1.726550220405825,0.3092547496492146,-0.0052038689300489,0.0659851168662304,27.637142285714283,45.0571428257143,3.998093448979592,26.504999071428568,52.914285948571454,4.281039147959183,0.0,0.0,0.0,0.0,2.352099895477295,2.3608999252319336,2.308300018310547,2.3334999084472656,0,54.48613567179894,0.137211335030362,2.382699966430664,2.3148999214172363,0.011905870175706,0.133897041780587,233.069,-0.2042424190523473,1.2370722045339066,0,0,0,0,12,1,-2.4492935982947064e-16,1.0,0.120536680255323,0.992708874098054,13.5600004196167,0.0391027598843079,14.03000020980835,0.0,267.65243237762485,1.3948294366229474,115.8499984741211,114.6999969482422,24.08357057142857,0.0,25.79273809729466,56.11166170089899,290.3658894243272,237.29191934703525,13.268492519322976,265.0061921320865,62.7885182038005,0.3759767217067676,0.2774940766644174,0.2445312757530854,1.5375403623665918,0.0379250095018225,0.0452007936503504,0.045156911122357,0.8398493200867497,0.5290246403379352,0.221487463507339,0.1411168047837113,0.1633036750026681,0.8641372959918551
2014-01-06 00:00:00+00:00,121.0,121.4499969482422,110.1999969482422,114.5999984741211,58604,63.00000793457514,0.2981658676045193,113.2099994659424,109.09099990844726,113.52986821026556,120.7355060101711,105.68449292171368,1.9638745285849093,1.674986280066208,0.2888882485187019,0.0399656346098979,0.1224489478159338,29.56571357142857,27.828570642857155,4.929751693877551,28.283570857142852,79.77142864000002,4.174024232653061,3.0,0.0,0.0,0.0,2.3592000007629395,2.4056999683380127,2.343400001525879,2.371500015258789,0,62.57763726045525,0.1279888568891395,2.3334999084472656,2.3561999797821045,-0.0080242954236294,0.1338742776501185,233.069,-0.2042424190523473,1.2370722045339066,0,0,0,0,1,2,0.4999999999999999,0.8660254037844387,0.2393156642875577,0.970941817426052,13.550000190734863,-0.0007377520553498,14.045000314712524,0.0,286.9515018463135,-0.5981871233105926,114.6999969482422,115.8499984741211,25.58,0.2571428571428612,25.953436985026805,57.63809827761519,293.13932746461086,255.51928257199123,9.405011223154911,273.7843160177773,85.7349059232446,0.4116554836000405,0.2882092959516933,0.2694299712690412,1.5278755603259278,0.0929752066115702,0.0573972975847613,0.0474366980668228,1.9599843749823127,1.4978715573346617,0.1289949527276841,0.1276874442964521,0.1426286624092565,0.8952438674467059
2014-01-13 00:00:00+00:00,119.8499984741211,122.5999984741211,116.6500015258789,121.5,96151,57.52065169388913,0.3462807870805395,116.0724994659424,110.23599990844728,115.95633380339392,122.01099835653233,110.13400057535245,2.583900477707872,2.187247758091396,0.3966527196164753,-0.0095041448419744,0.0985334569234659,28.515714142857146,5.7571425428571565,5.76397206122449,29.84785621428572,47.42856946285717,5.230308024489796,0.0,0.0,0.0,0.0,2.37120008468628,2.399499893188477,2.335700035095215,2.35349988937378,0,49.84436755961226,0.113648523851069,2.371500015258789,2.3320000171661377,-0.005550682609888,0.1162791281052413,233.049,-0.0085811497882559,1.501735619618394,0,0,0,0,1,3,0.4999999999999999,0.8660254037844387,0.3546048870425356,0.9350162426854148,13.279999732971191,-0.0201274374613868,13.357500076293944,0.0,282.0669581502917,-0.5464871112005442,121.0,114.6999969482422,22.73714271428571,1.6571428571428857,26.20468983852738,56.979418999243705,294.80896671058724,261.5443732141682,8.316148374104767,277.0973728707831,68.35344699594509,0.3698880764904585,0.2950211126781222,0.2497784544431174,1.480864562583993,0.0496453652398415,0.0587007868936522,0.0472008616456311,1.0517891621274038,2.254520131025238,0.1351187905120177,0.1310160000636411,0.1401581606734065,0.9347724747987164
2014-01-20 00:00:00+00:00,117.1500015258789,120.5,115.9499969482422,119.75,47170,51.250004172323145,0.3293278551321739,116.77499923706054,111.31199981689451,116.60202740704226,122.63974716014953,110.91025131397156,1.946496055032896,2.1812484757822457,-0.2347524207493503,-0.0290095313363859,0.0317040808222626,28.315714,22.571427871428583,5.530149922448979,28.79071385714286,20.028570457142884,5.692486389795918,2.0,0.0,0.0,0.0,2.352400064468384,2.3742001056671143,2.31850004196167,2.3475000858306885,0,45.86262012880614,0.1162888350085255,2.35349988937378,2.3545000553131104,-0.0145526654686099,0.1212073183340562,233.049,-0.0085811497882559,1.501735619618394,0,0,0,0,1,4,0.4999999999999999,0.8660254037844387,0.4647231720437685,0.8854560256532099,12.4399995803833,-0.0653420703609097,13.207499980926514,0.0,275.009638637066,-1.446685397072734,119.8499984741211,121.0,22.52642757142857,5.1428571714286,26.371530097792892,54.59549328685011,294.7589147979634,261.08135070768463,8.419391022569686,276.2622791772963,48.70515169379664,0.3171196739450759,0.3115818945015033,0.2537567727054794,1.2496993008976551,0.0388391207212463,0.0514729724974719,0.0478716319043006,0.8113179154976318,1.0482804600253242,0.1658303948822622,0.1321446165233428,0.1379473048308352,0.957935402261304
2014-01-27 00:00:00+00:00,113.8499984741211,118.5500030517578,113.1500015258789,117.1500015258789,76314,32.16958175338995,0.3276031646200028,116.74499893188477,112.43099960327147,115.89164254198198,122.65724387808004,110.8327539856895,0.555164682924584,1.3726479859094425,-0.8174833029848585,-0.0281690397676079,-0.0078431505523216,27.879999857142856,52.51428400285715,4.833510432653061,26.62642857142857,69.41428364000002,5.248630091836735,0.0,0.0,0.0,0.0,2.338599920272827,2.4296998977661133,2.336699962615967,2.393199920654297,0,56.206245020298255,0.1023671771214979,2.3475000858306885,2.352299928665161,-0.0055648530875769,0.1061996650323396,233.049,-0.0085811497882559,1.501735619618394,0,0,0,0,1,5,0.4999999999999999,0.8660254037844387,0.5680647467311558,0.8229838658936564,17.420000076293945,0.3367019222242453,14.172499895095823,1.0,272.4658073147584,-0.5479041589694342,117.1500015258789,119.8499984741211,21.31928471428571,43.49999962857145,26.387975160608104,55.55154427737591,292.3492233968734,265.89772957734147,6.612873454882995,274.7436904322812,57.123588220268246,0.2970577907432528,0.3140632827422335,0.252147855052127,1.178109482235122,0.0474308440777568,0.0533631092304474,0.0489476110920358,0.969012242465737,1.5634606579053345,0.1934229204200326,0.1211334325400678,0.1290542510657064,0.9386240449541936
2014-02-03 00:00:00+00:00,135.9499969482422,136.39999389648438,113.3000030517578,113.5,125566,75.88424318978377,0.3448094272243051,118.91499900817873,114.25299942016602,118.93032873175972,128.73099471611386,109.09900330024357,2.7192889142313703,1.3942804859834654,1.3250084282479049,0.1941150528793778,0.220376975638193,29.351428,10.842857165714292,5.658991055102041,28.69428571428572,90.42856926857144,5.010688373469387,1.0,0.0,3.0,3.0,2.4184999465942383,2.446799993515014,2.386199951171875,2.422300100326538,0,70.05508584076352,0.1012677563145951,2.393199920654297,2.384700059890747,0.0009615285205762,0.1021107988925974,233.049,-0.0085811497882559,1.501735619618394,0,0,0,0,2,6,0.8660254037844386,0.5000000000000001,0.6631226582407952,0.7485107481711011,21.440000534057617,0.2076393853079725,16.144999980926514,1.0,329.3116912471196,0.1047340018458759,113.8499984741211,117.1500015258789,23.115713428571432,103.78571102857144,26.536769389877627,57.80167492196918,343.13228201887625,236.29476565574168,26.70937909078365,296.5708907582166,79.69245200583528,0.6567822995894167,0.5129927995636241,0.3933746709413948,1.6696099962957822,0.1699153465484889,0.0797611766397807,0.0556576648457974,3.0528646232392638,2.279416703426354,0.0275145128917321,0.0856521556519304,0.1282324089413749,0.6679446302193577
2014-02-10 00:00:00+00:00,136.1999969482422,144.14999389648438,132.0500030517578,135.9499969482422,191612,74.87561433688052,0.4288675243304669,123.30749893188477,117.16999954223633,126.14151078528268,142.81124516139607,103.80375270237349,5.8589379831727655,4.066636053487782,1.7923019296849834,0.0018389114057515,0.1411813882659973,30.35857114285714,0.1714285714285795,6.050834289795918,29.65142857142857,0.0857142857142897,5.887847985714286,6.0,0.0,3.0,0.0,2.4372000694274902,2.4375,2.365000009536743,2.375200033187866,0,58.42639252994415,0.1070312722391572,2.422300100326538,2.388000011444092,0.0055888923019645,0.1005031356825469,233.049,-0.0085811497882559,1.501735619618394,0,0,0,0,2,7,0.8660254037844386,0.5000000000000001,0.7485107481711011,0.6631226582407953,15.260000228881836,-0.3400233202568842,16.640000104904175,1.0,323.5022372716521,0.5674703799847058,135.9499969482422,113.8499984741211,22.583571428571425,19.54285714285717,26.73771514352608,54.07806455833983,361.1095933811784,239.0350938541197,30.51862488176467,307.3434293635908,78.67235859503826,0.6684593345119942,0.5233661734079705,0.3945212405214067,1.6943557124706106,0.0888398760340994,0.0789341105242866,0.0573657869133622,1.5486558335147242,3.064009971799911,0.053384293472729,0.112147014793292,0.121175545842869,0.9254920599556856
2014-02-17 00:00:00+00:00,139.89999389648438,142.75,135.5,136.64999389648438,94352,79.9081284799785,0.4439828519736186,127.46749877929688,119.58999923706055,130.55893287982312,150.04136027064607,104.89363728794768,6.451301078800327,5.411299036738163,1.0400020420621638,0.0309506045887688,0.1936859858304171,29.008570857142853,9.700001000000016,5.535674032653062,30.08714285714285,5.542857714285743,5.988104142857144,1.0,0.0,0.0,0.0,2.4040000438690186,2.429800033569336,2.368799924850464,2.3840999603271484,0,41.92179019395789,0.1119641560064127,2.375200033187866,2.360599994659424,-0.0018086862664849,0.0985504566453262,233.916,0.3720247673236088,1.5789473684210575,0,0,0,0,2,8,0.8660254037844386,0.5000000000000001,0.8229838658936564,0.5680647467311559,13.56999969482422,-0.1173735894973466,16.922500133514404,0.0,333.5355698983767,-0.5528933939720988,136.1999969482422,135.9499969482422,22.58714285714285,1.8571428571428856,26.953807254082,50.94676089098151,371.61881061924186,257.7888422467116,28.457492093132576,317.8202855775052,88.89670675359403,0.6476643202030443,0.497638944385797,0.3914477069340126,1.6545359499752117,0.051822732782708,0.0793695840328599,0.0574503285211728,0.902043993415447,1.4639849492811787,0.0198905046733821,0.1075944350403181,0.1210543382668248,0.8888109892852532
2014-02-24 00:00:00+00:00,175.60000610351562,178.35000610351562,138.75,140.0500030517578,30611,81.19589945771901,0.6098033371541496,140.4449993133545,125.6539991760254,145.4187855475794,177.85120611979474,103.03879250691423,13.04702722849504,9.278281326675751,3.768745901819287,0.2551823714406065,0.5243056489177715,27.622856714285717,24.300002000000013,4.308869234693877,28.322857142857146,34.714289428571455,5.149729083673469,0.0,0.0,0.0,0.0,2.3819000720977783,2.4093000888824463,2.325000047683716,2.34060001373291,0,26.34668105119117,0.1140692473355883,2.3840999603271484,2.390899896621704,-0.0028900240459209,0.1162355690094316,233.916,0.3720247673236088,1.5789473684210575,0,0,0,0,2,9,0.8660254037844386,0.5000000000000001,0.8854560256532099,0.4647231720437686,14.229999542236328,0.0474909285750707,16.125,0.0,411.0093766973878,-0.6610271719156988,139.89999389648438,136.1999969482422,22.80142857142857,9.100000000000028,27.042133053357816,49.89950466760022,431.97639479336135,266.70304276390675,41.31833800736364,355.0959220254583,96.13122127536388,0.794679317085656,0.636328234387985,0.5008152608951655,1.586771337194317,0.2255125553934864,0.1167042709673079,0.0674159126227249,3.345093364004033,0.4794002446254459,-0.0349780639186133,0.1277159716343595,0.1251266581102737,1.0206934585823366
2014-03-03 00:00:00+00:00,192.6000061035156,192.6000061035156,171.64999389648438,174.8000030517578,776,93.0534320735944,0.6350227593677114,156.1,132.48099945068358,159.63733249766253,195.82504629297,116.37495370703,16.022073411263506,13.134308478745602,2.887764932517904,0.096810930575814,0.6050000508626299,28.27285671428572,20.25714371428573,4.8256882,27.990714214285717,37.785716571428594,4.353023334693877,2.0,0.0,0.0,0.0,2.3334999084472656,2.349800109863281,2.3136000633239746,2.333400011062622,0,28.66358558253873,0.1114814602946541,2.34060001373291,2.408799886703491,-0.0123138762143216,0.1186058703225507,233.916,0.3720247673236088,1.5789473684210575,0,0,0,0,3,10,1.0,6.123233995736766e-17,0.9350162426854148,0.3546048870425355,16.0,0.1172363423069364,14.764999866485596,1.0,449.4128563726044,-1.6034123887557687,175.60000610351562,139.89999389648438,24.37285714285714,7.585714285714314,27.10333183793381,49.11796995171818,501.1793698158572,257.5506503041533,60.90717987792599,392.8226957643168,95.5895454354197,0.7090689317624103,0.64420052935345,0.5102765296266241,1.3895777616608538,0.1087747224461215,0.1289730466409809,0.0711025126449792,1.529829299998858,0.012696781709433,-0.0834617058725423,0.0997992064214958,0.1211561066072619,0.8237240447793782
2014-03-17 00:00:00+00:00,189.8999938964844,207.5500030517578,189.8999938964844,206.6499938964844,279,59.94416967512104,0.660728241340167,186.15250091552736,149.24999969482425,184.21662697651155,216.0475203543825,156.2574814766722,15.30992103829169,16.56430595033873,-1.2543849120470405,-0.06222225236304,0.3593414319603811,28.001428142857144,24.5142855857143,4.10896146122449,25.91571385714286,88.91428624285717,3.783594831632653,0.0,0.0,0.0,0.0,2.343100070953369,2.372900009155273,2.327699899673462,2.3405001163482666,0,51.27125309749329,0.0976828838120811,2.335599899291992,2.3910000324249268,0.0067016174049944,0.109159959289519,234.781,0.3697908650968751,1.1263492501055294,0,0,0,0,3,12,1.0,6.123233995736766e-17,0.992708874098054,0.120536680255323,15.640000343322754,0.0965898058935651,15.017499923706056,1.0,444.46095780925685,0.3003708754025649,202.5,192.6000061035156,23.372856285714285,0.1000000000000142,26.968613667447052,53.41223290562881,495.52477438160406,393.39631086133465,25.53211588006736,432.7107087044477,83.02895494526723,0.7104504795697486,0.6674732535890543,0.5080387033870901,1.3984179962058023,0.0929437057533268,0.1165514840158693,0.0755627218156112,1.2300204547941536,0.0050896758934515,-0.3829803542110688,0.0649530670365873,0.116136619009064,0.5592814910403326
2014-03-24 00:00:00+00:00,176.39999389648438,191.8500061035156,166.0,191.6000061035156,76082,44.0354469857497,0.5748843161739796,189.1724998474121,155.30799942016603,182.0534797835414,212.1091781166931,166.2358215781311,6.51983246472372,11.691145582693464,-5.171313117969744,-0.0710900496782478,0.0465736618368142,26.929999857142857,8.014285628571443,4.255598512244898,28.27642857142857,13.071429128571456,4.371957067346939,0.0,0.0,0.0,0.0,2.344000101089477,2.3557000160217285,2.3083999156951904,2.319799900054932,0,43.53366599063994,0.1002840393615241,2.3405001163482666,2.3696000576019287,-0.0087629630614136,0.0973117688699441,234.781,0.3697908650968751,1.1263492501055294,0,0,0,0,3,13,1.0,6.123233995736766e-17,1.0,-1.6081226496766366e-16,15.09000015258789,-0.0357994741771351,15.232500076293944,1.0,409.2126882107551,-1.246087171238235,189.8999938964844,202.5,25.89428571428571,7.800000000000016,27.05298882254264,50.80960040388317,496.6521726775711,391.37056832205127,26.320401088879947,423.3115005069707,49.28530343152202,0.8573233339750668,0.7168575226573752,0.5378073454537219,1.5941086065135437,0.1465419897842229,0.1354953354161722,0.080720100893815,1.8154334547061584,1.3834914602376889,-0.4261432561722249,0.0606845565777937,0.1082319806129305,0.5606896466943828
2014-03-31 00:00:00+00:00,177.89999389648438,181.0500030517578,172.14999389648438,177.0,69208,23.30383702119749,0.5536454397074007,188.2849998474121,161.12599975585937,180.2300275265564,212.0261085726736,164.54389112215068,2.7294257125243178,6.221749122444424,-3.4923234099201057,0.0085034016547655,-0.0105673477365096,26.201428142857143,7.928571357142871,3.562104489795918,25.912142785714284,22.8428568714286,3.972328521428572,0.0,0.0,0.0,0.0,2.3208000659942627,2.3268001079559326,2.2446999549865723,2.256099939346313,0,25.629534556690743,0.0983367895455064,2.319799900054932,2.319000005722046,-0.0015076072306479,0.0955153085841749,234.781,0.3697908650968751,1.1263492501055294,0,0,0,0,3,14,1.0,6.123233995736766e-17,0.992708874098054,-0.1205366802553228,13.880000114440918,-0.083583319567931,14.702500104904177,0.0,401.3601654395679,-0.5205515881616651,176.39999389648438,189.8999938964844,22.08,46.28571428571431,26.979385852424684,49.00529436953126,498.23992185259925,365.7564736805048,33.1208620430236,414.5309664800096,24.747636476720857,0.5291557375622201,0.7139748369920128,0.5431679230212212,0.9742028300878106,0.0500281588567795,0.1003984561088309,0.0803159398293901,0.6228919531307429,1.3215666392642624,-0.4304011505010185,0.0882100905452769,0.1101675970159812,0.8006899027268601
2014-04-07 00:00:00+00:00,193.3500061035156,196.8000030517578,167.89999389648438,177.0,99943,52.0000071207664,0.4314860045457037,184.37250061035155,167.58800003051758,180.6026827854506,207.4975070915052,161.24749412919795,2.453880127881746,3.1912898033521127,-0.7374096754703667,0.0868466145986559,-0.0137719811589567,27.322856857142856,6.914285571428586,3.465534424489796,26.376428142857144,7.885714171428599,3.56103473367347,0.0,0.0,0.0,0.0,2.249099969863892,2.286099910736084,2.2151999473571777,2.230799913406372,0,22.35006495050977,0.105119279785949,2.256099939346313,2.319999933242798,-4.438348643387884e-05,0.0996985638534427,234.781,0.3697908650968751,1.1263492501055294,0,0,0,0,4,15,0.8660254037844387,-0.4999999999999998,0.970941817426052,-0.2393156642875575,15.56999969482422,0.1148970029219827,15.045000076293944,1.0,431.3251768728441,-0.3742292137402629,177.89999389648438,176.39999389648438,25.540714142857144,0.0,26.940485355033232,46.35241822771819,461.2600287067284,381.9194654594836,19.835140811811197,421.2486506371435,29.50362617413741,0.4906676728268481,0.7070233216464988,0.548208322795572,0.8950386987456082,0.1494699159192214,0.1085374948034509,0.0856144954484618,1.745848032833634,1.9211919721418376,-0.4631046377700611,0.0870005372668011,0.1111090070897986,0.7830195923386406
2014-04-14 00:00:00+00:00,204.8500061035156,208.6499938964844,190.1499938964844,194.3500061035156,122007,76.7905546641921,0.4608812646846059,184.6650009155273,175.9420004272461,189.04676648400684,208.1284613511013,161.20154047995342,6.932536601905554,4.926572228505344,2.00596437340021,0.0594776293611449,0.0353803375489287,27.901428285714285,5.800000000000015,3.9666952224489793,27.101428428571428,13.771428400000028,3.5863584918367346,1.0,0.0,0.0,0.0,2.2142999172210693,2.219099998474121,2.168800115585327,2.213900089263916,0,27.503265830955684,0.1185164798344608,2.230799913406372,2.3610999584198,-0.0202789432118387,0.1189844517266988,236.293,0.6440044126228228,1.51220287576308,0,0,0,0,4,16,0.8660254037844387,-0.4999999999999998,0.9350162426854148,-0.3546048870425354,16.110000610351562,0.0340942688297212,15.162500143051147,1.0,453.5174467982869,-2.671898733806693,193.3500061035156,177.89999389648438,24.315713214285715,0.3571428628571469,26.95086877913247,44.25041888399444,470.8443529611837,376.8633856995432,23.49524181541014,434.15616910160094,54.75365952436283,0.4892680647182996,0.6080292434156852,0.5476130787916138,0.8934557532179137,0.0903099802235373,0.1058587501074176,0.0866378596173931,1.042384590276294,2.1327769785175024,-0.4819571006408877,0.0782363917515516,0.1080582889722247,0.7240202047939094
2014-04-21 00:00:00+00:00,196.6999969482422,207.3999938964844,185.6000061035156,205.8500061035156,32652,60.95570844769271,0.5146848243698133,187.3975006103516,180.4410000610352,190.8003250564192,210.83259646237747,163.96240475832565,5.4961771321308674,5.348445318452033,0.1477318136788348,-0.0223658055082257,0.1294860972843998,25.937142285714287,37.15714358285716,2.6601279979591834,27.1835705,22.471428862857174,3.7055789306122446,0.0,0.0,0.0,0.0,2.200999975204468,2.246999979019165,2.1963000297546387,2.228199958801269,0,39.43443917076902,0.1251634699428251,2.213900089263916,2.3232998847961426,0.0045271434273741,0.1237955334393411,236.293,0.6440044126228228,1.51220287576308,0,0,0,0,4,17,0.8660254037844387,-0.4999999999999998,0.8854560256532099,-0.4647231720437685,13.25,-0.195442682643154,14.702500104904177,0.0,438.28692509628297,-0.1912900698854128,204.8500061035156,193.3500061035156,22.665712857142857,2.7285714971428856,26.96588179338199,42.84532275359849,474.9204538563913,387.32440324709967,21.89901265232292,435.80847149947385,69.32091372815216,0.4565268880988287,0.6168526894138996,0.55729572628692,0.8191824526426824,0.1108286127666034,0.1094357315100729,0.0905796559087475,1.2235484824845262,0.5549904008687991,-0.4670286371323723,0.0881025617409051,0.0996620258823033,0.8840132650405675
2014-04-28 00:00:00+00:00,198.8000030517578,215.6999969482422,197.0,197.1000061035156,1548,53.0498017040998,0.5833340738419424,195.1725006103516,187.44800048828125,197.312259599092,220.764925461629,169.58007575907413,6.742533307243491,6.587039136325464,0.1554941709180273,0.0106761877788346,0.1273036357881625,23.287142285714285,17.957142314285733,2.895890336734694,27.044285285714288,70.38571575428574,2.633774044897959,0.0,0.0,0.0,0.0,2.228199958801269,2.246999979019165,2.193599939346313,2.238800048828125,0,57.218663815570345,0.1235017765720555,2.228199958801269,2.256200075149536,0.0,0.1240886351727518,236.293,0.6440044126228228,1.51220287576308,0,0,0,0,4,18,0.8660254037844387,-0.4999999999999998,0.8229838658936565,-0.5680647467311557,13.970000267028809,0.0529146399510848,14.725000143051147,0.0,445.0734565393068,-0.6440044126228228,196.6999969482422,204.8500061035156,26.612142,3.657143062857172,26.97094008320988,44.62212230202993,461.01830914165765,423.0831935117028,9.483778907488734,439.514465515407,79.4665879998767,0.3238720960582908,0.6177978372286557,0.546034976407979,0.5931343304370325,0.0940643695230408,0.0989402074578365,0.0931264784501302,1.0100710451829482,0.0262792235406116,-0.4598505504051992,0.1001541057385331,0.100245615315163,0.9990870466781754
2014-05-05 00:00:00+00:00,202.3999938964844,208.8999938964844,192.3999938964844,200.8999938964844,106,48.61189062081251,0.6201898214638215,201.7200004577637,191.74300048828124,199.54692133509425,215.47237613658243,187.96762477894487,4.903361902510682,5.946168156778789,-1.0428062542681076,0.0181086055808024,0.1592210012666719,23.887141857142858,3.942857000000008,3.265859683673469,22.787142714285714,32.99999832000003,2.883563910204081,0.0,0.0,4.0,4.0,2.22029995918274,2.254600048065185,2.200999975204468,2.2149999141693115,0,50.857094416624925,0.1229688242458219,2.238800048828125,2.27649998664856,0.0134000553272684,0.1259945536231415,236.293,0.6440044126228228,1.51220287576308,0,1,0,1,5,19,0.4999999999999999,-0.8660254037844387,0.7485107481711013,-0.663122658240795,13.289999961853027,-0.0499003225285137,14.15500020980835,0.0,448.3159691085821,0.696001120104017,198.8000030517578,196.6999969482422,25.483571357142857,3.685714342857171,26.70101767231155,43.87230785157639,459.0457073071576,433.5511914640719,6.373628960771447,443.035066952677,67.90319806037854,0.2953277645203587,0.4167094505743818,0.5388952779899474,0.5480243956519206,0.0815217415887807,0.1052389240042367,0.0934536558944618,0.8723225655036799,0.0017994343664799,-0.5573270670683748,0.0619911417817318,0.1010766531930832,0.6133081546559603
2014-05-12 00:00:00+00:00,186.1000061035156,203.1000061035156,180.8000030517578,203.1000061035156,108,29.07164603953325,0.596484345880828,199.7599998474121,193.1610003662109,196.05587341849565,217.38500029505155,182.13499939977265,0.1258935179358218,3.24425611420924,-3.118362596273418,-0.0805335389550717,-0.0970402688389772,24.37285614285714,0.0428571428571504,3.447105326530612,24.35142742857143,0.0285714285714336,3.429465943877551,0.0,0.0,4.0,0.0,2.240000009536743,2.2423999309539795,2.195199966430664,2.2074999809265137,0,44.3658370711854,0.1079723236913379,2.2149999141693115,2.203900098800659,-0.0070630799956244,0.1063793549726693,236.293,0.6440044126228228,1.51220287576308,0,1,0,2,5,20,0.4999999999999999,-0.8660254037844387,0.6631226582407952,-0.7485107481711012,12.229999542236328,-0.0831199575852946,13.18499994277954,0.0,410.8157599239348,-1.3503124121852628,202.3999938964844,198.8000030517578,25.094285142857142,16.971428914285738,26.54943120497348,41.04367969525349,469.738874438477,401.5071808955763,17.057923385725182,430.14734414118016,15.98005096169787,0.3803611503937734,0.4139271033852247,0.5686184101117294,0.6689216123512761,0.1198280619042737,0.0993105532012472,0.0975460509690316,1.228425430139266,0.001887277130919,-0.4522168238326757,0.054141777241829,0.0901473434163195,0.6005919773572371
2014-05-19 00:00:00+00:00,180.1499938964844,194.25,180.1499938964844,183.6499938964844,9210,19.05273268759123,0.5459906233559212,196.15124969482423,191.9495001220703,190.37654859681368,219.37264763192704,172.92985175772142,-3.339914432420329,-0.6218072927603454,-2.718107139659984,-0.0319721225786612,-0.1046222831562606,23.77285557142857,0.0571428571428673,3.1841017612244897,22.740712357142858,0.1714285714286019,3.3384889193877547,0.0,0.0,3.0,3.0,2.194999933242798,2.2239999771118164,2.184499979019165,2.2102999687194824,0,46.31813465498787,0.0996913704822478,2.2074999809265137,2.228199958801269,-0.00248844293164,0.1028658933153222,237.072,0.3296754453157691,1.9528578985167573,0,1,0,3,5,21,0.4999999999999999,-0.8660254037844387,0.5680647467311558,-0.8229838658936564,12.420000076293944,0.0154161703786544,12.977499961853027,0.0,398.1855258742144,-0.5785197384797691,186.1000061035156,202.3999938964844,27.544284714285716,4.457142771428575,26.30370740833925,38.406760267909945,475.4689506449616,375.7264050780574,24.935636391726057,417.36261683439386,16.67076045907426,0.2945850498030731,0.3865879381878817,0.5687128603763929,0.5179855514929829,0.0782681464403355,0.0969021864446068,0.0995632078159572,0.7861150749970166,0.1626584860574368,-0.4517581750963967,0.0498014817023278,0.0856448883161474,0.5814880124965751
2014-05-26 00:00:00+00:00,181.8999938964844,186.3999938964844,176.6999969482422,183.8999938964844,43769,28.09828488557862,0.4047703547443931,190.60124893188475,190.20849975585932,187.7617687306896,210.32268042940817,170.87981743436134,-3.634005795139132,-2.3339239155574405,-1.300081879581691,-0.0032877046767978,-0.143798557263338,24.865714142857144,3.442857185714296,2.930340185714286,23.204998714285715,0.9571428857142908,3.119278917346939,0.0,0.0,3.0,0.0,2.202800035476685,2.220599889755249,2.1875,2.219000101089477,0,39.49508652066303,0.0966837441237922,2.2102999687194824,2.2090001106262207,-0.002395014603992,0.1008499273678926,237.072,0.3296754453157691,1.9528578985167573,0,1,0,4,5,22,0.4999999999999999,-0.8660254037844387,0.464723172043769,-0.8854560256532096,11.359999656677246,-0.0892096995772309,12.324999809265137,0.0,403.6361048444742,-0.5691769057149692,180.1499938964844,186.1000061035156,29.554999,37.15714244285717,26.10379071840031,35.990655920671514,460.5388048682611,369.9378750073416,22.65023246522985,411.872012038426,14.778254270077966,0.3168525857502782,0.3741000685383943,0.5624365968578867,0.5633569755005984,0.0533259883107103,0.0854016615534282,0.0975807469009142,0.5464805767479217,0.7832684173839127,-0.5301115364951999,0.0458727677050055,0.0803817224009761,0.5706864773226573
2014-06-02 00:00:00+00:00,172.35000610351562,182.9499969482422,170.8000030517578,181.5,66613,33.25212656658191,0.3589818035868096,184.3262489318848,189.19549987792968,183.6007731021308,200.222269479684,168.43022838408558,-4.532568356393881,-3.5662039268410552,-0.9663644295528258,-0.0525013090346967,-0.1444526745374095,21.972856,14.171428628571446,2.468781375510204,23.62999992857143,9.971428742857178,2.7466256591836733,0.0,0.0,0.0,0.0,2.221100091934204,2.2711000442504883,2.205699920654297,2.236799955368042,0,62.238396372747886,0.07921244622092,2.219000101089477,2.2307000160217285,0.0037022790708514,0.0850379350976774,237.072,0.3296754453157691,1.9528578985167573,0,1,0,5,6,23,1.2246467991473532e-16,-1.0,0.3546048870425358,-0.9350162426854148,11.579999923706056,0.0191810824854942,11.897499799728394,0.0,385.5124859600255,0.0405524617693708,181.8999938964844,180.1499938964844,26.3835705,77.95714412857146,25.944191312604904,34.31199610274801,420.9080583310442,378.16687997028026,10.685294590190964,401.32820160706586,7.395163845479459,0.2978848397567147,0.3405957286343175,0.56910256753958,0.5234290820550666,0.0704960456409089,0.0806879967770018,0.0986232809209676,0.7148011892789238,1.224435027080058,-0.1805198082625379,0.051804987789211,0.0820221881059082,0.631597164981116
2014-06-09 00:00:00+00:00,165.35000610351562,174.35000610351562,165.10000610351562,172.0500030517578,78668,33.370800232619374,0.3535858741685064,178.01874923706055,188.6504998779297,178.0051711468539,189.9335428861013,166.10395558801974,-5.9171806341035165,-4.890043514268523,-1.0271371198349932,-0.0406150261218772,-0.1430421937354583,24.522856571428573,4.5857142857143005,2.6401544387755105,23.01928528571429,26.52857142857146,2.498335996938775,0.0,0.0,1.0,1.0,2.2718000411987305,2.2869999408721924,2.2218000888824463,2.242799997329712,0,64.11892247597675,0.0844224515626441,2.236799955368042,2.213000059127808,0.0059187891505641,0.0778857136971414,237.072,0.3296754453157691,1.9528578985167573,0,1,0,6,6,24,1.2246467991473532e-16,-1.0,0.2393156642875576,-0.970941817426052,11.149999618530272,-0.0378400018628301,11.62749981880188,0.0,370.8469932474327,0.2622034697406409,172.35000610351562,181.8999938964844,24.4228565,93.77143260000004,25.7554876979668,33.80983967215598,418.7364758996593,360.3540790634141,14.595599209061318,389.1357182632127,10.714737659422312,0.2601848699463093,0.347809711347997,0.5721558464024901,0.4547447466189686,0.0559419392715905,0.0755720363135638,0.0994784218484848,0.5623524439628831,1.4053390665429148,-0.1628683369992886,0.0298279130362774,0.0824531204026658,0.3617559805262777
2014-06-16 00:00:00+00:00,172.9499969482422,179.6999969482422,165.10000610351562,165.35000610351562,100490,42.11821947313609,0.3188746739215618,175.0799987792969,188.14649963378903,175.44040015326206,186.682102593871,163.47789496472276,-4.540662678331984,-5.089934587143508,0.5492719088115239,0.0459630514919284,-0.0477632652540003,23.42285671428571,0.0714285714285841,2.8293654142857143,25.29071407142857,6.971428571428606,2.7361708408163268,0.0,0.0,2.0,0.0,2.224299907684326,2.246500015258789,2.2037999629974365,2.219599962234497,0,49.511358659016565,0.0921580624505921,2.242799997329712,2.21560001373291,-0.0060012072686074,0.0884606142631195,237.9,0.349260984004851,2.1271115499366777,0,1,0,7,6,25,1.2246467991473532e-16,-1.0,0.120536680255323,-0.992708874098054,12.649999618530272,0.1262177213242235,11.684999704360962,0.0,383.87980669477474,-0.9493817108655912,165.35000610351562,172.35000610351562,24.772855714285715,17.8571431714286,25.72550230270627,32.078329278560666,412.9348711347839,359.0028242385697,13.483011724053547,387.0333536358375,36.049326579257766,0.2561687208129808,0.3060654739489471,0.5714380032798023,0.4482878542550666,0.0844174102477482,0.0684899059822587,0.1013277501569844,0.8331123683871284,1.7572252313688477,-0.1554363503833256,0.0497243469703487,0.0747390204798761,0.6653062884423859
2014-06-23 00:00:00+00:00,175.10000610351562,175.85000610351562,163.10000610351562,172.5,32735,55.58700357146249,0.3219220809191931,172.1125,185.5534994506836,173.54039795992898,180.9787507402881,163.24624925971193,-3.4352017817256524,-4.43281115836975,0.997609376644098,0.0124313916924605,-0.0344637429812516,22.565713714285717,0.3285714285714412,2.5446105102040817,22.929998571428573,0.3714285714286069,2.672675121428572,0.0,0.0,2.0,0.0,2.2323999404907227,2.2590999603271484,2.2039999961853027,2.226799964904785,0,36.0285591978251,0.1093474152161243,2.219599962234497,2.2107999324798584,-0.0033284049637098,0.090521600300456,237.9,0.349260984004851,2.1271115499366777,0,1,0,8,6,26,1.2246467991473532e-16,-1.0,-3.216245299353273e-16,-1.0,10.979999542236328,-0.1415817906271158,11.589999675750732,0.0,389.91268744613626,-0.682101480375831,172.9499969482422,165.35000610351562,28.20857057142857,75.8857161714286,25.545147223269005,30.032722781326346,398.9377358452011,366.13825082898353,8.199871254054374,388.18508715995705,36.76745849517385,0.2586852118033123,0.2742082392988138,0.4910320440416784,0.5268193994141068,0.0728155314424287,0.0673993829826773,0.0964727594016814,0.754778077731431,0.6229874469978947,-0.1442684130790421,0.050217983676137,0.0708645263014112,0.7086476014256659
2014-06-30 00:00:00+00:00,173.0,182.5,168.64999389648438,174.85000610351562,211,58.71886340006893,0.3443518302685979,171.56499938964845,183.3734994506836,174.1236983061689,179.3342439965924,163.7957547827045,-1.6337233098717263,-2.713519868245197,1.0797965583734703,-0.011993181212536,-0.0253521126760563,24.022857,0.4000000000000101,2.5291378551020407,22.31928485714285,1.2000000000000304,2.600776078571428,0.0,0.0,3.0,3.0,2.214900016784668,2.222100019454956,2.1723999977111816,2.191800117492676,0,39.71292821208976,0.1214288537847894,2.226799964904785,2.223599910736084,0.0032835870566566,0.1184527659647417,237.9,0.349260984004851,2.1271115499366777,0,1,0,9,6,27,1.2246467991473532e-16,-1.0,-0.1205366802553228,-0.992708874098054,11.56999969482422,0.0523401204384098,11.587499618530272,0.0,379.1814203262329,-0.020902278339191,175.10000610351562,172.9499969482422,28.76214285714286,16.657142868571466,25.337027070615708,28.17254711801497,397.0429880634407,364.8674657938476,8.043880567398276,384.5836204264674,42.880436121058416,0.2561843495953041,0.272061090002427,0.4927782960860429,0.5198774914222225,0.0800578387486452,0.0727457530702643,0.0960336575374087,0.8336434586074692,0.0049098141600425,-0.1513941951985549,0.0730225347892548,0.068839213110887,1.0607693040293216
2014-07-07 00:00:00+00:00,169.0,172.25,165.0,172.25,90,45.39090434186223,0.3650290981627615,171.3224998474121,180.26249938964844,172.57828359999323,179.26409382556642,163.3809058692578,-2.100327594977216,-2.2956727268961163,0.1953451319189003,-0.0085068757653453,-0.0008867508241009,25.10857085714286,0.0,2.843791804081633,24.876428428571423,0.0,2.654572253061225,0.0,0.0,7.0,10.0,2.20959997177124,2.240499973297119,2.184799909591675,2.2098000049591064,0,45.09803234085523,0.1144164274217051,2.191800117492676,2.25629997253418,-0.0009576536913536,0.1209215491175139,237.9,0.349260984004851,2.1271115499366777,0,1,0,10,7,28,-0.4999999999999997,-0.8660254037844388,-0.2393156642875574,-0.970941817426052,11.329999923706056,-0.0209614465229971,11.63249969482422,0.0,373.456200838089,-0.445026353140211,173.0,175.10000610351562,25.96571414285714,11.799999611428609,25.307311029193496,26.354963432981744,395.5822229476008,367.6328347050157,6.987347060646272,380.1326525911161,53.67264555750534,0.220758223606767,0.2614027123625172,0.4925576025800998,0.4481876190084612,0.0428994082840236,0.0672264255988872,0.0955874913124744,0.4487972558649271,0.0023522001565513,-0.1241149074866901,0.0733765625757657,0.0705588953895468,1.0399334027457343
2014-07-14 00:00:00+00:00,162.3000030517578,170.1999969482422,157.8000030517578,169.5,137,35.487531914554964,0.3583783939519134,170.00499954223633,176.3614993286133,169.14441564548684,180.77038754444987,159.2396115400228,-3.5393741221283506,-2.712954455261688,-0.8264196668666624,-0.0396449523564625,-0.0561209308970739,21.72285657142857,5.600000285714301,2.673243324489796,24.02285607142857,2.228571542857148,2.822127642857143,0.0,0.0,1.0,0.0,2.22029995918274,2.2249999046325684,2.19350004196167,2.2174999713897705,0,51.45440142527319,0.1165205536489367,2.2098000049591064,2.226999998092652,0.0013585207851049,0.1165709259644591,238.343,0.1862126944094155,2.0723413731670526,0,1,0,11,7,29,-0.4999999999999997,-0.8660254037844388,-0.3546048870425356,-0.9350162426854148,11.81999969482422,0.0423389178532421,11.424999713897703,0.0,359.9002521238326,-0.0503606158989255,169.0,173.0,27.58357057142857,57.44285408571432,25.22444296740221,24.798422020715645,400.6128245191304,350.61245584801503,12.500092167778831,372.0396924042028,16.736933972314816,0.2173521772972871,0.2565693175885971,0.3553801902756331,0.6116046339348918,0.07640168615727,0.0713183749760231,0.0881319478506636,0.8669010427151738,0.0037290732980649,-0.0798069265758364,0.0741414337190747,0.0668800399220108,1.1085732412809404
2014-07-21 00:00:00+00:00,171.64999389648438,171.64999389648438,159.39999389648438,159.39999389648438,8921,48.3312661358345,0.395009803111002,168.74499893188477,172.95949920654297,167.69450353532895,181.367864628841,156.12213323492853,-2.4694210639162577,-3.1375431606192943,0.6681220967030366,0.0576093078799562,0.0278442748292477,23.322856714285717,2.2000001142857197,2.8069755346938776,21.9121415,13.371429257142886,2.576538767346939,0.0,0.0,5.0,5.0,2.205300092697144,2.255899906158448,2.190500020980835,2.2223000526428223,0,52.82217623684444,0.105898895367496,2.2174999713897705,2.219500064849853,-0.000495959669534,0.1166171558004824,238.343,0.1862126944094155,2.0723413731670526,0,1,0,12,7,30,-0.4999999999999997,-0.8660254037844388,-0.464723172043768,-0.8854560256532101,12.8100004196167,0.0804331625062476,11.882499933242798,0.0,381.45779047229735,-0.2358086613628155,162.3000030517578,169.0,25.76571407142857,54.04285554285719,25.01074609853756,24.061196681130305,392.8400645473552,354.1577673328708,9.670574303621084,375.8069316314407,41.80250020310614,0.2792070937333285,0.2568992093681196,0.3353421392851705,0.8326036387865293,0.0713661545912289,0.0687081238447193,0.086261519457919,0.8273230841106691,0.2401630341143392,0.2233751120754958,0.0669548206387097,0.067331446060205,0.9944062486758274
2014-07-28 00:00:00+00:00,181.1000061035156,183.3999938964844,166.60000610351562,172.0,64491,61.8736459489585,0.422443607789562,168.99499969482423,172.36999938964843,171.45193621823108,182.5328195580989,155.45717983154952,1.2320317202453452,-1.038790152439367,2.2708218726847123,0.055053961800489,0.0128635515240567,20.579999571428573,18.50000092857144,3.1182958857142857,22.212142357142856,9.542857571428575,2.999701162244898,0.0,0.0,2.0,0.0,2.2070000171661377,2.2316999435424805,2.1946001052856445,2.222100019454956,0,49.864659082843474,0.1123088014193458,2.2223000526428223,2.1939001083374023,-0.0147845959827613,0.1163917111157807,238.343,0.1862126944094155,2.0723413731670526,0,1,0,13,7,31,-0.4999999999999997,-0.8660254037844388,-0.5680647467311556,-0.8229838658936566,12.5600004196167,-0.0197089542165807,12.130000114440918,0.0,402.4223270859147,-1.6646722926855455,171.64999389648438,162.3000030517578,24.05499871428572,127.7571435714286,24.83019101844757,23.124529641794712,414.895618367188,343.72266689287886,17.793237868577272,386.4530898132303,68.8023359047912,0.3309362782908507,0.2828664049248895,0.3365408266733837,0.9833465726241944,0.0927663568568076,0.0726982889275951,0.0857146521155742,1.082269410707415,1.5977593562480867,0.5673787519068291,0.0658706324136081,0.0672100166908654,0.9800715110050772
2014-08-04 00:00:00+00:00,190.5,207.3999938964844,178.39999389648438,181.1499938964844,91758,82.59957876796031,0.4159956390899986,173.5125,172.96999969482422,178.27600564781144,196.212627223912,150.81237277608798,5.036653128987638,2.260586610525834,2.776066518461804,0.0519049893963639,0.12455730143892,23.244285,16.300000571428583,2.751803126530612,18.55142807142857,57.65714542857147,3.089495870408163,0.0,0.0,2.0,2.0,2.2172999382019043,2.280400037765503,2.2037999629974365,2.2523000240325928,0,63.88897882774028,0.1018242842158967,2.222100019454956,2.2067999839782715,0.0030648314148212,0.1104680516153251,238.343,0.1862126944094155,2.0723413731670526,0,1,0,14,8,32,-0.8660254037844385,-0.5000000000000004,-0.663122658240795,-0.7485107481711013,15.119999885559082,0.1855011687335181,13.077500104904177,1.0,429.0631545782089,0.1202704470727045,181.1000061035156,171.64999389648438,26.15142842857143,172.68570811428577,24.425109537994736,25.352440337715795,452.292399808786,334.1293623213408,29.5407593718613,403.49711571922177,83.61202008642397,0.3401339958235448,0.3171673775955111,0.3425416027599117,0.9929713154645116,0.152230971128609,0.0871329154035878,0.0886790153843383,1.716651378032563,2.041909458389949,0.4568248550465884,0.039103930780796,0.07170477024277,0.5453462188769337
2014-08-18 00:00:00+00:00,188.8999938964844,190.3999938964844,181.1000061035156,189.1000061035156,67681,58.05501020600573,0.4213468926488771,184.5200012207032,175.25100006103514,183.54091640180224,197.23974825636063,171.80025418504562,3.665318260170324,3.820896658091923,-0.1555783979215994,-0.001321702395279,0.1066197848483887,23.994285428571427,1.6285714285714414,3.396406424489796,23.16928485714286,0.6428571428571479,3.605146642857143,0.0,0.0,2.0,0.0,2.2704999446868896,2.2832999229431152,2.241300106048584,2.2455999851226807,0,58.08233711500632,0.1009660540243002,2.2790000438690186,2.255399942398072,-0.0066038603436021,0.1089976217645525,238.25,-0.0390193964160845,1.9923286357643064,0,1,0,16,8,34,-0.8660254037844385,-0.5000000000000004,-0.8229838658936564,-0.5680647467311559,12.31999969482422,-0.1441284465982326,13.557499885559082,0.0,424.19382348361984,-0.6213666379441255,189.1499938964844,190.5,26.426428,76.15713791428576,24.368956332120565,22.37300672931959,448.01707112731344,395.3590036405145,13.164516871699735,418.3939737054668,87.82346480366007,0.2608284960921074,0.2702796514053126,0.3132751714451804,0.8325858910650711,0.0492323350633093,0.0897726137085069,0.0854754872505826,0.5759818503187908,1.4623469587281006,0.4671154238045782,0.0815889708458873,0.0630828953888844,1.2933610198027403
2014-08-25 00:00:00+00:00,182.75,189.6499938964844,178.64999389648438,189.1000061035156,20659,42.29432266478446,0.3952552203119098,186.06750106811523,176.57400024414062,183.26850797088403,194.4453078933433,177.68969424288713,1.7503130535964146,2.783055939934688,-1.0327428863382733,-0.0325568771582626,0.0200949273020671,26.244285285714284,0.8714285714285868,3.479345424489796,24.212142785714285,3.928571428571464,3.358382558163265,0.0,0.0,1.0,1.0,2.254699945449829,2.2811999320983887,2.227499961853028,2.272900104522705,0,55.808269161727104,0.0873998187894401,2.2455999851226807,2.2153000831604004,-0.0081162686803089,0.0851881555998514,238.25,-0.0390193964160845,1.9923286357643064,0,1,0,17,8,35,-0.8660254037844385,-0.5000000000000004,-0.8854560256532096,-0.4647231720437691,11.699999809265137,-0.0516351078330269,13.342499732971191,0.0,415.3724941015244,-0.7726074716148055,188.8999938964844,189.1499938964844,26.504999071428568,52.914285948571454,24.35883932912661,21.183043161529397,438.9115387939882,410.93961948164457,6.992979828085901,417.1853818638899,64.59967721014874,0.2848793055273396,0.2748719974399247,0.2922080956959051,0.9749192441081956,0.0601915184678524,0.0875376864838316,0.0810115673780142,0.7429989689867194,0.4881818128111422,0.5155676611637653,0.0871127515971394,0.0631360205600421,1.379762883798905
2014-09-01 00:00:00+00:00,195.75,197.6999969482422,183.0,183.0,187,58.73016962288975,0.3990788733168092,187.33250045776367,178.5770001220703,186.84332102455969,196.47074905816703,178.1942518573603,3.558788383549569,2.943960043476424,0.6148283400731449,0.077918465974162,0.003588807676442,28.515713428571427,1.3857142857143008,4.414031916326531,27.44071357142857,0.9428571428571784,3.82826586632653,1.0,0.0,1.0,0.0,2.2809998989105225,2.2850000858306885,2.2167999744415283,2.231600046157837,0,36.49013722465466,0.094687519906444,2.272900104522705,2.2602999210357666,0.0026874821659732,0.0884664336457645,238.25,-0.0390193964160845,1.9923286357643064,1,1,1,18,9,36,-1.0,-1.8369701987210292e-16,-0.9350162426854148,-0.3546048870425359,12.09000015258789,0.0327898517461159,12.584999799728394,0.0,436.8357090353966,0.3077676130134045,182.75,188.8999938964844,28.283570857142852,79.77142864000002,24.55766992540416,19.877224708711832,445.35596790216186,408.38146760206473,9.243625075024276,425.0455127324927,59.92074114244826,0.2798194041975294,0.2914560139110964,0.2923106683909851,0.9572671300883924,0.0750957698505348,0.0840035690825771,0.0802508568593641,0.9357627249327616,0.0051618602019184,0.4488829332056718,0.1150244927758247,0.0691908406597049,1.6624234516430407
2014-09-08 00:00:00+00:00,189.6499938964844,204.6999969482422,188.6999969482422,200.1000061035156,51,50.74331002827336,0.4024824432426091,189.6375,180.58600006103515,190.3163291092788,202.12858343575405,177.14641656424592,3.7612682692106887,3.866812767263337,-0.1055444980526481,-0.0311622278595943,0.03070648856785,26.40857114285714,4.257142771428589,4.448504775510204,27.987141142857144,4.342857114285749,4.446844034693877,0.0,0.0,0.0,0.0,2.2411999702453613,2.2535998821258545,2.2219998836517334,2.237799882888794,0,43.29737464205096,0.0858439444583918,2.231600046157837,2.294100046157837,-0.0025062560115096,0.0941048581378993,238.25,-0.0390193964160845,1.9923286357643064,1,0,2,0,9,37,-1.0,-1.8369701987210292e-16,-0.970941817426052,-0.2393156642875577,12.65999984741211,0.0460687274155727,12.19249987602234,0.0,424.3987341314133,-0.2116062047348755,195.75,182.75,29.84785621428572,47.42856946285717,24.778926132981773,18.87500744455531,442.8495155753064,407.5508648006706,8.824662693658953,424.78680129206094,43.27213953741091,0.2300473143384421,0.2922230790907587,0.2908358167392542,0.7909868495833172,0.0843659399679875,0.0704305628504528,0.0789277232194333,1.06890108871409,0.001474107731261,0.4475316088961873,0.1044058315942877,0.0685648398223747,1.522731135046065
2014-09-15 00:00:00+00:00,177.3000030517578,190.8000030517578,176.1999969482422,190.8000030517578,78,45.27320374437125,0.4096224855243081,188.175,181.59400024414063,186.3154589939757,203.5211962107886,172.82880378921143,-0.6510023021280631,1.6987559916597912,-2.349758293787854,-0.0651199116382124,-0.0369364629349022,28.82999914285714,0.5571428428571454,5.008119171428571,25.18714278571429,7.542856971428602,4.681401187755102,1.0,0.0,6.0,6.0,2.263099908828736,2.3473000526428223,2.249099969863892,2.271899938583374,0,46.53647741331061,0.0922623489597109,2.237799882888794,2.2639000415802,-0.0006701345919765,0.0767738435528012,237.852,-0.1670514165792225,1.6996113341628316,1,0,3,0,9,38,-1.0,-1.8369701987210292e-16,-0.992708874098054,-0.1205366802553235,14.119999885559082,0.1091448192969409,12.642499923706056,0.0,402.8078660441206,0.1000379573815725,189.6499938964844,195.75,28.79071385714286,20.028570457142884,24.805262691222584,18.14390096241811,448.5982684932093,391.1091331630181,14.37228383254782,415.9952271928848,33.37337616054374,0.2764637112409937,0.3222336845505964,0.3003001391840153,0.92062462170668,0.0823463387039737,0.0702463804107315,0.0783418216784799,1.0511158207524245,0.0022593175123169,0.4321925288328762,0.1102339486860419,0.0723774696739875,1.5230421007000048
2014-09-22 00:00:00+00:00,179.39999389648438,182.8500061035156,176.39999389648438,177.64999389648438,34452,33.85980461505649,0.407859687842079,187.1599998474121,182.57400024414065,184.09548341324404,203.8312665160606,170.48873317876362,-1.7987726690865884,-0.1822205820089026,-1.6165520870776855,-0.0013915948148823,-0.0255296689365045,29.95857057142857,1.8714285928571504,5.533224767346939,28.929999428571428,0.9857143000000052,5.21834823877551,5.0,0.0,4.0,0.0,2.337500095367432,2.3896000385284424,2.318000078201294,2.365000009536743,0,80.368687024678,0.1382447325554571,2.271899938583374,2.2667999267578125,-0.0100727848747365,0.0939243324738107,237.852,-0.1670514165792225,1.6996113341628316,1,0,4,0,9,39,-1.0,-1.8369701987210292e-16,-1.0,-1.8369701987210292e-16,13.6899995803833,-0.0309266153111874,13.139999866485596,0.0,424.2809872760772,-0.8402270708944275,177.3000030517578,189.6499938964844,26.62642857142857,69.41428364000002,25.07137473879348,17.036921177745974,450.3501706911504,393.81147755235344,14.134673284699234,419.3095312261619,55.7874281725062,0.3465425418093469,0.3149289066744224,0.3136322036845373,1.1049328694210985,0.0359532465243724,0.0675905627029442,0.0760633969252595,0.4726746799509048,0.9506360199771114,0.341157689663225,0.1527536039585863,0.0937133988336024,1.630007977084856
2014-09-29 00:00:00+00:00,191.25,191.9499969482422,179.39999389648438,179.75,61796,51.52964290340686,0.4158543568314835,186.41500015258788,185.1120004272461,184.9543738504901,202.47017211852565,170.3598281866501,-0.1390601806057816,-0.6219231646176802,0.4828629840118985,0.0660535479747741,-0.0059770994436887,30.201428142857143,4.700000028571447,5.295612895918367,29.57999907142857,6.885714371428607,5.440471155102041,3.0,0.0,0.0,0.0,2.3961000442504883,2.473599910736084,2.3635001182556152,2.419800043106079,0,77.27275018440079,0.1450999803647618,2.365000009536743,2.2372000217437744,0.0007614146503392,0.1385750078027558,237.852,-0.1670514165792225,1.6996113341628316,1,0,5,0,9,40,-1.0,-1.8369701987210292e-16,-0.992708874098054,0.1205366802553232,15.979999542236328,0.1546723030430634,14.112499713897703,1.0,462.7867582440376,0.2431928816131425,179.39999389648438,177.3000030517578,28.69428571428572,90.42856926857144,25.362253727995743,16.382004609596468,478.5054688762132,378.6317039716112,24.968441226150517,436.7004220333123,63.80276059787696,0.4267054835606544,0.3424853130013613,0.3108191856525527,1.3728414767460002,0.0656209309895833,0.0686764452072903,0.073353040379525,0.8945903496863991,1.571401689492905,0.246426041692702,0.1582298688454657,0.0980843691889633,1.613201512349176
2014-10-06 00:00:00+00:00,220.8000030517578,225.5,188.5500030517578,191.4499969482422,97439,82.65765466476722,0.4296762080040599,188.50750045776368,188.3940005493164,193.6935053270617,212.6315084223726,164.38349249315476,5.970939364763126,2.266981402946097,3.703957961817029,0.1545098198784722,0.1182578195209411,27.89428571428571,2.0000000000000178,5.329507246938776,29.044285142857145,6.328571428571465,5.153794385714286,3.0,0.0,0.0,0.0,2.441699981689453,2.503000020980835,2.3742001056671143,2.454900026321411,0,70.0347445567275,0.1601147662004933,2.419800043106079,2.239300012588501,-0.0022290792991197,0.1517047500953247,237.852,-0.1670514165792225,1.6996113341628316,1,0,6,0,10,41,-0.8660254037844386,0.5000000000000001,-0.970941817426052,0.2393156642875573,15.460000038146973,-0.0330818660653526,14.81249976158142,1.0,542.0419333035279,-0.0558565133327474,191.25,179.39999389648438,29.65142857142857,0.0857142857142897,25.59980414185777,15.733396017272277,580.5578039902124,335.4009684436693,61.28920888663579,478.8370265413986,86.57492506323852,0.6190636974873547,0.4641781160976411,0.3889131929905343,1.5917785581129318,0.1673459983584362,0.0871264909088706,0.07780693297543,2.1507849037492828,2.227846769942914,0.1228966460183202,0.0995614774311133,0.0991467885445777,1.0041824737926277
2014-10-13 00:00:00+00:00,218.1000061035156,225.4499969482422,211.0,220.8500061035156,68002,74.86631223309874,0.4333772800238603,197.30750045776367,191.8430004882813,203.4086963915064,230.96011092484304,163.6548899906843,9.186044960475954,6.466805109700913,2.7192398507750406,-0.0122282468791873,0.2079756434066269,30.801428571428573,0.0285714285714311,5.992876320408164,25.34071342857143,3.00000000000003,5.743060646938774,4.0,0.0,6.0,6.0,2.423799991607666,2.4267001152038574,2.356600046157837,2.385999917984009,0,48.53429113873888,0.1901517300543683,2.454900026321411,2.2948999404907227,-0.0150396907427723,0.1742127938443719,238.031,0.075256882431085,1.657918675715031,1,0,7,0,10,42,-0.8660254037844386,0.5000000000000001,-0.9350162426854148,0.3546048870425355,24.63999938964844,0.4661150682678188,17.44249963760376,1.0,520.3865966753,-1.5792259567083151,220.8000030517578,191.25,30.08714285714285,5.542857714285743,25.58308861196833,14.911886596803098,594.8522848545526,379.8958528949188,53.73910798990846,495.4568545949592,86.54023440639263,0.6379465893642672,0.4806914992235997,0.3993516793963809,1.59745559190828,0.0662539960745524,0.0835041021301836,0.0784533333636221,0.8445018814236231,1.5128869706438453,0.1738693637787466,0.1824918214956165,0.1131052298175792,1.613469206112349
2014-10-20 00:00:00+00:00,199.3999938964844,224.5500030517578,197.1999969482422,217.0,68313,53.91584970418692,0.4363340854647076,205.7625,194.2020001220703,206.78651117023773,234.1492985089899,177.3757014910101,6.384374970066574,7.530005690400105,-1.1456307203335312,-0.0857405395860269,0.1202246848117101,34.71571514285714,1.300000000000005,6.6675265510204085,33.505,0.4857142857142882,6.13493733877551,7.0,0.0,5.0,0.0,2.3905999660491943,2.4988999366760254,2.378499984741211,2.4307000637054443,0,48.04161964078182,0.1735455018381153,2.385999917984009,2.3631999492645264,-0.0037232219190846,0.1908761472143674,238.031,0.075256882431085,1.657918675715031,1,0,8,0,10,43,-0.8660254037844386,0.5000000000000001,-0.8854560256532101,0.464723172043768,18.56999969482422,-0.2828237549637493,18.66249966621399,1.0,484.6815778670498,-0.447579074339545,218.1000061035156,220.8000030517578,28.322857142857146,34.714289428571455,26.094179669260694,13.981165802539303,573.4496104646053,431.4988225803525,35.48769697106317,491.1467439037955,67.24535795647162,0.6754943332880605,0.5231688638844907,0.4113327824574516,1.6422088043416423,0.137161519261199,0.0944671382416287,0.0817866070446366,1.6770655666848338,1.5169373910529902,0.1963443184720649,0.1833891878288217,0.115480449151346,1.5880538506387132
2014-10-27 00:00:00+00:00,190.8999938964844,201.3000030517578,188.0,195.0,69863,26.629929750736792,0.4826077015391017,207.60250015258788,195.05100006103515,201.33977437602195,230.7587750502396,184.4462252549362,-0.1344685995618135,3.5727113880146133,-3.707179987576427,-0.042627884955767,0.0260682115838362,25.487142714285717,13.68571343428573,5.683518879591837,33.43,9.157142285714306,6.501501647959183,0.0,0.0,0.0,0.0,2.4621999263763428,2.5520999431610107,2.450000047683716,2.468899965286255,0,57.569468474897306,0.1798106552417568,2.4307000637054443,2.4251999855041504,-0.0143775219118469,0.1875549245067883,238.031,0.075256882431085,1.657918675715031,1,0,9,0,10,44,-0.8660254037844386,0.5000000000000001,-0.822983865893657,0.5680647467311548,16.040000915527344,-0.1464616994146767,18.677500009536743,1.0,471.3129883041766,-1.513009073615775,199.3999938964844,218.1000061035156,27.990714214285717,37.785716571428594,26.56745840027613,13.669938478873176,569.47367630708,439.7378717679472,32.43395113478321,483.213241663948,52.84237759863977,0.7011981494679072,0.5275020870398688,0.4080752572087858,1.718305924943864,0.0696700024986367,0.1012104894364815,0.0824730102059889,0.8447611391534502,1.5666720860216363,0.2003296357499147,0.1512823032379795,0.1168970037617904,1.29415028125747
2014-11-03 00:00:00+00:00,185.8500061035156,193.8500061035156,185.6499938964844,191.0500030517578,71976,11.443888491779688,0.4148296058577606,203.2900009155273,195.3650006103516,196.24213163661275,230.65852655512447,175.9214752759301,-3.197462734382242,-0.3904426126848642,-2.8070201216973776,-0.0264535775506999,-0.0999999704430237,28.487142285714288,25.12856954857145,4.442552520408163,23.18,43.85713911142861,5.002485209183673,1.0,0.0,0.0,0.0,2.519599914550781,2.519700050354004,2.388999938964844,2.4135000705718994,0,53.002613891660765,0.2005772333335836,2.468899965286255,2.4921000003814697,-0.0107965106429961,0.1743301092943189,238.031,0.075256882431085,1.657918675715031,1,0,10,0,11,45,-0.5000000000000004,0.8660254037844384,-0.7485107481711011,0.6631226582407952,14.729999542236328,-0.0851994601185564,18.49499988555908,0.0,448.5490028466229,-1.154907946730695,190.8999938964844,199.3999938964844,26.140713785714286,77.72857492857146,26.348912697032517,15.617499810005786,541.360705905978,421.1043769405967,30.064082241345314,469.347546137018,0.0,0.6720334431218677,0.5411701444675472,0.4177501206842851,1.6086971463565078,0.0441216676768033,0.0969106367739255,0.0804582230774417,0.5483797740665756,1.6673635636023665,0.2083902419007583,0.1659791532451957,0.1228053484282871,1.3515627931017369
2014-11-10 00:00:00+00:00,181.3999938964844,189.4499969482422,181.1000061035156,185.8500061035156,89679,20.6451416015626,0.3065484043191868,194.84250030517572,194.9150003051758,191.44389670723035,219.1297123738712,170.55528823648038,-4.664753847514561,-2.9237395222310387,-1.7410143252835222,-0.0239441057890125,-0.1769510030854048,28.75142742857143,28.15714278285716,4.738175675510204,29.1692855,48.799998237142894,4.63586293877551,2.0,0.0,0.0,0.0,2.4921000003814697,2.585099935531616,2.490400075912476,2.5488998889923096,0,60.52950087908475,0.2304178459657978,2.4135000705718994,2.39490008354187,0.0049428717491384,0.2054702969502979,238.031,0.075256882431085,1.657918675715031,1,0,11,0,11,46,-0.5000000000000004,0.8660254037844384,-0.6631226582407955,0.7485107481711007,12.670000076293944,-0.1506491990429058,15.50250005722046,0.0,462.3704243059547,0.419030292482755,185.8500061035156,190.8999938964844,25.91571385714286,88.91428624285717,26.53087223270784,17.758306160143665,497.1218633616298,436.33513330027216,15.196682515339416,466.5566974045927,16.13539615516298,0.2749203223216607,0.5339174899518859,0.4191800330857913,0.6558526028525511,0.0460308220820089,0.0726476015186401,0.0791189876094207,0.5817922809038227,1.9489185532895543,0.2213381716470258,0.2448096145959236,0.1472036734937447,1.663067178657432
2014-11-17 00:00:00+00:00,187.5,193.6999969482422,181.5,181.9499969482422,94529,42.386177120731766,0.2866410967156949,188.45000076293945,193.90300018310543,189.96937466287048,197.0693837516812,179.83061777419772,-3.1504066336181324,-3.4794656428522543,0.3290590092341219,0.0336273776668181,-0.1098979091727889,26.522857,51.942858471428586,4.437210708163265,28.476427285714287,79.01428712571432,4.650392109183675,0.0,0.0,0.0,0.0,2.549299955368042,2.625,2.532399892807007,2.5968000888824463,0,61.07286800074146,0.2291263734864625,2.5488998889923096,2.46589994430542,-0.0069202486729096,0.2374952539458335,237.433,-0.251227781255392,1.664340215632043,1,0,12,0,11,47,-0.5000000000000004,0.8660254037844384,-0.5680647467311559,0.8229838658936564,13.989999771118164,0.0991057719623319,14.357500076293944,0.0,486.9000166654587,-0.440797086035568,181.3999938964844,185.8500061035156,28.27642857142857,13.071429128571456,26.65639191354696,21.710304932115967,499.4527458449144,435.113470216192,16.08481890718062,474.6940251089391,51.48921314948739,0.3780447237810596,0.5353930808014554,0.4198966275219701,0.9003280569525381,0.065066650390625,0.0724101323818546,0.0783694281915197,0.8302554145101143,1.863350853970556,0.1822085195879679,0.1973269273978976,0.1431575066506222,1.3783902655944824
2014-11-24 00:00:00+00:00,189.6499938964844,199.75,186.0,188.0,14260,51.62373534140873,0.2859699815674242,187.9275001525879,194.72300018310543,190.3625405906518,195.5513920606023,180.3036082445735,-1.494173378238543,-2.3178280041013983,0.8236546258628556,0.0114666341145834,-0.0096606062846767,27.358570714285715,34.14285785714287,5.054241271428571,25.14428557142857,105.00000342857146,4.441318496938775,1.0,0.0,0.0,0.0,2.60509991645813,2.605600118637085,2.499599933624268,2.51200008392334,0,54.06857309427815,0.2212228090480165,2.5968000888824463,2.495699882507324,0.0042063157582235,0.2178614568838627,237.433,-0.251227781255392,1.664340215632043,1,0,13,0,11,48,-0.5000000000000004,0.8660254037844384,-0.4647231720437684,0.88545602565321,12.619999885559082,-0.1030599242721525,13.50249981880188,0.0,476.4008005840297,0.671859357077742,187.5,181.3999938964844,25.912142785714284,22.8428568714286,26.558836665668355,27.08383386737116,501.9533668831279,435.1567553179052,16.699152891305683,475.37673529897535,53.55223628048704,0.306831121204034,0.5179542809005186,0.4212184397172626,0.7284370411837146,0.0725019796599892,0.0594782244616126,0.079849556760318,0.9079821294161337,0.2772207550085339,0.174100281974425,0.2541858714296472,0.1581571384786859,1.6071728269930374
2014-12-01 00:00:00+00:00,189.3500061035156,195.3999938964844,183.3999938964844,189.8999938964844,252,57.53554787522691,0.32952134904575,188.2374992370605,195.6670001220703,190.46501490161472,196.52673993855203,179.94825853556907,-0.9512982463299692,-1.4834106199150832,0.5321123735851139,-0.0015817970082959,0.0093283579054597,23.629999714285717,134.64285757142858,2.843209716326531,26.879999142857145,80.50000028571432,4.999763292857144,0.0,0.0,0.0,0.0,2.542399883270264,2.5787999629974365,2.4907000064849854,2.531500101089477,0,46.53503638585615,0.2062443231112135,2.51200008392334,2.401599884033203,-0.0227098796001841,0.2323307681698647,237.433,-0.251227781255392,1.664340215632043,1,0,14,0,12,49,-2.4492935982947064e-16,1.0,-0.3546048870425359,0.9350162426854148,14.15999984741211,0.115138229444744,13.359999895095823,0.0,479.3395595923428,-2.019760178763018,189.6499938964844,187.5,26.376428142857144,7.885714171428599,26.57955682548699,30.53003815242556,496.76720138724994,455.73819918664304,10.25725055015172,476.9618650163224,79.72693365386408,0.2906848355296803,0.5104675914576456,0.4131091978605793,0.7036513105943254,0.0633747008882573,0.0582191641395367,0.0791982074968673,0.8002036269410239,0.0048984447437928,0.5573977968694082,0.251815299405651,0.1580901570708802,1.5928587088705453
2014-12-08 00:00:00+00:00,177.0500030517578,188.25,177.0500030517578,187.9499969482422,140,39.58126751602625,0.36453161857944,187.0425003051758,195.36300048828124,186.4336933425678,197.8511845313778,176.23381607897377,-3.19644502191872,-2.162701805144483,-1.033743216774237,-0.0649590845274834,-0.0364625684258078,25.72999957142857,64.4428585357143,3.4280279795918367,22.06571421428572,300.95714490000006,2.2220238663265306,0.0,0.0,0.0,0.0,2.5566000938415527,2.60349988937378,2.5427000522613525,2.586100101470948,0,46.83242302139112,0.1564128895743292,2.531500101089477,2.5666000843048096,0.001700088345388,0.1942833267477555,237.433,-0.251227781255392,1.664340215632043,0,0,0,0,12,50,-2.4492935982947064e-16,1.0,-0.2393156642875578,0.970941817426052,14.210000038146973,0.0035248673039325,13.744999885559082,0.0,457.8690308575826,0.421236615794192,189.3500061035156,189.6499938964844,27.101428428571428,13.771428400000028,26.288341173151423,47.97694826517231,499.7798608188711,450.4748430308359,12.326254447008797,469.3247313528265,46.21337682617148,0.282100789748021,0.4874878283276805,0.4169193445640012,0.6766315515455777,0.0632589480665981,0.0620466202174957,0.0787928471706358,0.8028513032545946,0.0027447831964367,0.4841968435187807,0.2277283094501867,0.1596262939425319,1.4266339809018735
2014-12-15 00:00:00+00:00,177.64999389648438,179.4499969482422,173.0,177.0500030517578,15,35.43689751874378,0.3625507926504664,184.6400001525879,193.02200012207032,182.5070822974652,198.6751302028206,170.6048701023552,-4.184260151109783,-3.374205354074753,-0.8100547970350296,0.0033888214311477,-0.0588079793563741,25.39428428571429,29.714287271428585,3.5452508163265306,25.44071364285714,66.40000262857146,3.837300873469388,0.0,0.0,0.0,0.0,2.5969998836517334,2.688199996948242,2.574899911880493,2.649600028991699,0,71.72413859807949,0.1484501890178367,2.586100101470948,2.585900068283081,-0.0008502969709155,0.1446545445484439,236.151,-0.5399417941061246,1.3223551823708934,0,0,0,0,12,51,-2.4492935982947064e-16,1.0,-0.1205366802553236,0.992708874098054,20.420000076293945,0.3625688716792304,15.352499961853027,1.0,470.7014289785002,0.4549120970145746,177.0500030517578,189.3500061035156,27.1835705,22.471428862857174,26.233655526035665,49.16553241764968,490.09363671476257,452.061773291465,9.507965855824375,469.87541040309605,33.03489562736205,0.2789447614389493,0.2936687487756677,0.4114357840794125,0.6779788376533651,0.0363073299737942,0.0601019217958527,0.0759698958264851,0.4779172697241451,0.0003139254175992,-0.0937770178455959,0.1711113081325105,0.1612439531817084,1.0611951279049276
2014-12-22 00:00:00+00:00,172.14999389648438,177.64999389648438,170.85000610351562,174.10000610351562,25688,34.360524413852644,0.3284363701428708,180.35249938964844,188.51,178.96461361782377,194.40456420302144,166.30043457627545,-4.453195400765821,-4.076093805339621,-0.3771015954262005,-0.0309597533856647,-0.0828449829759224,27.02999971428571,33.214287307142875,4.1722335,25.033570142857144,71.30000410000002,3.4894611775510205,0.0,0.0,0.0,0.0,2.692199945449829,2.754800081253052,2.63129997253418,2.656500101089477,0,66.19997360391899,0.1659551509979591,2.649600028991699,2.569700002670288,0.0010951509249763,0.1513458823906121,236.151,-0.5399417941061246,1.3223551823708934,0,0,0,0,12,52,-2.4492935982947064e-16,1.0,6.432490598706546e-16,1.0,15.25,-0.2919353134193351,16.009999990463257,1.0,457.3164761885636,0.6494568866037547,177.64999389648438,177.0500030517578,27.044285285714288,70.38571575428574,26.15623066260479,50.59356284876906,487.6353981044234,444.9778497040712,10.66438710008804,464.8518367172831,31.151894632070807,0.2109620171775496,0.2886303718426484,0.4038759376726206,0.5223436017748554,0.0395003661577685,0.0549886649492814,0.0703333655779431,0.5616162431162485,0.5775368126882334,-0.1399078376114537,0.1655927486007682,0.1613318554715493,1.0264106729117954
2014-12-29 00:00:00+00:00,165.14999389648438,173.9499969482422,164.64999389648438,172.75,23064,32.344182478998775,0.2714775737856048,175.8949996948242,184.54599975585936,175.5068449256241,187.220331560102,164.5696678295464,-5.088728691118632,-4.505752543503796,-0.5829761476148363,-0.0546651586638959,-0.1465116594496931,28.801428428571427,60.28571472142858,4.396741853061225,27.9764285,55.55714388571432,4.600109408163265,1.0,0.0,0.0,0.0,2.662100076675415,2.706199884414673,2.640500068664551,2.692699909210205,0,67.62007928056467,0.1484794458946988,2.656500101089477,2.5271999835968018,-0.0010534587275111,0.1594440692219475,236.151,-0.5399417941061246,1.3223551823708934,0,0,0,0,12,1,-2.4492935982947064e-16,1.0,0.120536680255323,0.992708874098054,15.0600004196167,-0.0125372528186788,16.235000133514404,1.0,444.6993735711294,0.4345959213550147,172.14999389648438,177.64999389648438,22.787142714285714,32.99999832000003,26.273662781146417,50.91379388341069,478.8823236482446,436.4108311496432,10.61787312465034,456.7908514588216,21.27916739108396,0.2153827234922664,0.2529823844134041,0.4069670377322338,0.5292387299965836,0.0563124637932898,0.0517507617759416,0.0689856262224786,0.8162925918619083,0.5708034905532887,-0.2026980708263385,0.0653450241075448,0.1614613369727251,0.4047100147045304
2015-01-05 00:00:00+00:00,168.10000610351562,171.3000030517578,160.10000610351562,164.5,42022,43.81313520528478,0.2509148493187705,172.1349998474121,181.74200012207032,172.10610566661242,182.58589006850423,161.68410962631998,-5.30791735054035,-5.032708030959765,-0.2752093195805853,-0.0029655989436502,-0.0791563774674122,29.137142285714283,19.42857151428573,5.288109769387755,30.029999357142856,100.00000052857146,4.736292187755102,1.0,0.0,0.0,0.0,2.69950008392334,2.714900016784668,2.637399911880493,2.691200017929077,0,49.82275913553418,0.150545209549475,2.692699909210205,2.5882999897003174,-0.0009280266736914,0.1433741422922334,236.151,-0.5399417941061246,1.3223551823708934,0,0,0,0,1,2,0.4999999999999999,0.8660254037844387,0.2393156642875577,0.970941817426052,19.920000076293945,0.2796820057517277,17.662500143051147,1.0,452.3907394396592,0.4471391267369846,165.14999389648438,172.14999389648438,24.35142742857143,0.0285714285714336,26.516007076371995,54.08064592503397,478.1337843308084,434.42022475811785,10.928389893172644,455.03080665115664,44.11263306165653,0.2309639434914321,0.253951711465633,0.4065519332396924,0.5681043894439385,0.0666269871599246,0.052401219030275,0.0698553588273094,0.9537847738608938,1.0740927709223866,-0.2467615108619374,0.0794510227014461,0.1574733186662943,0.5045363768858457
2015-01-12 00:00:00+00:00,176.75,184.8999938964844,168.0500030517578,168.0500030517578,119798,52.59165978960234,0.3330969082241116,171.88999938964844,180.26199981689453,173.9925818323058,181.88191886275345,161.89807991654345,-1.5679940729939403,-3.401443718359729,1.8334496453657887,0.051457427616973,-0.0045057901323978,29.83,27.31428571428573,5.3693501061224485,29.27285585714285,47.371428657142886,5.185816369387756,3.0,0.0,0.0,0.0,2.703399896621704,2.7186999320983887,2.621000051498413,2.6263999938964844,0,41.6201318846226,0.1534737854181413,2.691200017929077,2.646699905395508,0.0142207722894339,0.1533405607603236,236.151,-0.5399417941061246,1.3223551823708934,0,0,0,0,1,3,0.4999999999999999,0.8660254037844387,0.3546048870425356,0.9350162426854148,19.600000381469727,-0.0161946702872569,17.457500219345093,1.0,464.2161989212036,1.9620190230495147,168.10000610351562,165.14999389648438,22.740712357142858,0.1714285714286019,26.693868288034636,53.64779319807326,471.09716297637806,438.2142310838999,8.220732973119535,458.7049635591754,42.87632961379893,0.2071530715283949,0.2333841164225944,0.4059231099476902,0.5103258753901231,0.0953323385840259,0.0588158971337606,0.071612399833118,1.3312265123626423,2.7177281409787803,-0.3499222613541962,0.1312406229373395,0.166277659080705,0.7892859195280165
2015-01-19 00:00:00+00:00,171.0,184.8000030517578,170.39999389648438,177.0,57943,52.64316366286027,0.3297339371280428,172.20249938964844,179.3579995727539,174.60181562909847,182.7263286233912,161.6786701559057,-0.7400050580354502,-1.811604230880923,1.0715991728454728,-0.0502638317043309,-0.0322580478024104,31.21571414285714,0.5142857142857264,6.135726381632653,31.11928571428572,38.5714285714286,5.599057202040817,7.0,0.0,1.0,0.0,2.6702001094818115,2.678999900817871,2.5929999351501465,2.6168999671936035,0,37.25249944120805,0.1491594169959654,2.6263999938964844,2.6593000888824463,-0.012599218330186,0.1570072276621198,234.812,-0.5670100910010967,0.7564932696557447,0,0,0,0,1,4,0.4999999999999999,0.8660254037844387,0.4647231720437685,0.8854560256532099,20.950000762939453,0.0666090970860913,18.88250041007996,1.0,447.4898943901062,-0.6929117420175035,176.75,168.10000610351562,23.204998714285715,0.9571428857142908,26.97937908972825,52.67512451248328,469.4373773357156,434.96072582533367,8.619162877595478,454.2189358915477,39.94419255092799,0.2105472025063335,0.2387256466775126,0.4038861928595871,0.5213032805171888,0.0842105798554002,0.0683965471100818,0.0720681403333613,1.1684853776026214,1.2336697325836243,-0.2708791006314117,0.0998291288151906,0.1617161384815225,0.6173108236410725
2015-01-26 00:00:00+00:00,161.85000610351562,172.5,159.39999389648438,170.10000610351562,82307,42.44256459799093,0.3560045010050771,169.61000061035156,177.18699981689454,169.59874866003378,183.469960498514,155.7500407221891,-3.6481903165012,-2.6151135236104963,-1.0330767928907036,-0.0535087362367506,-0.0535087362367506,28.544285714285717,34.314285800000015,5.651281108163266,31.01571428571429,15.657142885714316,6.042348820408164,2.0,0.0,0.0,0.0,2.648200035095215,2.6491000652313232,2.545399904251098,2.577800035476685,0,31.7187402166427,0.1538031700023769,2.6168999671936035,2.695199966430664,-0.0082959762268609,0.1445109047780881,234.812,-0.5670100910010967,0.7564932696557447,0,0,0,0,1,5,0.4999999999999999,0.8660254037844387,0.5680647467311558,0.8229838658936564,15.520000457763672,-0.3000091385351495,18.9975004196167,1.0,417.21695147554425,-0.2625875316849932,171.0,176.75,23.62999992857143,9.971428742857178,27.239787812049936,50.2868676333369,485.3542907503069,405.3026013629497,20.012922346839296,439.4181421251464,29.341517816316497,0.2864449867602288,0.2381927415639606,0.4175034829755948,0.6860900365616175,0.0809391758387525,0.0766843090462786,0.0718968021268996,1.1257686320763842,1.6113099246680531,-0.1422447582366916,0.1042764170818299,0.1657857870008395,0.6289828137768751
2015-02-02 00:00:00+00:00,162.4499969482422,169.89999389648438,158.6999969482422,162.3000030517578,83684,33.41066578961063,0.3989046883728592,169.31249923706054,174.71699951171874,167.28300133832286,183.7712566905313,154.85374178358975,-3.5220083877497075,-3.1470305578573807,-0.3749778298923267,0.0037070795310494,-0.0249100180266191,28.429999714285717,59.52857094285716,4.337783287755102,27.462142857142855,102.3142857714286,5.142517303061225,0.0,0.0,0.0,0.0,2.5801000595092773,2.708899974822998,2.547600030899048,2.678800106048584,0,51.24854536555718,0.1565267992730552,2.577800035476685,2.6531999111175537,0.0027581275455079,0.1565159651944919,234.812,-0.5670100910010967,0.7564932696557447,0,0,0,0,2,6,0.8660254037844386,0.5000000000000001,0.6631226582407952,0.7485107481711011,19.43000030517578,0.2246887348456164,18.87500047683716,1.0,435.1710690525433,0.8428228455518867,161.85000610351562,171.0,23.01928528571429,26.52857142857146,27.254133298830126,53.64347525514926,480.7008643969097,401.346192522789,19.838667968530142,437.7193128961052,38.78618518952885,0.3400428060732088,0.2707317122729074,0.4134353400899261,0.8224812077613738,0.0689442730602857,0.0792106708996778,0.0712266988447151,0.967955338363232,1.5143382958353138,-0.1850191896291806,0.1731350130334904,0.1729878681741211,1.000850550113235
2015-02-09 00:00:00+00:00,167.60000610351562,169.75,158.39999389648438,162.8000030517578,96083,54.95496362402496,0.3503071646710748,166.80499954223632,172.03199981689454,166.49338931493222,179.38225198904104,154.2277470954316,-2.2392668103052245,-2.929217555909501,0.689950745604277,0.0317021191260118,-0.0525720074270368,26.187142571428573,67.6857125857143,4.242294053061224,28.837142857142855,109.62857012857144,4.368226918367347,0.0,0.0,0.0,0.0,2.723599910736084,2.791800022125244,2.68969988822937,2.779599905014038,0,67.65099889335434,0.1969881302531529,2.678800106048584,2.6596999168396,0.0297806314092974,0.1807753207850188,234.812,-0.5670100910010967,0.7564932696557447,0,0,0,0,2,7,0.8660254037844386,0.5000000000000001,0.7485107481711011,0.6631226582407953,18.549999237060547,-0.0463485311711388,18.612500190734863,1.0,465.8609610456842,3.5450732319308367,162.4499969482422,161.85000610351562,25.29071407142857,6.971428571428606,27.35626294775353,57.25541685988618,482.4069050690418,400.46253291289713,20.486093039036163,448.97597215593686,50.859842175914665,0.4137171389606384,0.3227603813720605,0.4193780558623211,0.9865016142652984,0.067720797674109,0.0794294330025147,0.072815076402202,0.9300380047624456,1.646874113534156,-0.2037955282739392,0.2122802091655155,0.1714308402242035,1.238284759644415
2015-02-16 00:00:00+00:00,163.1999969482422,169.25,158.8000030517578,167.0500030517578,107601,51.66460017648264,0.3831803245039945,163.62499923706054,169.92799957275392,164.96282029364926,170.230143087624,157.01985538649706,-2.346015367092633,-2.679842521535444,0.3338271544428108,-0.0218759905409229,-0.0925771953863057,27.74428442857143,42.11428471428573,3.69904384489796,27.226428428571428,141.2714247,4.02135818877551,0.0,0.0,0.0,0.0,2.766200065612793,2.8742001056671143,2.753999948501587,2.830899953842163,0,77.23522509023482,0.1995577504332279,2.779599905014038,2.638700008392334,0.0137652933496809,0.1973262135261498,233.707,-0.4705892373473297,-0.0893483130696481,0,0,0,0,2,8,0.8660254037844386,0.5000000000000001,0.8229838658936564,0.5680647467311559,14.6899995803833,-0.2333027863036318,17.047499895095825,0.0,462.00286382782,1.84711857231542,167.60000610351562,162.4499969482422,22.929998571428573,0.3714285714286069,27.34788652716114,62.675804462474176,491.1464636254706,398.9794590753252,23.04175113753636,454.1867288246901,58.76651206484497,0.4069198617700869,0.3047354653563537,0.395739072433133,1.028252906607583,0.0640318452429649,0.0731693343343024,0.0727356221148711,0.8803366848017441,1.7746306048363554,-0.2471792066698979,0.1725874057133579,0.1704964366830027,1.0122639449151856
2015-02-23 00:00:00+00:00,144.4499969482422,165.75,144.4499969482422,164.0,35575,28.72341346538853,0.3939993601706745,160.214998626709,166.9489990234375,158.92243239037322,173.82684210162523,146.60315515179275,-5.309379500354709,-3.774049954603257,-1.5353295457514515,-0.1148897080307326,-0.0969052847498059,26.351427714285716,62.442861000000015,3.420109218367347,28.929998928571425,61.07142860000003,3.913494714285714,0.0,0.0,0.0,0.0,2.8261001110076904,2.897599935531616,2.80679988861084,2.8640999794006348,0,70.69220753866314,0.1895098055471387,2.830899953842163,2.57069993019104,0.0049222082452095,0.2034436059225679,233.707,-0.4705892373473297,-0.0893483130696481,0,0,0,0,2,9,0.8660254037844386,0.5000000000000001,0.8854560256532099,0.4647231720437686,14.5600004196167,-0.0088888900326322,16.807499885559082,0.0,413.7192332838822,0.9628100618682798,163.1999969482422,167.60000610351562,22.31928485714285,1.2000000000000304,27.44995829499406,62.57229634231456,493.1339081789104,395.2431554260545,24.47268818821396,437.999730608367,48.26477521311266,0.5390061765417052,0.386361633703957,0.3340366674411899,1.61361375244969,0.1474558913240393,0.0858183966280303,0.0717411167631512,2.0553885613039715,0.6182687779045393,-0.1039460238471984,0.157533439288839,0.1702650829749343,0.9252245221633912
2015-03-02 00:00:00+00:00,135.10000610351562,147.0500030517578,134.85000610351562,144.8000030517578,268,13.888913378286816,0.3714426100846016,153.90749969482422,163.21299957275392,150.78036558251733,176.1039484567359,131.71105093291254,-8.077938932215403,-6.124591837922399,-1.9533470942930045,-0.0647282176688225,-0.1556249618530273,27.279999,14.9857144857143,4.61232956122449,28.351427142857144,116.4000068857143,3.3849261714285714,0.0,0.0,0.0,0.0,2.875499963760376,2.915299892425537,2.8280999660491943,2.836800098419189,0,60.08009561294475,0.1841276974204833,2.8640999794006348,2.6001999378204346,0.0002793219712549,0.1825449518619822,233.707,-0.4705892373473297,-0.0893483130696481,0,0,0,0,3,10,1.0,6.123233995736766e-17,0.9350162426854148,0.3546048870425355,13.039999961853027,-0.1102565180152421,15.209999799728394,0.0,383.25171061088616,0.4985214344728197,144.4499969482422,163.1999969482422,24.876428428571423,0.0,27.50811757550136,66.04505186124358,510.831251798538,351.5861325855983,39.811279803234925,416.1005226093747,27.08748833881107,0.5477886635973669,0.4121403415454238,0.3467417892032142,1.5798172151616643,0.0903034522359264,0.087691251907465,0.0729435895712199,1.2379900740675238,0.0049489409635652,0.5597678399623013,0.1428796123806518,0.1617943001339261,0.8830941722387047
2015-03-09 00:00:00+00:00,133.64999389648438,136.5500030517578,129.0500030517578,134.14999389648438,51,17.741941257699864,0.3470799675741601,146.43875007629396,159.37249984741212,144.20486358158732,170.19279764850623,122.68470250408168,-8.328479399451709,-7.701473214728409,-0.6270061847232995,-0.0107328803961728,-0.188770901994025,26.85857057142857,21.02857104285716,4.2190560265306125,27.447856142857145,29.699999885714316,4.667852842857143,0.0,0.0,0.0,0.0,2.8926000595092773,3.102799892425537,2.8926000595092773,3.056999921798706,0,78.63166231279314,0.1864148208195679,2.836800098419189,2.7416000366210938,-0.0237566894237171,0.1884204239686187,233.707,-0.4705892373473297,-0.0893483130696481,0,0,0,0,3,11,1.0,6.123233995736766e-17,0.970941817426052,0.239315664287558,15.0600004196167,0.1440206966616162,14.337500095367432,1.0,408.5680208899503,-1.9050797050243804,135.10000610351562,144.4499969482422,24.02285607142857,2.228571542857148,27.504229741137216,63.70020979830621,482.6731359498975,351.0977783563718,32.89383939838144,413.08752192160495,23.45719597064131,0.5818836210653116,0.4504062977617567,0.3555424352929375,1.6366080302617247,0.0561167253461227,0.0851257423646325,0.0688913498754661,0.8145684081075497,0.0010051261433307,0.3361201779064548,0.228802010333948,0.1934838494506286,1.1825379697490042
2015-03-16 00:00:00+00:00,134.89999389648438,134.89999389648438,126.4499969482422,133.10000610351562,17,36.44616440535873,0.3389222897295234,138.24374961853027,155.67249954223632,138.6788386602504,154.9624258481528,121.52507338890774,-7.803044613770623,-8.069504412224264,0.2664597984536403,0.009352787557687,-0.1801884448822968,26.058570857142858,91.62856894285716,3.1196436612244898,26.67999907142857,77.25714057142861,3.907754328571429,0.0,0.0,0.0,0.0,3.123600006103516,3.2720000743865967,3.072999954223633,3.244999885559082,0,81.68749719471336,0.1834683952920394,3.056999921798706,2.816999912261963,0.0187884300857185,0.1880428558851681,234.722,0.4343044923772243,-0.0251298018153045,0,0,0,0,3,12,1.0,6.123233995736766e-17,0.992708874098054,0.120536680255323,15.609999656677246,0.0358694622988284,14.567500114440918,1.0,437.7504647560127,1.4445385161946256,133.64999389648438,135.10000610351562,21.9121415,13.371429257142886,27.451053568897947,64.57485049334637,455.5248920356806,366.1198227346851,22.35126732524887,422.952699055368,40.89965631048814,0.5834083529797391,0.4818620999497547,0.3748903484288828,1.5562106089490493,0.0626389720575249,0.0841093772413156,0.0685397983534105,0.9139064371837868,0.0003598066356808,0.1894561438696074,0.2528903574960831,0.2085343053402521,1.2127038040883489
2015-03-23 00:00:00+00:00,141.85000610351562,144.3000030517578,131.4499969482422,134.0500030517578,43074,59.273417653073565,0.3885426614132309,135.4762508392334,152.4604997253418,139.013248167556,145.2889946640678,125.663507014399,-3.773777621555809,-6.101964760860676,2.328187139304868,0.0515197370013549,-0.0457449584404562,24.53714257142857,70.08571247142858,2.6580041530612246,26.326428071428573,176.58571014285718,2.8293152673469386,0.0,0.0,0.0,0.0,3.2425999641418457,3.31030011177063,3.157599925994873,3.224600076675415,0,79.30427065291242,0.1938027470631554,3.244999885559082,2.863300085067749,0.0255627541840026,0.1826762231154486,234.722,0.4343044923772243,-0.0251298018153045,0,0,0,0,3,13,1.0,6.123233995736766e-17,1.0,-1.6081226496766366e-16,13.40999984741211,-0.1519110266186475,14.27999997138977,0.0,457.4095405578046,2.121970926023036,134.89999389648438,133.64999389648438,22.212142357142856,9.542857571428575,27.378497085190247,71.80135756750836,486.8960453397364,356.59382306759045,32.57555556803649,436.7354356563427,70.87940741888899,0.6118546522148366,0.4898912408012966,0.3739140919097933,1.6363508332254513,0.090588689112486,0.0894207460152199,0.0708631494251946,1.2783608555883574,0.9404290158832072,0.2349121923609296,0.2799079802694648,0.2022944382491124,1.3836661494772038
2015-03-30 00:00:00+00:00,132.35000610351562,145.39999389648438,131.8000030517578,142.0,76026,50.77659357643592,0.3948606716858323,135.20375022888183,148.41649978637696,138.36173431821996,144.38657780121315,126.0209226565505,-2.6861855024318686,-3.8508901203161465,1.164704617884278,-0.0669721508017936,-0.032175458109575,27.20142757142857,44.04285687142858,3.017384642857143,23.958570857142856,146.15713871428574,2.606395967346939,0.0,0.0,0.0,0.0,3.1285998821258545,3.2850000858306885,3.09060001373291,3.2411999702453613,0,60.19618357787214,0.251658339605693,3.224600076675415,2.9049999713897705,-0.0202002111874307,0.2187092969498477,234.722,0.4343044923772243,-0.0251298018153045,0,0,0,0,3,14,1.0,6.123233995736766e-17,0.992708874098054,-0.1205366802553228,14.510000228881836,0.0788373967552492,14.647500038146973,0.0,428.9728358446882,-2.4543256111202942,141.85000610351562,134.89999389648438,18.55142807142857,57.65714542857147,27.15785668338074,76.59850473826819,473.6953247272713,392.65510629695655,20.26005460757868,433.63039573168095,72.2824370641707,0.5161160809998665,0.5050844427569969,0.384511931470622,1.342262815105053,0.1027577651495499,0.080481120780322,0.0736994965785717,1.3942802322563577,1.6849790059138752,0.2415073153053145,0.2850110553148825,0.1908599253528013,1.4932995486352043
2015-04-06 00:00:00+00:00,146.1999969482422,147.35000610351562,131.89999389648438,133.0,86840,63.74696541228997,0.4259162175411438,136.11249923706055,146.38349960327147,138.66792091819173,146.6363019497648,125.5886965243563,-1.2950520918768689,-2.83028971712595,1.535237625249081,0.0578871213940483,0.1113644512096316,25.951428142857143,30.44285804285716,3.414568359183673,27.544284714285716,52.0285725714286,3.396375646938776,0.0,0.0,0.0,0.0,3.226599931716919,3.263200044631958,3.0864999294281006,3.1215999126434326,0,38.65167576139924,0.2434045821484355,3.2411999702453613,3.000099897384644,0.0192196383049453,0.2396261549679128,234.722,0.4343044923772243,-0.0251298018153045,0,0,0,0,4,15,0.8660254037844387,-0.4999999999999998,0.970941817426052,-0.2393156642875575,14.739999771118164,0.0157267885630784,14.56749987602234,0.0,456.3778977021029,1.4876593381173056,132.35000610351562,141.85000610351562,24.83714228571429,2.400000000000015,27.18278752408429,75.01334782427854,473.2420651765098,417.0133042537944,14.057190230678843,442.7293965198498,72.83548717761866,0.405315970195276,0.4952777838364207,0.3888802213188549,1.0422642694401836,0.1056772402840806,0.0835558783899528,0.0757300260732445,1.3954468499377424,1.9411919866589007,0.1789034290467328,0.3382258221173673,0.20642682832369,1.6384779462978951
2015-04-13 00:00:00+00:00,133.75,145.75,132.9499969482422,145.5,124405,41.03981262739576,0.4626560125079128,137.8574996948242,143.65849960327148,137.7972681183213,145.48958374492742,130.225415644721,-1.5128030975304512,-1.7663551533675668,0.2535520558371156,-0.0851572996451548,0.0380286663901887,24.001428,14.914285114285724,2.9557987163265307,25.41928478571429,56.3571443714286,3.2428569622448977,0.0,0.0,0.0,0.0,3.1215999126434326,3.1431000232696533,3.0192999839782715,3.071799993515014,0,42.49269474553885,0.232048174295771,3.1215999126434326,3.163100004196167,-0.0001922225480217,0.2416229978292554,236.119,0.595172161109736,-0.0736373908664322,0,0,0,0,4,16,0.8660254037844387,-0.4999999999999998,0.9350162426854148,-0.3546048870425354,13.9399995803833,-0.0558024960025013,14.149999856948853,0.0,410.8532491326332,-0.614394415911906,146.1999969482422,132.35000610351562,23.16928485714286,0.6428571428571479,27.069013153866877,73.80972179506242,483.6031197413934,393.20364187722095,22.59986946604312,429.9789375649632,38.887789087211495,0.5778004275717783,0.5491690958088873,0.421574464361138,1.370577353971414,0.09570095739632,0.0914727247999923,0.076889974960061,1.24464788809661,2.4760835664515155,0.229136170722607,0.2623782083831285,0.1984958753910332,1.3218319758429666
2015-04-20 00:00:00+00:00,138.6999969482422,141.25,131.9499969482422,133.85000610351562,61778,58.68671725654093,0.401920820833177,137.80500030517578,141.11150009155273,137.75664723836883,144.83230517611224,130.77769543423932,-0.8149056701309974,-1.3490458709097315,0.5341402007787344,0.0370093229775116,-0.0092857360839844,26.29428457142857,4.9428569857142985,3.2036376387755103,25.07999942857143,24.94285585714288,2.8837816928571427,0.0,0.0,0.0,0.0,3.119499921798706,3.121799945831299,3.001199960708618,3.0367000102996826,0,25.00661049217324,0.2253593078420384,3.071799993515014,3.29040002822876,0.0053859202872866,0.2190599418299265,236.119,0.595172161109736,-0.0736373908664322,0,0,0,0,4,17,0.8660254037844387,-0.4999999999999998,0.8854560256532099,-0.4647231720437685,13.300000190734863,-0.0469983256620739,14.12249994277954,0.0,421.190282161293,-0.056580132381076,133.75,146.1999969482422,24.212142785714285,3.928571428571464,26.940689687718784,70.65702076680955,468.3248031865582,390.3723292338005,19.48811848818942,426.4634754034951,33.78776170730906,0.5255646581781991,0.5237947450910675,0.4242889043085248,1.2386952391502524,0.0670512130957597,0.0923551730076393,0.0770738005704362,0.8699610490191477,1.1586499734144882,0.2611040150035972,0.1134541251175964,0.201510294161856,0.5630189760741389
2015-04-27 00:00:00+00:00,136.10000610351562,145.0,134.3000030517578,139.1999969482422,7282,40.20101735515264,0.3816446938400202,137.9474998474121,138.7624998474121,138.59108512786986,145.2779273029372,130.617072391887,-0.0794739842524165,-0.4849469301785695,0.4054729459261529,-0.0187454282763739,-0.0295899743064839,25.37999857142857,18.32857165714287,3.038449246938776,26.712141714285718,14.971428171428595,3.241096545918368,0.0,0.0,0.0,0.0,3.029400110244751,3.0360000133514404,2.897599935531616,2.9482998847961426,0,26.109743471758943,0.1707342554210395,3.0367000102996826,3.179500102996826,0.005978259437148,0.2110674036601304,236.119,0.595172161109736,-0.0736373908664322,0,0,0,0,4,18,0.8660254037844387,-0.4999999999999998,0.8229838658936565,-0.5680647467311557,13.119999885559082,-0.0136262747753631,13.774999856948853,0.0,401.2636323157494,0.0026537826050639,138.6999969482422,133.75,27.44071357142857,0.9428571428571784,26.92594465717472,67.0644018896882,470.5327003529509,374.3098303029384,24.055717512503147,416.38353816839685,36.57413878808524,0.4908580431424538,0.5309660538262551,0.4249799603441043,1.1550145357321389,0.0786186367993542,0.0899611625450129,0.0778417850070739,1.0099797517799998,0.1356657205587714,0.2767619974293785,0.1195022238255721,0.2095910648463602,0.5701684764638604
2015-05-04 00:00:00+00:00,131.85000610351562,143.3000030517578,131.39999389648438,136.5500030517578,163,44.721686586083045,0.3447573899242365,137.50500030517577,136.9395002746582,137.30180111442945,143.44619015588987,131.56381045446167,-1.0704229885834593,-0.5419672180615838,-0.5284557705218755,-0.0312270375415524,-0.0642298664655552,23.665714142857144,4.885714374285727,2.975806759183673,24.67285542857143,35.042857840000025,3.003659466326531,0.0,0.0,0.0,0.0,2.912600040435791,3.0804998874664307,2.879899978637696,3.0111000537872314,0,34.11696870082575,0.1614365960437898,2.9482998847961426,3.1222000122070312,-0.0068280466919766,0.1476786928688287,236.119,0.595172161109736,-0.0736373908664322,0,1,0,1,5,19,0.4999999999999999,-0.8660254037844387,0.7485107481711013,-0.663122658240795,12.850000381469728,-0.0207939337657234,13.302500009536743,0.0,397.0135604701427,-1.277976830307396,136.10000610351562,138.6999969482422,27.987141142857144,4.342857114285749,26.78058406178096,64.99849582196639,429.1053627171836,386.0549993227256,10.762590848614511,408.63554708909527,12.915091510882704,0.4667599141836043,0.471887791893212,0.4210033376283224,1.1086845670302783,0.0902541418612504,0.087460437887353,0.0805391256014468,1.1206246651054093,0.0030363175243016,0.2577942178086194,0.1627216950964276,0.2089173860413036,0.7788805440800007
2015-05-11 00:00:00+00:00,133.35000610351562,134.10000610351562,127.8499984741211,131.6999969482422,36,38.037859691493786,0.2790022941666714,136.19250106811523,136.0365003967285,135.08731245423866,143.96581659071376,128.4191855455167,-1.8982199358121927,-1.436165843357107,-0.4620540924550862,0.0113765637509515,-0.0129533672904434,22.644285142857143,22.71428642285716,2.3307282959183677,23.726428571428567,9.857143011428596,2.8014888693877547,0.0,0.0,0.0,0.0,3.0780999660491943,3.0864999294281006,2.9523000717163086,2.971199989318848,0,42.68842705439842,0.1863173350594512,3.0111000537872314,3.055299997329712,0.0,0.1728080823380939,236.119,0.595172161109736,-0.0736373908664322,0,1,0,2,5,20,0.4999999999999999,-0.8660254037844387,0.6631226582407952,-0.7485107481711012,13.850000381469728,0.0749414191486992,13.28000020980835,0.0,396.209536710434,-0.595172161109736,131.85000610351562,136.10000610351562,25.18714278571429,7.542856971428602,26.583541772080807,61.44098918902847,427.37045285787406,380.46805297093545,11.725599971734656,403.6651429376308,29.26863883767318,0.3628775072861662,0.4350120462707851,0.4196768930770964,0.864659228624512,0.0468691964254042,0.0756988291156177,0.0809075671148285,0.5792930414772509,0.0006870117564885,0.2361693922697768,0.134809867332476,0.2112774526375647,0.638070268591474
2015-05-18 00:00:00+00:00,141.64999389648438,141.64999389648438,132.9499969482422,132.9499969482422,20862,56.80933528709072,0.2727728941135846,135.99249954223632,136.26899963378906,135.85227998302773,143.8933459384286,128.09165314604402,-0.3584625732759434,-1.1659625081335443,0.8074999348576009,0.0622421253323806,0.021268904204396,21.572856714285717,34.728574,2.38156387755102,22.63714278571429,42.77142994285717,2.315391580612245,0.0,0.0,0.0,0.0,3.055799961090088,3.0729000568389893,2.968300104141236,2.9914000034332275,0,58.27870728606104,0.2018659165093443,2.971199989318848,3.0185999870300293,-0.0167213199494679,0.184550051375339,236.599,0.2032873254587786,-0.1995174461766891,0,1,0,3,5,21,0.4999999999999999,-0.8660254037844387,0.5680647467311558,-0.8229838658936564,12.729999542236328,-0.0843238835664133,13.137500047683716,0.0,423.73179222826,-1.8754193204055685,133.35000610351562,131.85000610351562,28.929999428571428,0.9857143000000052,26.328935385863613,60.2365014957271,430.5059317100804,378.6033291522126,12.97565063946696,411.6918026538826,52.42034742783834,0.3102347951322395,0.4376351696886383,0.4345411853988623,0.7139364424297615,0.0614189715715767,0.068842431950669,0.0811628925037429,0.7567370027056918,0.398961575421963,0.3167768648235818,0.1411352501397606,0.210863212261455,0.669321319413222
2015-05-25 00:00:00+00:00,126.9499969482422,143.85000610351562,125.8000030517578,143.0,90681,42.72995608456722,0.3235176828758703,134.3400001525879,136.44199981689454,134.6601069293667,142.14489673881894,126.53510356635684,-1.2760010904643195,-0.8468292584130637,-0.4291718320512558,-0.0747084564722456,-0.096119617610066,21.85857085714286,9.814285414285722,2.050652751020408,21.72285657142857,68.30000505714287,2.3676373520408163,0.0,0.0,0.0,0.0,3.006200075149536,3.1287999153137207,2.9863998889923096,3.08899998664856,0,50.65161170715747,0.2071558777717779,2.9914000034332275,2.9684998989105225,0.0005015268532198,0.2029287164330388,236.599,0.2032873254587786,-0.1995174461766891,0,1,0,4,5,22,0.4999999999999999,-0.8660254037844387,0.464723172043769,-0.8854560256532096,12.130000114440918,-0.04827964421938,12.890000104904177,0.0,392.1485388781549,-0.1531346401367986,141.64999389648438,133.35000610351562,29.57999907142857,6.885714371428607,26.03176901073877,60.75672753194748,431.1990135496554,373.3527005938404,14.461578238953775,403.8744971435916,42.89654798184165,0.3942399909878541,0.4387096111823633,0.4494074913565001,0.8772439040244604,0.1421819888591005,0.0838685871033372,0.0849406425887017,1.6738980043816232,1.6570699715111266,0.4194364003837451,0.1807574146271696,0.2149352501842074,0.8409853947288773
2015-06-01 00:00:00+00:00,129.8000030517578,132.14999389648438,123.5500030517578,128.0,95443,44.42699517707148,0.3395042525076452,131.69250030517577,135.60400024414062,131.32874133449664,141.79358072518926,121.59141988516228,-2.641617283026505,-2.0283348799514127,-0.6132824030750927,0.0224498319970622,-0.0494324412240509,23.151427857142856,3.78571431428572,2.6911947653061223,22.551427642857146,19.357142371428587,2.0410230428571423,0.0,0.0,1.0,0.0,3.0782999992370605,3.207900047302246,3.0782999992370605,3.175800085067749,0,66.11771597031353,0.2067745834089587,3.08899998664856,3.0111000537872314,0.0170760067305369,0.2115911099869042,236.599,0.2032873254587786,-0.1995174461766891,0,1,0,5,6,23,1.2246467991473532e-16,-1.0,0.3546048870425358,-0.9350162426854148,13.970000267028809,0.1412304599928216,13.170000076293944,0.0,412.21886073356654,1.5043133475949113,126.9499969482422,141.64999389648438,29.044285142857145,6.328571428571465,25.80723085797222,58.08578655384949,435.3069159202801,376.8474483549276,14.614866891338114,407.2122425795816,59.50570638175267,0.4106839406121718,0.443227314533946,0.4558801200057251,0.9008594882321682,0.0662557060287381,0.081396000949214,0.0834868109609373,0.7936067665067582,1.7837829250762238,0.440696998656823,0.1330551699965608,0.2105628679721149,0.6319023147764035
2015-06-08 00:00:00+00:00,136.5500030517578,137.39999389648438,128.89999389648438,129.35000610351562,112713,41.85304261983401,0.3396966218180584,132.6,135.0370001220703,132.7888489135315,142.97268572533926,122.22731427466071,-0.392129778584291,-1.3789965355420557,0.9868667569577644,0.0520030804414421,0.0435613044124194,22.479999285714285,9.885714228571436,2.0742736897959184,24.01214242857143,11.157143000000014,2.721401760204081,0.0,0.0,0.0,0.0,3.170799970626831,3.1816999912261963,3.098299980163574,3.1396000385284424,0,71.62249425530035,0.1855864475424445,3.175800085067749,3.0213000774383545,0.0054940070390458,0.203282780027529,236.599,0.2032873254587786,-0.1995174461766891,0,1,0,6,6,24,1.2246467991473532e-16,-1.0,0.2393156642875576,-0.970941817426052,15.289999961853027,0.090286825062758,13.52999997138977,1.0,428.71239484235775,0.3461133784458013,129.8000030517578,126.9499969482422,25.34071342857143,3.00000000000003,25.691418701236685,55.05813213102049,446.6920022083225,381.7137911328471,16.244552768868854,415.8123034846921,66.98707741446535,0.416822202739732,0.4333498147089025,0.4582938694274029,0.9095085521554728,0.0622482593191753,0.075794824440799,0.0823886949341261,0.7555436072086086,2.0039843931264323,0.3906157400960461,0.1531724932428602,0.2122725991920024,0.7215838813396522
2015-06-15 00:00:00+00:00,127.8000030517578,138.85000610351562,127.1999969482422,136.4499969482422,128336,57.76397711749712,0.3399555505236254,132.12750091552735,134.76600036621093,132.73788779430794,142.68872458619185,121.56627724486285,-0.5017445944655776,-0.5279638401953692,0.0262192457297916,-0.0640790904756217,-0.0578694522516305,24.558571,0.2285714571428591,2.7185693265306123,23.240714285714287,14.999999828571438,2.0642731030612245,0.0,0.0,5.0,0.0,3.1096999645233154,3.16599988937378,3.061500072479248,3.11680006980896,0,54.19333411281069,0.1418732762959938,3.1396000385284424,2.9899001121521,-0.0001910446679024,0.1740316067025919,237.805,0.5097232025494725,-0.0399327448507791,0,1,0,7,6,25,1.2246467991473532e-16,-1.0,0.120536680255323,-0.992708874098054,15.390000343322754,0.0065189527128847,14.195000171661375,1.0,398.327058433304,-0.5288276693397125,136.5500030517578,129.8000030517578,33.505,0.4857142857142882,25.53330873894492,52.47373649860442,440.3386079820571,375.36481846163446,16.243447380105664,408.8182054641369,37.10844249909212,0.5091257616551158,0.4314674765255027,0.4597308797860454,1.1074430127852803,0.0911581289286454,0.0846526109414472,0.0828996425886207,1.0996201562026613,2.192057855460042,0.4718142533628141,0.142930085870334,0.2102130598128378,0.6799295876207467
2015-06-22 00:00:00+00:00,130.35000610351562,130.5,124.8000030517578,128.75,51350,45.57440569753348,0.3161616348281607,130.59250183105468,133.68200073242187,131.06854712930385,139.23080550854937,121.95419815356,-1.3040839054131936,-0.9866284715265164,-0.3174554338866772,0.0199530750458989,0.0147918193882015,22.422856285714285,1.2857143428571498,2.4745681,24.12642857142857,0.6000000285714305,2.79935717755102,0.0,0.0,0.0,0.0,3.124300003051758,3.135200023651123,3.028599977493286,3.0931999683380127,0,37.06340518488939,0.139245779387168,3.11680006980896,3.0367000102996826,0.0095747085671808,0.1373960933373098,237.805,0.5097232025494725,-0.0399327448507791,0,1,0,8,6,26,1.2246467991473532e-16,-1.0,-3.216245299353273e-16,-1.0,12.739999771118164,-0.1889713379805488,14.347500085830688,0.0,403.1986347522543,0.4477476541686075,127.8000030517578,136.5500030517578,33.43,9.157142285714306,25.44254227652451,49.12704382311843,437.3495832934831,383.87889108725824,13.367673051556222,406.5703771793839,57.69282762863161,0.4428965725645288,0.3656560948480927,0.4543076248079985,0.9748825215136604,0.0437283980156903,0.0811144962302699,0.0816388488363909,0.5356321565361986,0.9019975689099968,0.4756767057934155,0.1536954470492667,0.2059302418351528,0.7463471038354285
2015-06-29 00:00:00+00:00,130.8000030517578,134.60000610351562,126.8499984741211,129.64999389648438,529,39.61965755541401,0.310552521388712,131.9525016784668,133.17000061035156,131.21767025802524,138.63503862961963,125.26996472731398,-0.5723833694784162,-0.848356397994954,0.2759730285165378,0.0034522203848983,0.0368608915547654,20.80857057142857,0.8571429000000071,2.331994834693877,20.80857142857143,3.6285716000000137,2.3502235918367345,0.0,0.0,0.0,0.0,3.084700107574463,3.1679000854492188,3.0566000938415527,3.125699996948242,0,52.787578680638624,0.1208180792337652,3.0931999683380127,3.158400058746338,0.0115104225326905,0.1318432384254611,237.805,0.5097232025494725,-0.0399327448507791,0,1,0,9,6,27,1.2246467991473532e-16,-1.0,-0.1205366802553228,-0.992708874098054,18.850000381469727,0.3917663019527305,15.567500114440918,1.0,408.8415691397095,0.6413190507195776,130.35000610351562,127.8000030517578,23.18,43.85713911142861,25.143576415366248,46.19165851840111,436.4482465514981,383.09158203231465,13.33916612979588,407.47885396351415,47.05776910001072,0.3500919768968511,0.361864176314804,0.438951080315335,0.797564887343943,0.0592508214722887,0.0645282627529076,0.0812153500262999,0.7295519154640405,0.0101435241555832,0.4882491601684898,0.1191270041423985,0.1997966658827782,0.5962411717614908
2015-07-06 00:00:00+00:00,123.3000030517578,130.64999389648438,123.3000030517578,130.64999389648438,48,42.59869015447504,0.3214964677424463,130.2950012207031,132.02600067138673,129.46256050609924,138.12241067987767,122.46759176152854,-1.6452901352542997,-1.0594605465160951,-0.5858295887382041,-0.0637812763183705,-0.0913779968706551,22.901428285714285,1.6285714285714357,2.366814444897959,20.397857,0.742857142857157,2.34997277244898,0.0,0.0,0.0,0.0,3.1145999431610107,3.158499956130981,3.0838000774383545,3.129199981689453,0,50.86598041211496,0.1237720358980975,3.125699996948242,3.140199899673462,0.000416024240232,0.1186725522808325,237.805,0.5097232025494725,-0.0399327448507791,0,1,0,10,7,28,-0.4999999999999997,-0.8660254037844388,-0.2393156642875574,-0.970941817426052,17.010000228881836,-0.1027115142676477,15.99750018119812,1.0,385.83036729187,-0.4681207785262724,130.8000030517578,130.35000610351562,29.1692855,48.799998237142894,24.837400969213583,43.259477784495054,418.65781813598926,379.4409966725797,9.804205365852392,398.8194592948565,16.451788660898828,0.3562887896026989,0.3693050840115984,0.4467254536554179,0.7975564828727172,0.0596106298686891,0.0631992475208978,0.0809942892575861,0.7359855004005833,0.0010262144339195,0.4850119586954193,0.063391872607172,0.1987910945884018,0.3188868673898931
2015-07-13 00:00:00+00:00,126.5999984741211,126.5999984741211,122.1999969482422,123.0,34,42.26803280416321,0.3227533909857974,127.49250068664551,130.58700057983398,127.2413625609148,134.47279589623443,120.5122054770566,-2.1794400463866026,-1.8537379850799272,-0.3257020613066754,0.0267639524792067,-0.0409091024687795,23.444285,3.442857314285721,2.221710346938776,23.48714192857143,4.457142914285728,2.356338151020408,0.0,0.0,0.0,0.0,3.1261000633239746,3.2379000186920166,3.1261000633239746,3.155600070953369,0,59.295076303445846,0.1474345729215412,3.129199981689453,3.087100028991699,0.0113125901536578,0.1389291131316675,238.638,0.3502869998528224,0.1237712036854521,0,1,0,11,7,29,-0.4999999999999997,-0.8660254037844388,-0.3546048870425356,-0.9350162426854148,13.899999618530272,-0.2019126071707122,15.625,0.0,399.49896416763295,0.7809720155129576,123.3000030517578,130.8000030517578,28.476427285714287,79.01428712571432,24.750287482720545,40.75610134125574,418.9282393141191,379.7565283616143,9.79292773812618,399.0912612439671,51.24157525396888,0.3480197114773007,0.3789457847901155,0.4169032331087107,0.8347733370511392,0.0347551467528517,0.0577006250076331,0.0753592520290268,0.4611927693700722,0.0007556092877714,0.4421244956556167,0.0610613672908694,0.1985620705795946,0.3075177652884872
2015-07-20 00:00:00+00:00,125.8499984741211,130.3000030517578,125.8499984741211,129.60000610351562,24,38.014526503164994,0.3158134624221078,127.41750030517578,130.21500030517578,127.32431125512234,134.44011785829048,120.39488275206108,-1.1715416148668822,-1.4832998405378617,0.3117582256709794,-0.0059241706875162,-0.0221445108135258,23.815713,0.5571428857142908,2.890661755102041,24.876427857142858,6.171428914285727,2.352649875510204,0.0,0.0,2.0,0.0,3.131599903106689,3.220700025558472,3.110599994659424,3.1851999759674072,0,59.00002078526738,0.1578389667753156,3.155600070953369,3.057800054550171,-0.0205442699436038,0.1642644442906211,238.638,0.3502869998528224,0.1237712036854521,0,1,0,12,7,30,-0.4999999999999997,-0.8660254037844388,-0.464723172043768,-0.8854560256532101,12.25,-0.1263628757020444,15.50250005722046,0.0,400.8574121152688,-2.4047139942132025,126.5999984741211,123.3000030517578,25.14428557142857,105.00000342857146,24.758425571392955,38.52483215241897,417.8623517877616,379.651804569479,9.55263680457066,399.7977215924878,47.3201014942342,0.2527046386084408,0.3789283022954957,0.3971352036112776,0.636318890763971,0.0353595918282969,0.0465409175875634,0.0726120590086453,0.48696576631203,0.000533515914335,0.4385235227097796,0.0548909860682124,0.1971388887463845,0.2784381287369805
2015-07-27 00:00:00+00:00,120.4000015258789,128.0,119.8499984741211,123.8499984741211,83015,44.0476233726695,0.2740132451489107,125.25250015258788,129.06100067138672,125.39529037629774,131.2770522578624,119.22794804731336,-1.940835488709624,-1.5910813169967033,-0.3497541717129204,-0.0433054987232509,-0.0971128907754531,23.90857,2.5571428571428645,2.790449157142857,23.244283857142857,1.5142857142857165,2.90828881122449,0.0,0.0,0.0,0.0,3.1910998821258545,3.375699996948242,3.151000022888184,3.3559999465942383,0,73.55517296433732,0.1650109879145724,3.1851999759674072,3.1243999004364014,0.010922176769282,0.1536935650033535,238.638,0.3502869998528224,0.1237712036854521,0,1,0,13,7,31,-0.4999999999999997,-0.8660254037844388,-0.5680647467311556,-0.8229838658936566,15.600000381469728,0.2417450017179428,14.69000005722046,1.0,404.0623986907958,0.7419306770753775,125.8499984741211,126.5999984741211,26.879999142857145,80.50000028571432,24.660739009183278,36.137054962862,413.6660308867739,381.4585402460099,8.051872660191023,401.503592431811,44.20611567924482,0.250709907381349,0.3415666988361232,0.3833416268189876,0.6540116786211075,0.0676910417158685,0.051333446327599,0.0731907748271326,0.9248574376644032,1.689604500455563,0.0938267046714578,0.1472036843515362,0.1779900674062529,0.8270330936232566
2015-08-17 00:00:00+00:00,134.75,139.0,131.39999389648438,133.75,149220,69.80874812444006,0.3287587519853643,127.21500091552734,128.1340008544922,129.71417665854068,138.9078731235179,115.52212870753678,2.46188350692924,1.0152827590872608,1.4466007478419791,0.0093632958801497,0.0610236220472439,24.265713857142856,0.0,3.5293337775510203,24.612141928571425,0.0,3.532123202040816,0.0,0.0,7.0,16.0,3.436000108718872,3.523200035095215,3.418600082397461,3.47790002822876,0,62.45711125106334,0.1818938763064566,3.531599998474121,3.150599956512451,0.0,0.1418819564170957,238.654,0.0067047159295619,0.1695697796432194,0,1,0,16,8,34,-0.8660254037844385,-0.5000000000000004,-0.8229838658936564,-0.5680647467311559,13.020000457763672,0.062594759669415,13.352500200271606,0.0,468.64702880382544,-0.0067047159295619,133.5,123.9499969482422,25.033570142857144,71.30000410000002,24.61990739778455,30.30061636268235,508.8133919688412,375.19293001688993,33.40511548798781,448.36823623991086,96.15761270114436,0.3351539831754358,0.3665720103254898,0.3920533108189021,0.854868369627331,0.0564007874101345,0.0607249057256713,0.0704201982653641,0.8009176456508009,2.4103800443401364,-0.006331177594163,0.1821263492266054,0.1634532264740279,1.1142413154697282
2015-08-24 00:00:00+00:00,117.5,136.89999389648438,117.1500015258789,134.6999969482422,45343,42.24318324642166,0.3786032656125991,128.23500061035156,127.31600067138672,128.174423201089,140.4876094159583,115.98239180474482,-0.1476800600754728,1.1247724496364038,-1.2724525097118766,-0.1280148423005566,-0.0388548057259713,26.787142,0.1714285714285724,3.8957640163265306,25.526428000000003,0.0,3.613286031632653,0.0,0.0,6.0,0.0,3.4691998958587646,3.575599908828736,3.441400051116944,3.497999906539917,0,55.988290334244326,0.1823694820158823,3.47790002822876,3.284199953079224,-0.0118334301661755,0.1900504542250757,238.654,0.0067047159295619,0.1695697796432194,0,1,0,17,8,35,-0.8660254037844385,-0.5000000000000004,-0.8854560256532096,-0.4647231720437691,40.7400016784668,1.1407237800592156,19.63750052452088,2.0,411.01498901844025,-1.190047732547112,134.75,133.5,27.9764285,55.55714388571432,24.678392597927484,28.345737887670587,505.4544725133918,382.0281446361615,30.856581969307577,433.4269373513227,52.71883331644005,0.6329720761477965,0.4545901545112409,0.4357818266749704,1.4524976097613294,0.1680850414519614,0.0872699956504043,0.0735405883237581,2.2856088376107158,0.7578335483783439,0.0272026868287274,0.1850474350695206,0.1478015153709011,1.251999494627356
2015-08-31 00:00:00+00:00,120.5500030517578,122.4499969482422,117.0500030517578,118.4000015258789,91,27.65101490404777,0.4173952895179318,127.30000076293943,126.4790005493164,124.8490233505,141.39550198547667,113.20449954040222,-2.0634241286021933,-0.8188589095866617,-1.2445652190155316,0.0259574727809175,-0.0375249257344686,27.40142785714286,7.414285571428579,3.9136199408163264,27.15142757142857,2.399999942857145,3.957896102040817,0.0,0.0,0.0,0.0,3.5473999977111816,3.677000045776367,3.5104000568389893,3.578700065612793,0,66.42167733908957,0.1785918239302306,3.497999906539917,3.370800018310547,0.0115588267843141,0.1687841368940581,238.654,0.0067047159295619,0.1695697796432194,0,1,0,18,8,36,-0.8660254037844385,-0.5000000000000004,-0.9350162426854148,-0.3546048870425359,28.43000030517578,-0.359765515600943,23.605000495910645,2.0,431.412303830948,1.149177962501848,117.5,134.75,30.029999357142856,100.00000052857146,24.83794324137917,26.67181931058585,504.4887517252035,386.78270899955095,29.42651068141313,432.6210839431729,52.94886272119895,0.6486919139939525,0.4661304830615631,0.4089952831678045,1.5860620521317448,0.0447946392350229,0.0826907151542351,0.0709952724156933,0.6309523352937771,0.0016972323921461,0.0067684907797982,0.1327330914038333,0.1454046547272554,0.9128530480972462
2015-09-07 00:00:00+00:00,115.8499984741211,119.5500030517578,114.6999969482422,119.5500030517578,29,19.71155527309419,0.4244660701188904,125.34750022888184,125.26100021362303,121.9053588178284,142.32031132470985,108.37468913305383,-3.178038601444527,-2.068779696831276,-1.109258904613251,-0.0381901086813455,-0.0676056460835324,29.02999971428571,3.842857085714291,4.385913640816327,27.19428478571428,15.88571394285716,3.973855050000001,3.0,0.0,2.0,0.0,3.617799997329712,3.840800046920776,3.6166000366210938,3.8396999835968018,0,79.86508322482469,0.1946711198070962,3.578700065612793,3.531599998474121,0.0079956884626675,0.1781024937178055,238.654,0.0067047159295619,0.1695697796432194,1,0,1,0,9,37,-1.0,-1.8369701987210292e-16,-0.970941817426052,-0.2393156642875577,27.799999237060547,-0.0224089431444696,27.4975004196167,2.0,444.8292372407723,0.7928641303371882,120.5500030517578,117.5,29.27285585714285,47.371428657142886,24.989965276497564,25.975941544925934,487.3309373231584,390.62084212383456,24.17752379983095,437.5043452622127,35.870389527214115,0.6390615678993345,0.4691608077087988,0.4099665281705225,1.558813972357719,0.0418645331669901,0.0785585791239594,0.0697359384192548,0.6003293009696973,0.0005739250038342,-0.0023142793068642,0.230813577954013,0.173212650760468,1.332544497270901
2015-09-14 00:00:00+00:00,117.0,117.8000030517578,113.0500030517578,116.6999969482422,30,48.93617090352101,0.3561518254822819,120.4375,123.9620004272461,119.45265182763492,133.67730749625338,107.19769250374662,-3.201474706322287,-2.8452401458924705,-0.3562345604298165,0.0099266425638822,-0.1462969909178754,21.451428,97.671426,3.2677292306122445,26.515713785714286,46.59999871428573,4.233939410204081,0.0,0.0,0.0,0.0,3.8352999687194815,3.904099941253662,3.7627999782562256,3.868200063705444,0,76.56431225265315,0.1850858150100652,3.8396999835968018,3.5192999839782715,0.0276464437777322,0.2131641297791406,238.316,-0.1416276282819484,0.1950792930057288,1,0,2,0,9,38,-1.0,-1.8369701987210292e-16,-0.992708874098054,-0.1205366802553235,24.25,-0.1366193758692336,30.30500030517578,1.0,452.5794074535369,2.9062720060551683,115.8499984741211,120.5500030517578,31.11928571428572,38.5714285714286,25.088400664188967,27.30652587843302,471.36035904160514,398.55760973024366,18.20068732784036,443.5343701387424,41.90111137104546,0.5162691973657065,0.4380038496036305,0.4011066336322133,1.2871120575083,0.0405982905982906,0.0703486583724799,0.0678349211092016,0.5984865014889583,0.0005980068431915,-0.0460509275064009,0.2320108519037451,0.1587610701815423,1.4613836819354098
2015-10-19 00:00:00+00:00,123.9000015258789,137.5,123.5,134.6999969482422,91613,55.05805176250525,0.3197264300244624,125.38750038146972,123.34000030517578,126.34027252416854,137.70124548299395,113.07375527994547,2.649843157831384,2.629518529040802,0.0203246287905822,-0.0788103975771085,0.0930745760368623,32.47285757142857,0.0285714285714306,6.14715352244898,31.315713857142857,0.7000000000000072,5.28669543367347,7.0,0.0,5.0,0.0,3.759999990463257,3.9272000789642334,3.7358999252319336,3.920700073242188,0,39.45366558760976,0.2852861512918715,3.759099960327149,3.891400098800659,-0.0060469535946295,0.2640035477880297,237.945,-0.1556756575303408,-0.0361297478059685,1,0,7,0,10,43,-0.8660254037844386,0.5000000000000001,-0.8854560256532101,0.464723172043768,14.979999542236328,-0.0764417307765053,19.57999992370605,0.0,485.7747450572206,-0.4490197019326092,134.5,127.5500030517578,28.929998928571425,61.07142860000003,26.07647412365211,32.29448162160037,521.2141408215491,461.31880255321846,14.973834567082674,487.0669418471103,68.81781724001198,0.2548889282977734,0.3931150833028599,0.3737572058371997,0.6819638992837462,0.1129943488909145,0.0861976031155885,0.0690353216507953,1.636761150978157,1.5514137707380613,0.1118807244407711,0.2319992495434997,0.1841203337901398,1.2600413662486545
2015-10-26 00:00:00+00:00,117.3000030517578,125.4000015258789,116.3000030517578,123.8000030517578,77991,31.999976603166303,0.3613427783849171,125.8650005340576,121.82500015258788,123.81524330177622,137.10408240666294,114.62591866145227,-0.3613716338983721,1.2673902219626971,-1.6287618558610693,-0.0532687521617388,-0.0440097313022938,31.065714142857143,3.628571514285722,5.88301023877551,32.15499992857143,1.385714314285723,6.20792182142857,6.0,0.0,0.0,0.0,3.8863000869750977,3.9602999687194815,3.824599981307984,3.875600099563599,0,47.58621823631387,0.2983861913713417,3.920700073242188,3.933000087738037,0.0332447907000434,0.3074257716976019,237.945,-0.1556756575303408,-0.0361297478059685,1,0,8,0,10,44,-0.8660254037844386,0.5000000000000001,-0.822983865893657,0.5680647467311548,15.289999961853027,0.0204830699153236,16.49500012397766,1.0,454.607903506203,3.480154727534681,123.9000015258789,134.5,28.351427142857144,116.4000068857143,26.468637078808197,30.30036760177362,532.7923905925411,440.6747251222667,23.0294163675686,474.0833265107474,39.188096012406646,0.3593936515726393,0.4239314482027157,0.3882451271221918,0.9256874515843012,0.0775788426033185,0.0907112316317547,0.0698018508150024,1.1114151069543496,1.3607385126456228,0.1398361841434733,0.2259980832294133,0.1841549196394755,1.2272171245801295
2015-11-02 00:00:00+00:00,118.8000030517578,121.9499969482422,116.5999984741211,117.6999969482422,74265,19.08543599550553,0.3308568116337101,124.94750061035155,120.73900024414064,122.06826576151371,137.34739326884284,112.54760795186031,-1.1914815618788597,-0.2997664588687874,-0.8917151030100721,0.012787723452472,-0.0442477865242676,27.03714185714286,62.54286224285715,4.998259263265306,30.07999942857143,26.585715897142872,5.544304317346939,0.0,0.0,0.0,0.0,3.903700113296509,3.952500104904175,3.825000047683716,3.8513998985290527,0,57.360321423083256,0.25193500792099,3.875600099563599,3.998800039291382,-0.006865577176776,0.2937998467544511,237.945,-0.1556756575303408,-0.0361297478059685,1,0,9,0,11,45,-0.5000000000000004,0.8660254037844384,-0.7485107481711011,0.6631226582407952,14.149999618530272,-0.0774844203158191,15.147499799728394,0.0,457.5463196987912,-0.5308820601472592,117.3000030517578,123.9000015258789,27.447856142857145,29.699999885714316,26.70162819814776,30.06071265308777,524.4583450322112,427.3056114308969,24.288183400328567,467.4685237859649,12.948568077946009,0.3471523996319479,0.2726910213218548,0.3659226575736353,0.9487042765998908,0.0450336560327381,0.0849466740264395,0.0674956271702071,0.6672083992506743,1.3598746787541929,0.0886068550067389,0.222018252434542,0.1838907760095826,1.2073375575379428
2015-11-09 00:00:00+00:00,117.75,122.3499984741211,116.9000015258789,118.6500015258789,130147,31.08106547675516,0.3025037647649081,122.37000007629396,120.7870002746582,120.96716818944029,133.61265260744878,111.12734754513912,-1.341567824503798,-0.9063426304766,-0.435225194027198,-0.0088384092995379,-0.1052432025924171,29.044285142857145,33.65714374571429,4.227465926530612,27.676427642857146,122.85715176571428,4.687942139795919,1.0,0.0,0.0,0.0,3.8705999851226807,3.8705999851226807,3.744400024414064,3.766299962997437,0,35.23691824926965,0.2415319468322675,3.8513998985290527,3.781899929046631,0.0017410902110938,0.2380382591789787,237.945,-0.1556756575303408,-0.0361297478059685,1,0,10,0,11,46,-0.5000000000000004,0.8660254037844384,-0.6631226582407955,0.7485107481711007,16.520000457763672,0.1548571986722421,15.234999895095823,1.0,443.4818206429482,0.3297846786397208,118.8000030517578,117.3000030517578,26.67999907142857,77.25714057142861,26.764518484903206,36.04757969261206,496.34872297583865,424.3566714767429,17.998012874773945,457.8738425287583,4.321584369988088,0.2316738967505278,0.2695257102678069,0.3708783627186437,0.6246627298655688,0.0462844751443073,0.0758578275134611,0.0676234310266379,0.684444246575313,2.222778237961073,0.1647708039093575,0.2284101221554011,0.1893362169134052,1.2063730532660648
2015-11-16 00:00:00+00:00,114.3499984741211,118.5500030517578,111.5999984741211,118.25,120600,42.56925170758299,0.2580496018204852,118.49250068664549,120.59800048828124,118.54359644299358,124.0964712724512,112.88853010083976,-2.270540817939988,-1.6256379936334695,-0.6449028243065187,-0.0288747475658506,-0.0913786264555639,29.779999714285715,23.95714243428572,5.142670606122449,28.722856714285715,67.8428585257143,4.460092103061226,3.0,0.0,0.0,0.0,3.7976999282836914,3.8622000217437744,3.703299999237061,3.84060001373291,0,43.04243163082344,0.1984910800021734,3.766299962997437,3.7925000190734863,-0.0036574153107562,0.2332567001009628,237.838,-0.0449683750446516,0.1705744357355598,1,0,11,0,11,47,-0.5000000000000004,0.8660254037844384,-0.5680647467311559,0.8229838658936564,18.15999984741211,0.0946495689682332,16.02999997138977,1.0,439.1726057100677,-0.3207731560309684,117.75,118.8000030517578,26.326428071428573,176.58571014285718,26.890862886798853,38.09888800442511,466.2582179490048,431.1461068300002,8.778027779751145,450.39334780128206,5.599225929150506,0.2020616778581912,0.2609997575219046,0.3712453551873574,0.5442806747397808,0.0607783530422134,0.0685339351426984,0.0676998076051341,0.8977624341133263,1.86817297794644,0.209691551175686,0.1885113816120918,0.1899814282127863,0.9922621040533024
2015-11-23 00:00:00+00:00,119.9499969482422,123.9499969482422,111.8499984741211,114.6999969482422,16390,49.40710866488027,0.2743455780787756,117.86250076293943,120.79500045776368,118.3898290822654,123.65204389985443,112.07295762602446,-1.0881157723508892,-1.666293317334081,0.5781775449831918,0.0489724403047409,0.0126635714533234,27.665714,65.0857136857143,4.15222986122449,29.483571357142857,63.65714160000002,5.0581763551020416,0.0,0.0,0.0,0.0,3.82509994506836,3.8261001110076895,3.688100099563599,3.699599981307984,0,32.361449917273234,0.1632042089768102,3.84060001373291,3.902299880981445,0.0193762093272903,0.1653259614743671,237.838,-0.0449683750446516,0.1705744357355598,1,0,12,0,11,48,-0.5000000000000004,0.8660254037844384,-0.4647231720437684,0.88545602565321,15.619999885559082,-0.1506692276857537,16.112499952316284,1.0,443.7670064676096,1.9825893077736816,114.3499984741211,117.75,23.958570857142856,146.15713871428574,27.058134401014595,39.7478075912364,461.9609931547794,430.0228831049288,7.984527512462639,447.7428112678131,29.07690330252832,0.2274882427382856,0.2586389352925095,0.3563110057332952,0.638454138921611,0.1008753545808108,0.0661101362806776,0.0697630438407402,1.445971026599492,0.2507183869583224,0.2182111421279637,0.1520826249872349,0.2046631346640828,0.7430875023290137
2015-11-30 00:00:00+00:00,116.9000015258789,123.0,115.8499984741211,121.25,157,48.60427200929658,0.3273677822979788,118.1425006866455,121.3370004272461,119.11086237402932,124.59094128410536,111.69406008918564,-0.2769673244430777,-0.8462485050538517,0.569281180610774,-0.0410172267220072,-0.0282626886087116,27.722856714285715,51.01428654285715,3.756538842857143,28.015713714285717,142.62857217142857,3.814393513265306,0.0,0.0,0.0,0.0,3.7286999225616455,3.910500049591065,3.690900087356568,3.841399908065796,0,54.237626571802416,0.1762318637841554,3.699599981307984,3.84470009803772,-0.016513341793199,0.1675792716248832,237.838,-0.0449683750446516,0.1705744357355598,1,0,13,0,11,49,-0.5000000000000004,0.8660254037844384,-0.3546048870425359,0.9350162426854148,16.1299991607666,0.0321287030227905,16.607499837875366,1.0,449.0596551144026,-1.6063658042752484,119.9499969482422,114.3499984741211,27.544284714285716,52.0285725714286,27.11991371154821,46.38527627382944,451.9663059022089,435.7742380653051,4.048016959225959,448.26954880644894,34.985075480174245,0.1315082402475749,0.2551464288299603,0.3533159481302678,0.3722114363118798,0.0611633997651921,0.0628270477130523,0.0710834564913572,0.8604448092388509,0.0024014084183892,0.0696731194172918,0.2198535990533876,0.2100241368354769,1.046801533852251
2015-12-07 00:00:00+00:00,122.6500015258789,124.0,115.75,116.3000030517578,57,63.787377688917466,0.3513116628038499,118.41500091552732,121.61200073242188,119.880745886431,125.65291962245628,111.17708220859836,0.4481643977110536,-0.2478603918624894,0.6960247895735431,0.0491873389644659,0.0144747723566025,27.815713857142857,95.12857157142858,4.043364048979592,28.10857057142857,104.88571462857144,3.880684306122449,0.0,0.0,0.0,0.0,3.8671000003814697,3.898900032043457,3.7204999923706055,3.750999927520752,0,42.16386867145271,0.1830780118583057,3.841399908065796,3.780100107192993,0.0271791518459429,0.1980855296375014,237.838,-0.0449683750446516,0.1705744357355598,0,0,0,0,12,50,-2.4492935982947064e-16,1.0,-0.2393156642875578,0.970941817426052,15.84000015258789,-0.0181424440884134,16.43749976158142,1.0,460.0601468339919,2.762883559638942,116.9000015258789,119.9499969482422,25.41928478571429,56.3571443714286,27.183698025088884,50.15949810316764,465.9929977555273,430.0367093075085,8.989072112004697,452.9857880174661,82.89773920434202,0.1571083720946834,0.2556816098523475,0.3545115490674773,0.4431685457815484,0.0672645731541981,0.0672732311373443,0.0726787055576523,0.9255058050776998,0.0008718269132966,-0.2845700034193656,0.2314916801762874,0.2169275706531394,1.0671380719745158
2015-12-14 00:00:00+00:00,117.25,124.5999984741211,116.1999969482422,122.25,29,44.8076981764573,0.3609950552588593,119.7050003051758,121.56600067138672,120.12383016921775,126.5525048323889,112.85749577796268,0.1999513624327704,0.2784907531348488,-0.0785393907020783,-0.0440277330509409,0.0169123755128337,27.67999885714286,100.18571468571427,3.823228585714286,28.240714142857144,219.0428573428572,4.051872946938776,0.0,0.0,0.0,0.0,3.759900093078613,3.918800115585327,3.7170000076293945,3.812700033187866,0,57.965782871491946,0.1920625727964814,3.750999927520752,3.766900062561035,-0.0013054601612242,0.1859883265238371,237.336,-0.2110680379081464,0.5017975786678841,0,0,0,0,12,51,-2.4492935982947064e-16,1.0,-0.1205366802553236,0.992708874098054,22.729999542236328,0.3611472217059132,17.579999685287476,1.0,447.0390788912773,0.0805220217857264,122.6500015258789,116.9000015258789,25.07999942857143,24.94285585714288,27.251892613332,61.05519869927664,464.1097740055149,435.85316964812574,7.064151089347302,450.6071043669906,61.59952206495706,0.1504641824991098,0.2089439625417629,0.3591093719428037,0.4189926247125301,0.0716418040586685,0.0723446969202166,0.0728762436747923,0.983061017082019,0.0004736190127002,-0.4300915235698229,0.2279976950169022,0.2043269998745838,1.1158470686613948
2015-12-21 00:00:00+00:00,117.5,119.25,115.6500015258789,115.6500015258789,19446,50.76922818955124,0.3361753335438985,119.92250022888184,120.48100036621094,119.12027455100234,125.3358822754938,114.50911818226987,-0.5065040269576855,-0.1718913416612325,-0.334612685296453,0.0021321961620468,-0.0200166930386643,28.408571,68.85714387142858,4.639474659183674,28.022856214285717,183.7571442857143,3.898200480612245,0.0,0.0,0.0,0.0,3.883500099182129,4.035299777984619,3.847500085830689,3.978399991989136,0,60.24184329284998,0.2024252297503415,3.812700033187866,3.761199951171875,0.0012859994112135,0.1929258211212653,237.336,-0.2110680379081464,0.5017975786678841,0,0,0,0,12,52,-2.4492935982947064e-16,1.0,6.432490598706546e-16,1.0,18.700000762939453,-0.1951620530658254,18.34999990463257,1.0,467.4619990587235,0.3396679790294964,117.25,122.6500015258789,26.712141714285718,14.971428171428595,27.3016322004903,68.97145325324037,475.0987180393292,436.71172190986846,9.596749032365183,457.34906224368376,73.8202257718687,0.1933303031626212,0.2421417534085438,0.3581329447597026,0.53982829726558,0.0306382848861369,0.0663166832890013,0.0712818972531807,0.4298185341381957,0.3363882632567116,0.5484462514549199,0.2602084333289542,0.2117414502044841,1.2288969438373778
2015-12-28 00:00:00+00:00,119.1500015258789,121.4000015258789,117.5999984741211,117.75,38153,41.16160390132332,0.2830157329417639,119.55500030517578,119.31600036621094,119.317803546585,124.63083523225242,114.47916537809914,-0.1722343288287504,-0.2088249422500773,0.0365906134213268,0.0059097053243706,-0.0305126115007441,27.36571357142857,48.0428572857143,4.519691938775511,27.762142428571423,113.257144,4.785944157142858,0.0,0.0,0.0,0.0,4.011799812316895,4.012899875640869,3.875099897384644,3.908200025558472,0,63.326756418688426,0.2041303466590481,3.978399991989136,3.7383999824523926,0.0259986110927268,0.2059690122105684,237.336,-0.2110680379081464,0.5017975786678841,0,0,0,0,12,53,-2.4492935982947064e-16,1.0,0.1205366802553231,0.992708874098054,16.90999984741211,-0.1006184107724823,18.545000076293945,1.0,465.662039008732,2.8109291471808264,117.5,117.25,24.67285542857143,35.042857840000025,27.331342537785854,71.828594591741,478.5208007441527,441.5908311522097,9.23249239798573,460.67425294970303,67.95068113864468,0.2006579819991677,0.2280249267734819,0.3139190670107891,0.6392028923819476,0.0318925975920568,0.0525201318912505,0.0687941324149991,0.4635946676922785,0.7220299273483578,0.5424676999867675,0.2214701935424989,0.2111430066778821,1.048910814229636
2016-01-04 00:00:00+00:00,123.9000015258789,126.8000030517578,118.4000015258789,118.8499984741211,60845,62.94645654916465,0.264277290364602,120.64499969482424,119.32000030517578,120.87845205643144,126.5703150680864,114.71968432156208,0.9884788777840896,0.2912704033881035,0.6972084743959861,0.0350877584353888,0.0517826682181064,25.66571357142857,76.7142883857143,3.116714479591837,25.665714142857144,110.99999950000002,4.193237721428572,0.0,0.0,0.0,0.0,3.8554000854492174,4.0594000816345215,3.8359999656677246,3.949100017547608,0,57.16183619502056,0.1984065232914122,3.908200025558472,3.7558999061584473,-0.0012274540414461,0.1900045386795127,237.336,-0.2110680379081464,0.5017975786678841,0,0,0,0,1,1,0.4999999999999999,0.8660254037844387,0.120536680255323,0.992708874098054,20.700000762939453,0.2022285832413422,19.76000022888184,1.0,489.293498199997,0.0883226337635364,119.1500015258789,117.5,23.726428571428567,9.857143011428596,27.223882641338847,74.35578200517706,501.9456822755871,432.7826253037779,17.290764242952292,472.1219510498207,74.82645359166364,0.239122993379929,0.1966174271745732,0.3239133007792232,0.7382314508924686,0.0677966216499552,0.0538467762682031,0.0693639241269902,0.9774045042750088,1.2565426645227775,0.4805910778346519,0.1946848424555894,0.2084016082586149,0.93418104946765
2016-01-11 00:00:00+00:00,114.4499969482422,125.0999984741211,113.5999984741211,123.9000015258789,98326,42.61992370602892,0.2729721340819555,119.61749916076664,119.37700012207031,119.98493502502264,125.51917357608882,113.71582474544444,-0.2309310853683968,0.325359916719493,-0.5562910020878897,-0.0762712224475872,-0.0758982772845415,26.894285142857143,44.01428602142859,3.7839248653061226,26.41928471428572,134.07143422857146,3.081217535714285,0.0,0.0,0.0,0.0,4.037099838256836,4.068699836730957,3.99239993095398,3.993200063705444,0,47.93649540761624,0.1938556182492603,3.949100017547608,3.807800054550171,-0.0002278816909699,0.1951320521633532,237.336,-0.2110680379081464,0.5017975786678841,0,0,0,0,1,2,0.4999999999999999,0.8660254037844387,0.2393156642875577,0.970941817426052,24.299999237060547,0.1603425818215157,20.15250015258789,1.0,457.0217351048086,0.1882798688111564,123.9000015258789,119.1500015258789,22.63714278571429,42.77142994285717,27.171973097658,78.20840472926703,497.3275002516493,442.3921354344813,13.733841204292007,466.0818646718158,56.38880981745767,0.3593282143758759,0.2616106598137449,0.2631543232279566,1.3654656944775023,0.1004805618754245,0.0604899740124484,0.0659837001481633,1.522808609121859,1.925254103544248,0.4328676475298872,0.1547304075609673,0.2085381977226218,0.7419762989752716
2016-01-18 00:00:00+00:00,114.9000015258789,116.0999984741211,113.5,114.5,65230,40.04150264258815,0.2650797260756085,119.1599994659424,118.97000015258789,118.34697320852796,126.00155889572812,112.31844003615667,-1.2165574172208975,-0.4636146870915368,-0.752942730129361,-0.0344537686900932,-0.0064850842205321,23.51571357142857,151.79999685714287,2.4260476846938777,26.465713285714287,125.01428771428574,3.62513756632653,0.0,0.0,0.0,0.0,4.050300121307373,4.055399894714356,3.966799974441528,4.004300117492676,0,69.22681764861672,0.1807344421627592,3.993200063705444,3.876300096511841,-0.0120230024113039,0.188920626288706,236.525,-0.3417096437118738,0.7295197860415881,0,0,0,0,1,3,0.4999999999999999,0.8660254037844387,0.3546048870425356,0.9350162426854148,27.020000457763672,0.1061010305238964,22.232500076293945,2.0,460.09408960998553,-0.8605905974185162,114.4499969482422,123.9000015258789,21.72285657142857,68.30000505714287,27.126407948500344,81.22813911539727,497.2731208763412,438.7625600854203,14.627640197730225,463.6867546470837,43.93842503774308,0.3419705618188381,0.2495734491976826,0.2528363650277349,1.3525370381588713,0.0226283589172581,0.0506872849841663,0.0648753861322751,0.3487972369543751,1.2006556393355623,0.4155632818783715,0.1565563460757415,0.2067764488184224,0.7571284805356834
2016-01-25 00:00:00+00:00,116.4499969482422,117.5,111.0500030517578,114.3000030517578,98409,33.69803041538941,0.2873456250403358,118.17249946594238,118.58800003051758,117.00833918446776,126.17220112485596,110.1727978070288,-1.3890242477387886,-1.1580058744827628,-0.2310183732560258,0.0134899512774522,-0.0226605500886231,26.222857,59.3714298857143,2.7010760755102043,24.058570571428568,317.7857107428572,2.082489213265306,0.0,0.0,0.0,0.0,4.0524001121521,4.166900157928467,3.99810004234314,4.089499950408936,0,56.46357592432968,0.163468677919199,4.004300117492676,3.913000106811523,-0.0003994378872733,0.1614861137465204,236.525,-0.3417096437118738,0.7295197860415881,0,0,0,0,1,4,0.4999999999999999,0.8660254037844387,0.4647231720437685,0.8854560256532099,24.14999961853028,-0.1122929851709795,24.042500019073486,1.0,476.2222567449573,0.3017658549845438,114.9000015258789,114.4499969482422,22.551427642857146,19.357142371428587,26.9284829564312,96.48991793007212,500.67537136364825,440.640418466226,15.008738224355566,468.7009554862332,57.03042031203245,0.3281629380792074,0.2560973841975534,0.2540443200389758,1.2917546241983051,0.0553885540341318,0.0556373388137653,0.0655515871756322,0.8449611667848372,1.660977270828183,0.3615317814932186,0.1049889986580638,0.1777407222497592,0.5906862052899307
2016-02-01 00:00:00+00:00,117.75,120.3000030517578,114.6500015258789,116.1500015258789,105571,58.59375248352524,0.2900490270693941,117.04749946594238,118.89399978637697,117.25358996278972,123.0041389549257,111.09085997695908,-0.5672342490728255,-0.8957086089488132,0.3284743598759877,0.0111636160225543,-0.0477153372670527,28.28714242857143,40.17142900000002,4.356634312244898,27.50499985714285,52.21428531428575,3.424723,0.0,0.0,0.0,0.0,4.087200164794922,4.118800163269043,3.962599992752075,3.997100114822388,0,43.76903321974493,0.1581840026745724,4.089499950408936,3.950000047683716,-0.0155286705175553,0.17210915823438,236.525,-0.3417096437118738,0.7295197860415881,0,0,0,0,2,5,0.8660254037844386,0.5000000000000001,0.5680647467311558,0.8229838658936564,19.979999542236328,-0.1895526139934213,23.862499713897705,1.0,470.6585385203362,-1.2111574080436562,116.4499969482422,114.9000015258789,24.01214242857143,11.157143000000014,26.965677595186797,93.63342550324718,483.9504048795342,448.0479051105097,8.975624942256143,469.4839886998745,33.66386254946424,0.331500986569411,0.2599003739179372,0.2540204362133361,1.3050169445454949,0.0479830278206275,0.0588554248594794,0.065920824036749,0.7278886640584419,1.6361331397121357,0.3779183770754015,0.1197883415879524,0.1823954130156056,0.656750808805676
2016-02-08 00:00:00+00:00,115.75,124.0,115.6500015258789,117.4499969482422,137104,50.174213341762,0.2869418406293431,116.86999969482422,118.96999984741213,118.31385330578463,122.49357790227106,111.24642148737738,0.2483321932253375,-0.1138477448438798,0.3621799380692173,-0.0169851380042462,-0.02279440285188,29.10857085714286,16.171429028571442,5.0972732122448985,29.15142764285714,86.55714451428574,4.385453065306122,0.0,0.0,0.0,0.0,3.958600044250488,4.013999938964844,3.8350000381469727,3.8984999656677246,0,34.86221481310437,0.1612231098453426,3.997100114822388,4.041500091552734,-0.0173364784452096,0.1657881301263573,236.525,-0.3417096437118738,0.7295197860415881,0,0,0,0,2,6,0.8660254037844386,0.5000000000000001,0.6631226582407952,0.7485107481711011,26.0,0.2633647877121695,24.28749990463257,2.0,451.2513710260391,-1.391938200809086,117.75,116.4499969482422,23.240714285714287,14.999999828571438,27.10669372729456,93.17689124589484,486.7756043993249,442.3375235513342,11.10952021199768,462.1909416303404,43.468213462316776,0.2904319233521147,0.2810104428125318,0.2615159914912778,1.1105703731165426,0.0721382157591455,0.0597237436813175,0.0667771998235819,1.080281969697847,1.9600860354017584,0.3982752441351234,0.1480993963328535,0.1849529274871803,0.800740979543073
2016-02-15 00:00:00+00:00,115.5500030517578,117.25,112.5,115.9499969482422,115794,48.20718390909406,0.289314261024099,116.79749984741213,118.57199981689452,117.0635220571049,122.57198749288972,111.02301220193448,-0.7100497753658033,-0.3436248912642955,-0.3664248841015077,-0.0402823788426501,0.0065331008716251,29.05142757142857,19.057142571428585,5.061280685714286,29.001428142857144,23.985713885714315,5.274063069387756,1.0,0.0,0.0,0.0,3.8935000896453857,4.008399963378906,3.864799976348877,3.9681999683380127,0,37.62149602529061,0.1635701616992892,3.8984999656677246,4.005899906158447,0.0031600510906846,0.1660894511062482,236.916,0.1653102209068668,1.3730868138309926,0,0,0,0,2,7,0.8660254037844386,0.5000000000000001,0.7485107481711011,0.6631226582407953,25.39999961853028,-0.0233473790154842,23.88249969482422,2.0,458.52551845144257,0.1506948881615932,115.75,117.75,24.12642857142857,0.6000000285714305,27.228934657330857,88.71294431943157,486.8538914836785,441.4749508877091,11.344735148992353,460.7247723587813,48.37867750170914,0.2101367464717164,0.2776103755711404,0.259903211820684,0.8085192057245711,0.0411077444790058,0.0478491802020337,0.0651397648445665,0.6310697968652054,1.6150511598841768,0.4108777939517526,0.1572969981026917,0.1869181388551491,0.8415287604019016
2016-02-22 00:00:00+00:00,119.8499984741211,120.3499984741211,113.1999969482422,116.4000015258789,47890,54.15019536380005,0.2798621079060788,117.12999992370604,117.98099975585936,116.67320770746409,122.63477203153624,111.62522781587587,-0.5029530891635972,-0.6346897445267389,0.1317366553631417,0.0372132869649273,0.0476398328282305,28.22999985714285,69.6999985,4.207126687755102,28.355,54.09999901428574,4.901127143877551,0.0,0.0,0.0,0.0,3.995300054550171,4.067500114440918,3.9416000843048096,4.01639986038208,0,55.59058775738951,0.1811755260516926,3.9681999683380127,4.153500080108643,-0.0048518727533607,0.1729684539079731,236.916,0.1653102209068668,1.3730868138309926,0,0,0,0,2,8,0.8660254037844386,0.5000000000000001,0.8229838658936564,0.5680647467311559,19.3799991607666,-0.2705075958474754,22.6899995803833,1.0,481.36551713825247,-0.6504974962429368,115.5500030517578,115.75,20.80857142857143,3.6285716000000137,27.30158403427725,86.4798510739383,492.0329893024423,438.8674832655929,13.29137650921234,468.9810702705698,54.668473650938736,0.2626981262130958,0.2877531990233925,0.2544219115034991,1.0325294481728964,0.0596579192065886,0.0552550922598998,0.0635362254194359,0.9389589863603892,0.6856336205291096,0.3275210784023374,0.1631441556144156,0.187046404236148,0.8722121526929915
2016-02-29 00:00:00+00:00,112.6500015258789,119.5,112.25,119.5,297,42.09184001158422,0.2941732373178145,116.4450008392334,117.49399993896483,115.77321662347634,122.53423958113936,110.35576209732744,-0.9434710546400707,-0.6650283186605381,-0.2784427359795327,-0.0600750691690401,-0.0545530836488342,27.758571,49.31428435714287,4.087591669387755,28.976428571428567,155.49999621428574,4.123153354081633,0.0,0.0,0.0,0.0,3.9435999393463135,4.003900051116943,3.916800022125244,3.9646999835968018,0,57.8822642627018,0.1857433507232678,4.01639986038208,4.066999912261963,-0.0020395899925657,0.1802207045831184,236.916,0.1653102209068668,1.3730868138309926,0,0,0,0,2,9,0.8660254037844386,0.5000000000000001,0.8854560256532099,0.4647231720437686,20.549999237060547,0.0586193406577131,22.832499504089355,1.0,446.6234592018318,-0.3692692201634368,119.8499984741211,115.5500030517578,20.397857,0.742857142857157,27.40963852054508,90.93276366363814,490.2717963733683,428.6111365354147,15.415164959488395,460.03802584307465,35.738121512109885,0.3480449421445133,0.3250469295646421,0.279227732977384,1.246455450426726,0.0643586320621084,0.0570491078654952,0.06188426627774,1.0399835941081923,0.0045751644055283,0.1345053227994916,0.1433942156274742,0.1728298362664983,0.8296843324524208
2016-03-07 00:00:00+00:00,118.6500015258789,119.25,111.3499984741211,114.3000030517578,94,59.25925925925927,0.2835664886831693,115.25250091552736,117.25199996948244,115.91468571669394,119.44063943823208,111.06436239282264,-0.2486993298854258,-0.6816411600871177,0.4329418302016918,0.053262316189331,-0.0369317819405045,27.022856571428573,78.79999715714287,3.262640985714285,28.12285707142857,99.71428508571432,3.8207060877551022,0.0,0.0,0.0,0.0,4.012400150299072,4.014100074768066,3.650500059127808,3.768800020217896,0,30.95318875907072,0.1889704099414217,3.9646999835968018,3.886199951171875,0.0032337087709594,0.1755039857379658,236.916,0.1653102209068668,1.3730868138309926,0,0,0,0,3,10,1.0,6.123233995736766e-17,0.9350162426854148,0.3546048870425355,17.350000381469727,-0.1692683754366397,20.669999599456787,1.0,447.1681281495858,0.1580606561890732,112.6500015258789,119.8499984741211,23.48714192857143,4.457142914285728,27.45565262060208,91.49931343280436,490.9223661334789,425.9189453370774,16.25085519910039,454.8900667656792,46.87829635188599,0.3510695247816505,0.3253163465973993,0.273423026956232,1.283979318969556,0.0665823971705202,0.0607689817354737,0.0595636686917203,1.1178355439583612,0.0015578453672742,0.1249090779935371,0.2016380661731932,0.1795092093922495,1.1232741519118832
2016-03-14 00:00:00+00:00,125.5999984741211,125.5999984741211,116.9000015258789,119.0,53,70.31248323619774,0.2486682543648939,117.14500045776369,117.38699996948242,118.55513316420532,124.8353829220908,109.45461799343656,1.6361032109823412,0.4368277800392277,1.1992754309431135,0.0585756161724642,0.111504411275408,26.629999285714288,44.25714171428572,3.5646750102040814,27.454999571428573,160.2857073714286,3.208237455102041,0.0,0.0,0.0,0.0,3.781899929046631,3.797800064086914,3.571700096130371,3.571700096130371,0,15.696051215278416,0.1995170094657491,3.768800020217896,3.987499952316284,-0.0072175441250666,0.1978044301554309,237.111,0.0823076533454925,1.0177997801654737,0,0,0,0,3,11,1.0,6.123233995736766e-17,0.970941817426052,0.239315664287558,16.920000076293945,-0.0250961696924201,18.549999713897705,1.0,448.6055266239928,-0.8040620658521525,118.6500015258789,112.6500015258789,24.876427857142858,6.171428914285727,27.45561048839734,95.9371452998124,489.88168679295177,421.9996287638796,16.970514507268028,452.37625070900464,41.67284671231785,0.3271981539192143,0.2971965475716496,0.2523266269195912,1.2967245864870085,0.0692674924676432,0.0601948370771733,0.0591481011849365,1.171085451081721,0.0009390029029361,-0.0690736035806125,0.2431472987779842,0.1976233210090414,1.2303572535515055
2016-03-21 00:00:00+00:00,131.5500030517578,134.39999389648438,124.0999984741211,125.0,45223,84.69944367980686,0.2707030868675798,120.6300006866455,118.12500030517576,123.136596976807,134.15410908533863,107.10589228795236,3.85335419762832,2.2481559904091264,1.605198207219194,0.0473726484866372,0.1365011062786851,27.001428142857144,25.428570671428588,3.462953895918367,26.6514285,64.25713945714288,3.482270956122449,0.0,0.0,0.0,0.0,3.659899950027466,3.846999883651733,3.599299907684326,3.6210999488830566,0,25.469567735560062,0.235461747386509,3.571700096130371,4.024600028991699,-0.0117735150245101,0.1984397666379716,237.111,0.0823076533454925,1.0177997801654737,0,0,0,0,3,12,1.0,6.123233995736766e-17,0.992708874098054,0.120536680255323,13.789999961853027,-0.2045526696482431,17.15249991416931,0.0,476.35570932628616,-1.2596591557965024,125.5999984741211,118.6500015258789,23.244283857142857,1.5142857142857165,27.40372777946848,93.89327395512404,483.6265633134988,425.7498483373494,14.469178744037343,461.9680341559173,46.11488051392799,0.3832399787828031,0.292582732396196,0.2705858479590128,1.4163341043523965,0.0782971887755167,0.0676327259364754,0.0608112778220755,1.2875436712440995,0.8223746721037952,0.4842793359313406,0.2358725109195384,0.1996402358115148,1.1814877804860622
2016-03-28 00:00:00+00:00,128.5500030517578,136.39999389648438,126.5,132.0,76066,65.37267827614482,0.2825724662686703,123.69750061035155,119.31000045776368,125.46540521230332,137.94540039895807,109.44960082174508,3.705583919264811,3.274988930272991,0.4305949889918197,-0.0395965843113891,0.1212385638105846,27.529999428571426,40.27142771428573,4.076127326530612,27.790713785714285,43.62857131428574,3.781527775510204,0.0,0.0,0.0,0.0,3.612499952316284,3.715800046920776,3.573699951171875,3.683500051498413,0,42.998561962189584,0.2558014806741818,3.6210999488830566,3.951900005340576,0.0001380791156018,0.2452656720781318,237.111,0.0823076533454925,1.0177997801654737,0,0,0,0,3,13,1.0,6.123233995736766e-17,1.0,-1.6081226496766366e-16,15.239999771118164,0.0999798462010744,15.825000047683716,1.0,473.5139428612711,-0.0684997417853125,131.5500030517578,125.5999984741211,24.36571328571429,9.571428571428584,27.428694618581112,90.65038991377963,492.7512183473068,430.070435133261,15.670195803511422,466.5863976380588,91.2759715793422,0.3459764414823452,0.2933708815670399,0.2651065148448598,1.3050468738361325,0.0770127861646052,0.0711036993280787,0.0623476933730904,1.235214482621093,1.4547867813418225,0.4939166781687815,0.2446552581383491,0.1993525695532702,1.227249021239644
2016-04-04 00:00:00+00:00,122.8000030517578,130.0,122.3000030517578,128.60000610351562,108083,45.5414066131329,0.2951339664115129,126.65000038146972,120.50000030517576,125.75495236300344,135.80774218326377,117.49225857967568,2.018965762101104,2.848452636450038,-0.8294868743489343,-0.0447296761065412,0.0622837774452786,28.201427857142857,38.09999985714287,3.902079736734694,26.090713642857143,102.37142685714288,3.863152401020408,0.0,0.0,0.0,0.0,3.6405999660491934,3.6772000789642334,3.5297000408172607,3.5485999584198,0,40.13352682740469,0.2494728054376978,3.683500051498413,3.796099901199341,0.0017117866400947,0.2661022823256566,237.111,0.0823076533454925,1.0177997801654737,0,0,0,0,4,14,0.8660254037844387,-0.4999999999999998,0.992708874098054,-0.1205366802553228,14.119999885559082,-0.0763313112797918,15.017499923706056,0.0,435.768085723419,0.0888710106639774,128.5500030517578,131.5500030517578,24.31214185714285,2.9142857142857204,27.3423732653086,91.40658584560954,497.869349074129,419.25228319335554,19.654266470193352,454.259072872203,41.83087856052763,0.3682224705640422,0.3391216647385853,0.2991424773718973,1.2309266858046275,0.0627035566521672,0.0707726842460905,0.0624439535535881,1.0041572168678297,2.092164569494677,0.5144694469531704,0.2515375997618743,0.2042517061046693,1.2315078891820583
2016-04-11 00:00:00+00:00,123.3499984741211,123.6500015258789,119.0500030517578,122.8499984741211,140856,33.98434601254864,0.3140180136762618,126.71500053405762,120.89000045776368,123.9945710679038,135.5788901249934,117.85111094312188,0.042555920512413,1.221247002861956,-1.178691082349543,0.0044787899730871,0.0228026536881764,28.33714271428571,1.5000000000000082,4.3153922530612245,28.27285585714285,37.20000000000003,4.197530387755101,0.0,0.0,3.0,3.0,3.618000030517578,3.704900026321411,3.504300117492676,3.586199998855591,0,47.74820210013251,0.256011351559067,3.5485999584198,3.614000082015991,-0.0106236291172688,0.2420875096775273,237.111,0.0823076533454925,1.0177997801654737,0,0,0,0,4,15,0.8660254037844387,-0.4999999999999998,0.970941817426052,-0.2393156642875575,16.260000228881836,0.141115894235823,14.852499961853027,1.0,442.3577643867302,-1.1446705650723723,122.8000030517578,128.5500030517578,24.612141928571425,0.0,27.40240440026565,87.90938675879603,498.8325627159985,415.1651884328548,20.91684357078592,449.498549478014,45.83079410720142,0.3738541201100084,0.3432761689963026,0.2996885256592623,1.2474755475300203,0.0372922458939972,0.0649146539907859,0.0592647981192474,0.629247728583902,2.433412255340636,0.4886004597585628,0.2385051871600174,0.1972735522511578,1.2090073522186708
2016-04-18 00:00:00+00:00,124.0,125.9000015258789,120.75,123.4000015258789,82421,41.3965111004904,0.2932217714888617,125.39000015258787,121.24500045776368,123.71954918373268,133.521524057187,117.25847624798875,-0.0724238588347674,0.3546743759836024,-0.4270982348183698,0.005269570603321,-0.0606060606060605,28.351428,0.0,4.140821206122449,29.154999857142855,0.0,4.335734799999999,0.0,0.0,7.0,10.0,3.487299919128418,3.6013998985290527,3.4463999271392822,3.5309998989105225,0,38.35614981710359,0.2387222376549954,3.586199998855591,3.6205999851226807,-0.0265258844948465,0.2639516792548456,238.132,0.4306000143392774,0.8525362211427412,0,0,0,0,4,16,0.8660254037844387,-0.4999999999999998,0.9350162426854148,-0.3546048870425354,13.350000381469728,-0.1971917047752685,14.742500066757202,0.0,437.8439874649048,-3.0831884638239275,123.3499984741211,122.8000030517578,25.526428000000003,0.0,27.515475074902888,82.23781341951887,482.659802279644,412.0820879385186,17.64442858528133,444.8367246727703,12.748193241127936,0.3738605906537069,0.3315086952306535,0.2993830978118966,1.248769823341552,0.0415322703699911,0.0593676095712555,0.0582832416494873,0.7125935701007938,1.3294277900585545,0.4817231194980255,0.1690422776350309,0.1867212903146076,0.9053186612893696
2016-04-25 00:00:00+00:00,123.0999984741211,130.0,122.0,124.1999969482422,19732,55.36584621522485,0.2537697515554661,123.83999977111816,122.12000045776368,123.94171682686894,128.73872019703728,118.94127934519904,0.0598962565887148,0.2355316091804768,-0.1756353525917619,-0.007258076821604,-0.0348883141604549,27.63714214285714,0.9571428571428716,3.908669804081633,28.32999907142857,0.3142857142857184,4.035363539795918,0.0,0.0,0.0,0.0,3.608299970626831,3.6122000217437744,3.5030999183654785,3.562299966812134,0,45.66282738291446,0.2382991247303372,3.5309998989105225,3.6772000789642334,0.016706267953491,0.2275234004180891,238.132,0.4306000143392774,0.8525362211427412,0,0,0,0,4,17,0.8660254037844387,-0.4999999999999998,0.8854560256532099,-0.4647231720437685,14.079999923706056,0.0532389318905228,14.452500104904177,0.0,438.5191204789353,1.2400267810098224,124.0,123.3499984741211,27.15142757142857,2.399999942857145,27.56802501016261,76.95242453531029,444.1257716789768,433.1187073480179,2.7517660827397084,442.3096829952362,14.669142822756127,0.2769373213212084,0.3283441776539284,0.2963217842775218,0.9345830332744316,0.0649878155902805,0.0567057349342082,0.0581694037712915,1.1172162718675045,0.3133003393080919,0.4974379534983877,0.1636447022609404,0.1847504734129851,0.8857606174438766
2016-05-02 00:00:00+00:00,119.0999984741211,126.25,119.0,123.5999984741211,349,37.831861693293,0.2655602557684627,122.575,122.75500030517578,122.81759903288076,126.83589909172927,118.31410090827072,-0.7505095281830876,-0.1907854591485977,-0.5597240690344899,-0.0324939077951402,-0.0640471632682035,24.14428557142857,22.757142857142878,3.397834512244898,27.04785671428571,12.485714285714316,3.740890587755103,0.0,0.0,0.0,0.0,3.549799919128418,3.552299976348877,3.412899971008301,3.432800054550171,0,43.53677396151771,0.2335934059213493,3.562299966812134,3.5864999294281006,0.0106961865317149,0.2345116771123247,238.132,0.4306000143392774,0.8525362211427412,0,1,0,1,5,18,0.4999999999999999,-0.8660254037844387,0.8229838658936565,-0.5680647467311557,14.68000030517578,0.0417306986636176,14.59250020980835,0.0,408.84648125888816,0.6390186388322125,123.0999984741211,124.0,27.19428478571428,15.88571394285716,27.534465765267328,72.79328193856217,462.8751250481965,400.9085517465328,15.49164332541594,428.924402300697,17.526167642190273,0.3190469996200394,0.3290354716471182,0.31338274224269,1.0180745345326565,0.0608732165649467,0.0534778210142765,0.0576309743966053,1.056258490155728,0.0055399375526801,0.5882736585935716,0.1690845736571434,0.1897737517514129,0.8909797228904043
2016-05-09 00:00:00+00:00,125.1500015258789,125.1500015258789,118.5999984741211,122.6500015258789,303,48.43050033083514,0.2490617025704152,122.6349998474121,123.2920001220703,122.41333833708326,127.3915028094835,117.87849688534072,-0.4551551901106592,-0.611943397653052,0.1567882075423927,0.0507976753087231,0.0390203793832915,25.22999985714285,14.600000000000016,3.0813118448979595,22.622857142857143,63.671428571428606,3.1047240163265317,0.0,0.0,0.0,0.0,3.496900081634521,3.664099931716919,3.473900079727173,3.499000072479248,0,37.20876896762236,0.2286836056522113,3.432800054550171,3.6826000213623047,-0.013569838021265,0.235639974907581,238.132,0.4306000143392774,0.8525362211427412,0,1,0,2,5,19,0.4999999999999999,-0.8660254037844387,0.7485107481711013,-0.663122658240795,14.56999969482422,-0.0075214447132862,14.170000076293944,0.0,437.8998644098283,-1.7875838164657774,119.0999984741211,123.0999984741211,26.515713785714286,46.59999871428573,27.217587789627963,72.20477526971486,460.0249408633041,401.5297859429742,14.623788730082486,432.5145871443496,46.51263029154096,0.3596504677050898,0.3438775488383731,0.3258112490272405,1.1038613852046777,0.0523372191122457,0.0514045535062922,0.0587159211079108,0.8913631807363829,0.0048839497775216,0.4568455049057776,0.1662488420379297,0.176948611930703,0.9395317139177072
2016-05-16 00:00:00+00:00,132.6999969482422,132.6999969482422,125.9000015258789,125.9000015258789,50,67.20554052777806,0.239805619221281,124.0375,124.72400009155274,125.06782339507734,131.68010047634752,116.39489952365248,1.548951947719459,0.3957748567490014,1.1531770909704575,0.0603275695590148,0.0793005306385197,24.62999942857143,0.6000000000000142,2.9387349163265304,25.505,0.5857142857143142,3.184874505102041,0.0,0.0,0.0,0.0,3.5139000415802,3.5302000045776367,3.422499895095825,3.5302000045776367,0,47.811007461047694,0.1922737378087607,3.499000072479248,3.4725000858306885,-0.0096984072302439,0.2111959418806353,239.261,0.4741067979104008,1.125110418894426,0,1,0,3,5,20,0.4999999999999999,-0.8660254037844387,0.6631226582407952,-0.7485107481711012,14.68000030517578,0.0075214447132861,14.50250005722046,0.0,468.45752983413695,-1.4439475209347907,125.1500015258789,119.0999984741211,21.440713857142857,227.48570642857143,27.107098254813256,67.58419069010192,487.10827444618496,389.7532235447094,24.338762725368884,446.8917642202646,67.01530883453862,0.4208207786696299,0.3788247252458529,0.3451731752164275,1.219158372356678,0.0512433728616853,0.0541947788998299,0.0596834598713922,0.8585856849828957,0.0008314653079413,0.3700779395803712,0.1645906454584027,0.1774802919486811,0.9273741573078604
2016-05-23 00:00:00+00:00,122.1500015258789,132.60000610351562,122.0,132.60000610351562,85757,56.78777032570374,0.2731797749117237,124.51500015258787,125.26900024414064,125.4024465503079,133.09742541582284,115.93257488935292,0.7795285682196038,1.0249883893959884,-0.2454598211763845,-0.0795026048604821,-0.0048879712759355,24.22999942857143,4.957142857142871,2.2396905265306124,22.79428571428571,2.342857142857171,2.675969535714285,0.0,0.0,0.0,0.0,3.4955999851226807,3.612799882888794,3.476799964904785,3.557300090789795,0,57.600016689316455,0.1708535991684097,3.5302000045776367,3.524399995803833,0.0151559448832541,0.1933222529785537,239.261,0.4741067979104008,1.125110418894426,0,1,0,4,5,21,0.4999999999999999,-0.8660254037844387,0.5680647467311558,-0.8229838658936564,15.81999969482422,0.0747888990740931,14.9375,1.0,434.5242115179826,1.0414876904150092,132.6999969482422,125.1500015258789,29.483571428571427,8.242856285714293,26.82885228445664,63.37507239673129,486.2635623022446,388.6004812081734,24.4157702735178,441.9447431393519,48.37891331439296,0.5075626284921246,0.4204509915409226,0.3549490216482449,1.4299591863519157,0.0867785998452885,0.0632440447948893,0.0606325587811589,1.43122090305127,1.3971398035852818,-0.2294242406636752,0.1588177730025407,0.1768748090287044,0.8979105893912841
2016-05-30 00:00:00+00:00,121.3000030517578,123.3000030517578,120.8000030517578,122.4499969482422,54978,40.67796359686472,0.2638824790652336,124.43750038146972,124.8070004272461,124.10933283151938,132.93944398773783,115.93555677520162,-0.4084277767089617,0.3556471095622452,-0.764074886271207,-0.0272653887705834,0.0074750956351561,22.83714257142857,0.4000000000000081,2.5115900000000004,25.169285714285717,8.542857142857168,2.2735796234693875,0.0,0.0,3.0,0.0,3.5662999153137207,3.624200105667114,3.539599895477295,3.6089000701904297,0,64.8314402906156,0.1630103938839217,3.557300090789795,3.479700088500977,-0.0010114586273331,0.1702600439184864,239.261,0.4741067979104008,1.125110418894426,0,1,0,5,5,22,0.4999999999999999,-0.8660254037844387,0.464723172043769,-0.8854560256532096,13.119999885559082,-0.1871371682556911,14.547499895095823,0.0,437.7595895275881,-0.5752526606437107,122.1500015258789,132.6999969482422,30.294285714285717,2.4714285714285795,26.72178347347787,59.8375101222878,476.5428276197652,412.7777700250029,15.94126439869057,440.2706816946463,64.93758239302747,0.5083769722512468,0.3908262500334074,0.3392235208920005,1.498648902434484,0.020610057189638,0.0543684931147608,0.0566390335468696,0.3638842730912812,0.9284785435629122,-0.43282628601563,0.1631278391982787,0.1777851068088788,0.9175562168887468
2016-06-06 00:00:00+00:00,131.6999969482422,132.0500030517578,120.8499984741211,121.5500030517578,128816,47.872339044020016,0.2621707621783206,125.6425006866455,124.13800018310548,124.68429574238704,133.40796142954048,117.87703994375052,0.41650517722654,-0.0237607041542367,0.4402658813807767,0.085737787591372,0.0893299858234619,23.57999914285714,49.47142777142859,2.266343948979592,23.6514285,24.214285157142875,2.5242538285714287,0.0,0.0,0.0,0.0,3.566699981689453,3.6314001083374015,3.4999001026153564,3.524499893188477,0,55.55554574409948,0.1388452995062728,3.6089000701904297,3.533099889755249,0.0072863261814965,0.1510047127365484,239.261,0.4741067979104008,1.125110418894426,0,1,0,6,6,23,1.2246467991473532e-16,-1.0,0.3546048870425358,-0.9350162426854148,13.649999618530272,0.0396017188911561,14.31749987602234,0.0,464.1766251770024,0.2545258202392492,121.3000030517578,122.1500015258789,29.07285707142857,14.428571428571445,26.52369605583414,57.53923754389136,486.3471619385336,416.1118160898214,17.558836462178043,449.8330590875887,63.9557109117662,0.4442826971629616,0.4198470642892208,0.3529723572442263,1.2586897400258998,0.0850417983080007,0.0592022094633716,0.0597597055164067,1.4230623016378463,2.0646137424005744,-0.4415510436765745,0.1212314069031985,0.1796975277359645,0.6746414471261581
2016-06-13 00:00:00+00:00,137.3000030517578,145.0,129.60000610351562,131.6999969482422,214307,76.62567172888578,0.353551016085546,127.79749984741213,124.985,129.20033620399877,140.2968223410045,115.29817735381972,3.1054400735003185,1.6269053404626062,1.4785347330377123,0.0425209281190523,0.0709828886126224,20.13714257142857,40.81428491428573,2.124484393877551,23.197856714285717,142.55713961428577,2.106814932653061,0.0,0.0,0.0,0.0,3.4837000370025635,3.509500026702881,3.335700035095215,3.415800094604492,0,31.12951079749241,0.1597991241342506,3.524499893188477,3.477099895477295,-0.0156521976792708,0.1423711898306537,240.229,0.4045790998115084,1.019322554193569,0,1,0,7,6,24,1.2246467991473532e-16,-1.0,0.2393156642875576,-0.970941817426052,20.96999931335449,0.4293533184851771,15.889999628067017,1.0,468.9893634133914,-1.9697988677385885,131.6999969482422,121.3000030517578,31.315713857142857,0.7000000000000072,26.309125775734245,63.024263483916805,486.83027790667256,415.8946169113096,17.733915248840734,457.4955808179098,50.38877593139836,0.4088483063823916,0.3662312616615664,0.3487270074262106,1.1724021539825271,0.1121630994478496,0.0711673855304924,0.0625984327870926,1.7917873744772603,3.1429212520820418,-0.5705895794021523,0.1517002692861619,0.1776478696572553,0.853937967505408
2016-06-27 00:00:00+00:00,134.5,139.60000610351562,133.5,138.8000030517578,12214,53.239442310362186,0.3423627575310256,134.09499969482422,128.09200012207032,134.37045898372602,146.33547906158316,121.85452032806528,2.8633850939842205,3.2825990471123627,-0.4192139531281422,-0.03584229390681,0.1069958847736625,21.33714242857143,0.2000000000000101,2.5381474448979597,22.34428571428571,0.0857142857142897,2.642831246938776,0.0,0.0,2.0,0.0,3.390399932861328,3.44320011138916,3.3152999877929688,3.3677000999450684,0,37.26561054074117,0.1642193767589502,3.412800073623657,3.58270001411438,-0.014082259112057,0.1604094006742717,240.229,0.4045790998115084,1.019322554193569,0,1,0,9,6,26,1.2246467991473532e-16,-1.0,-3.216245299353273e-16,-1.0,23.850000381469727,0.2610652884168575,19.210000038146973,1.0,452.9556634426117,-1.8128050110172085,139.5,137.3000030517578,30.07999942857143,26.585715897142872,25.633190640961427,56.03422615927133,484.9882680300007,446.11536312175207,9.718226227062166,460.1412209364123,62.363383505041206,0.27824922022909,0.3876902233240873,0.3518743984840908,0.790762878800464,0.0453532052305994,0.0650350569764138,0.061960387104933,0.7319708612227185,0.2037619385243852,-0.513040971486995,0.131319448654354,0.1743881040170047,0.7530298116622159
2016-07-04 00:00:00+00:00,144.85000610351562,146.0500030517578,137.5,137.5,190,62.86201943247685,0.377316783280375,137.9525001525879,129.49500030517578,137.18745897729684,145.22852549017202,130.6764748150038,3.71744180495088,3.3435911522747785,0.3738506526761016,0.0781540716262403,0.1776423260448425,22.387142428571423,0.2000000000000142,2.2961557693877555,21.090714214285715,0.5428571428571713,2.44900295,0.0,0.0,0.0,0.0,3.387700080871582,3.3926000595092773,3.1907999515533447,3.230600118637085,0,22.06121867081972,0.1863787202755341,3.3677000999450684,3.5801000595092773,0.0091578806951401,0.1678055608531641,240.229,0.4045790998115084,1.019322554193569,0,1,0,10,7,27,-0.4999999999999997,-0.8660254037844388,-0.1205366802553228,-0.992708874098054,14.770000457763672,-0.4791861057927989,19.49000024795532,0.0,467.95244690260006,0.5112089697025016,134.5,139.5,27.676427642857146,122.85715176571428,25.34012764569203,52.45413783563171,485.94277378264434,447.0487682319073,9.72350138768424,463.26571132288746,53.77312655252177,0.2888265977730483,0.3932516721590447,0.354915024233516,0.8137908229128866,0.0590265978010911,0.0727183650987044,0.0628563297710372,0.9390715083968224,0.0035079751044539,-0.5258488314097483,0.1136793539638222,0.1772676301363834,0.6412865533515386
2016-07-11 00:00:00+00:00,147.9499969482422,148.0,140.0,145.60000610351562,155,63.14151561735429,0.3185868459477875,140.09500045776366,131.59,139.72958992761482,147.37560846105904,132.81439245446828,3.65577530643543,3.485141676874943,0.1706336295604873,0.0214013856686425,0.1045166130568076,24.094285000000003,0.8000000000000143,2.742083387755102,23.21928521428572,0.4000000000000284,2.368960980612244,0.0,0.0,0.0,0.0,3.2885000705718994,3.363100051879883,3.254800081253052,3.2976999282836914,0,41.451437556563626,0.1981981086265641,3.230600118637085,3.395900011062622,0.0076750674332362,0.1938957736137202,240.229,0.4045790998115084,1.019322554193569,0,1,0,11,7,28,-0.4999999999999997,-0.8660254037844388,-0.2393156642875574,-0.970941817426052,13.539999961853027,-0.086949862869314,17.632500410079956,0.0,487.8946943257906,0.3629276435121116,144.85000610351562,134.5,28.722856714285715,67.8428585257143,25.20329910173033,49.09580636236516,500.5701864572137,441.8740210135376,14.67404136091904,473.1173045240488,64.50568998854627,0.2579472559396749,0.3474669100230487,0.3525561909071275,0.7316486145357146,0.0540723228456616,0.0665244700062366,0.0625770499529909,0.8640917755848831,0.0029936910375644,-0.6769332197515829,0.177527958377156,0.1806906602963043,0.9824965400041854
2016-07-18 00:00:00+00:00,147.8000030517578,153.0500030517578,145.6999969482422,149.6999969482422,31,68.83851331987276,0.3023430280591253,142.35,134.33800003051758,142.69011897608596,151.28750253396282,133.41249746603717,3.8283192771255017,3.722964948547512,0.1053543285779912,-0.0010138147994477,0.0594982297617048,25.27999985714285,0.0428571428571489,3.288964873469388,24.74428521428572,1.4000000000000286,2.974260281632653,0.0,0.0,4.0,0.0,3.305799961090088,3.308900117874145,3.211999893188477,3.276599884033203,0,38.69606827043979,0.1873900968561327,3.2976999282836914,3.461199998855591,-0.0190430549472339,0.1993555363211133,241.018,0.3284366167281893,0.9973264945230876,0,1,0,12,7,29,-0.4999999999999997,-0.8660254037844388,-0.3546048870425356,-0.9350162426854148,12.4399995803833,-0.084731211086988,16.15000009536743,0.0,484.2814728594967,-2.232742111451579,147.9499969482422,144.85000610351562,29.483571357142857,63.65714160000002,25.17368530254036,46.01865756479322,505.4390214424892,441.10311732276034,16.08397602993222,477.582971858228,56.64362060554146,0.2639169886343264,0.3256046567506925,0.3289634827892163,0.802268319796299,0.0497294042743811,0.0540377309715428,0.0618455885636045,0.8040896268994365,0.0005988920497079,-0.6631288459866722,0.1621599268101211,0.1806913782834904,0.8974413686816392
2016-07-25 00:00:00+00:00,141.10000610351562,149.75,139.0500030517578,144.64999389648438,86906,45.65827946813971,0.3307298049039133,143.99749984741212,136.13600006103516,143.22398708680447,151.22831819928638,136.76668149553785,2.261548324896381,3.1778045052559616,-0.9162561803595805,-0.0453315075094817,0.0132855016410458,23.63714257142857,0.0571428571428652,3.1218351081632654,24.322856714285717,0.1714285714285958,3.371317930612245,0.0,0.0,3.0,3.0,3.24810004234314,3.289599895477295,3.22979998588562,3.251499891281128,0,43.812674627779714,0.1838599087821681,3.276599884033203,3.336999893188477,0.0086437049232396,0.1878808672110254,241.018,0.3284366167281893,0.9973264945230876,0,1,0,13,7,30,-0.4999999999999997,-0.8660254037844388,-0.464723172043768,-0.8854560256532101,12.869999885559082,0.03398195913618,13.40499997138977,0.0,458.78665450534754,0.5359338755957708,147.8000030517578,147.9499969482422,28.015713714285717,142.62857217142857,25.118793135556185,43.06077182328583,502.16760469271856,447.2900296038989,13.7193937722049,470.0644449170759,54.55211378028417,0.3222686617153387,0.3197368630159559,0.3420879774167853,0.9420636607233458,0.0758327178270447,0.0568028495957556,0.0623081045964307,1.2170600622120042,1.5490478647695174,-0.6884777933108285,0.1595629448608557,0.166652915719044,0.957456607331688
2016-08-01 00:00:00+00:00,143.4499969482422,146.35000610351562,139.39999389648438,141.60000610351562,76971,45.9807121283189,0.3038503955208181,144.46749877929688,137.49599975585937,143.17181267284522,150.04624510163225,138.8887524569615,1.3059682838263598,2.007784538809347,-0.7018162549829872,0.0166547891075392,-0.0045108197622594,24.115713571428568,0.0571428571428652,3.166458806122449,23.74071421428571,0.0285714285714326,2.921236989795918,0.0,0.0,3.0,0.0,3.283400058746338,3.288599967956543,3.226599931716919,3.24620008468628,0,38.55964943659463,0.1504843162791956,3.251499891281128,3.205899953842163,-0.0052453598182292,0.1784125277374049,241.018,0.3284366167281893,0.9973264945230876,0,1,0,14,8,31,-0.8660254037844385,-0.5000000000000004,-0.5680647467311556,-0.8229838658936566,12.4399995803833,-0.0339819591361801,12.822499752044678,0.0,465.6673922416304,-0.8529725985511094,141.10000610351562,147.8000030517578,28.10857057142857,104.88571462857144,25.029884818054867,40.28450083007846,502.4312198026173,445.8838871635153,14.136833159775502,468.3056238468977,47.957256583631214,0.2757952789940255,0.2613941947755722,0.3427854348594483,0.8045711483085561,0.0484490230385913,0.0574220131573539,0.0612671811249781,0.7907825077170721,1.2839467044765265,-0.5909486200000134,0.1605573683039858,0.1470278850173383,1.0920197713845534
2016-08-08 00:00:00+00:00,141.10000610351562,145.75,136.9499969482422,143.85000610351562,125947,42.43073359274345,0.3021279503548467,143.96999969482422,139.41199981689454,142.5148878165692,149.64481994833412,138.29517944131433,0.3608387681157978,1.045913064465343,-0.6850742963495451,-0.0163819511657045,-0.0115586262450744,25.52285642857143,0.1142857142857285,3.176008671428572,22.95499935714286,0.2000000000000284,3.212169169387755,0.0,0.0,0.0,0.0,3.2569000720977783,3.2881999015808105,3.1398000717163086,3.1607000827789307,0,33.09188448267713,0.119600219445059,3.24620008468628,3.3610999584198,-0.0109373937813674,0.1401442275295747,241.018,0.3284366167281893,0.9973264945230876,0,1,0,15,8,32,-0.8660254037844385,-0.5000000000000004,-0.663122658240795,-0.7485107481711013,11.5,-0.0785700182105824,12.31249976158142,0.0,445.9748009714895,-1.4221759948649293,143.4499969482422,141.10000610351562,28.240714142857144,219.0428573428572,24.896021239931517,37.698404002331465,495.6314905207181,431.723669768264,15.976955188113518,459.3732946967345,12.357343005840091,0.2872580618905488,0.2852453593093068,0.3351842361595617,0.8570154032651105,0.062367134451446,0.0580901204874249,0.0604706784087746,1.031361409842925,1.96838475297676,-0.4967041379945577,0.1218624845143314,0.147545616677838,0.8259308476856105
2016-08-15 00:00:00+00:00,136.9499969482422,142.25,136.3000030517578,141.5,124204,37.79525351612905,0.2514318045493641,141.7349998474121,140.93999969482422,140.75848063735364,147.57975481560644,135.89024487921776,-0.9268857902909532,0.0053617532322227,-0.9322475435231758,-0.0294118283186242,-0.0600549086017366,25.701428,1.9142858000000145,3.71078715510204,26.804998571428573,0.7714286000000284,3.372985448979592,0.0,0.0,0.0,0.0,3.16729998588562,3.191699981689453,3.1012001037597656,3.190500020980835,0,35.22579047431532,0.1102647873225746,3.1607000827789307,3.2483999729156494,-0.0082550779859037,0.1071658345208481,240.628,-0.1618136404749948,0.8271388704987004,0,1,0,16,8,33,-0.8660254037844385,-0.5000000000000004,-0.7485107481711011,-0.6631226582407952,11.8100004196167,0.0265996303706924,12.15499997138977,0.0,436.938968136692,-0.6636941581153752,141.10000610351562,143.4499969482422,28.022856214285717,183.7571442857143,25.01918106777004,35.31601849250363,477.555609997992,426.1282979295876,12.856828017101089,450.3995640727176,11.260703008679272,0.1992580195488802,0.2490685120408686,0.3363141117356187,0.5924759225707441,0.0434464920104443,0.0559649543203815,0.0587923637010665,0.7389817637122584,1.8707717890069533,-0.488737775516316,0.0943711658160373,0.1446272773925432,0.6525128661225446
2016-08-22 00:00:00+00:00,144.10000610351562,144.3000030517578,134.89999389648438,136.75,42015,56.93432553884719,0.2186104052228158,140.33499984741212,141.32100006103516,140.08761231434164,145.9693971061738,134.70060258865044,-0.6723733411898536,-0.7113572688450275,0.0389839276551738,0.0522089033559867,0.0155039626614512,25.422856285714285,12.328572014285728,3.7939794632653054,26.10142742857143,8.071429028571456,3.761144501020408,0.0,0.0,0.0,0.0,3.185100078582764,3.2441000938415527,3.155100107192993,3.2044999599456787,0,41.23577533302992,0.1222508790207458,3.190500020980835,3.2685999870300293,0.0162733924866218,0.1208430824187344,240.628,-0.1618136404749948,0.8271388704987004,0,1,0,17,8,34,-0.8660254037844385,-0.5000000000000004,-0.8229838658936564,-0.5680647467311559,12.270000457763672,0.0382106302904753,12.005000114440918,0.0,461.7684637868879,1.7891528891371749,136.9499969482422,141.10000610351562,27.762142428571423,113.257144,25.089003413628195,33.558303043217684,479.5188752376062,425.6559373307436,13.46573447671564,454.94712395838576,52.4668063498629,0.3231737822713691,0.2846821899960253,0.3209453040921312,1.0069434513650457,0.065232538217388,0.0590655811089829,0.0589188127793276,1.1071595653176507,0.6659697615014055,-0.4676909732362181,0.1008557218660224,0.1362396558339064,0.7402816297933266
2016-08-29 00:00:00+00:00,144.0,146.14999389648438,140.14999389648438,144.25,706,56.47320242560316,0.2426201491716255,140.5474998474121,141.88099975585936,141.53288059064153,146.42793058638642,134.66706910843777,0.5769686998932286,-0.0401806033508819,0.6171493032441105,-0.0006940048527394,-0.0150478590572135,25.444285285714283,11.785715714285722,3.773407469387755,24.0657125,29.18571628571431,3.842539098979592,0.0,0.0,2.0,2.0,3.1988000869750977,3.286799907684326,3.184400081634521,3.2641000747680664,0,66.05038595681387,0.1280524405086673,3.2044999599456787,3.281899929046631,-0.0103689178274096,0.1285862214200658,240.628,-0.1618136404749948,0.8271388704987004,0,1,0,18,8,35,-0.8660254037844385,-0.5000000000000004,-0.8854560256532096,-0.4647231720437691,12.9399995803833,0.0531659606145071,12.130000114440918,0.0,470.0304107666016,-0.875078142265965,144.10000610351562,136.9499969482422,25.665714142857144,110.99999950000002,25.02298464500702,33.27620067176586,483.6201360240983,423.7361858067372,14.970987554340272,460.9804386816721,53.52881586083371,0.2736334771755852,0.2856612915935998,0.3212566606354693,0.851759674388451,0.0416666666666666,0.0522323708769073,0.0591375338179611,0.7045721546184974,0.0125889450874115,-0.4685116561658347,0.1227441617295974,0.1392777623036387,0.8812903861070064
2016-09-05 00:00:00+00:00,150.10000610351562,151.39999389648438,142.3000030517578,144.60000610351562,46,77.22568151159889,0.2259244246829281,141.7775001525879,142.61399993896484,143.65439788073658,150.43553690073614,133.11946340443964,1.859866385226184,0.7967292431331984,1.0631371420929852,0.0430855626824506,0.0562983790033917,26.77285685714286,6.128571771428583,4.110369583673469,26.294285142857145,16.22857325714287,3.868931981632653,0.0,0.0,1.0,0.0,3.229700088500977,3.278599977493286,3.201200008392334,3.256099939346313,0,63.26758413856126,0.1292462703815891,3.2641000747680664,3.1868999004364014,0.0110283845965737,0.1284599046445688,240.628,-0.1618136404749948,0.8271388704987004,1,1,1,19,9,36,-1.0,-1.8369701987210292e-16,-0.9350162426854148,-0.3546048870425359,11.979999542236328,-0.0770847021682337,12.25,0.0,488.74062076953845,1.264652100132365,144.0,144.10000610351562,26.41928471428572,134.07143422857146,25.10500403196509,32.17635374179018,507.3455301410749,421.3937015887851,21.487957138072428,472.08451151681874,85.14758990227641,0.2953743156973086,0.269868395855778,0.3254796897351432,0.907504572290276,0.0606261857074862,0.0546678034106862,0.0600922295848358,1.0088854422191509,0.0008852588997384,-0.579459438642277,0.1229821349438703,0.138091344551146,0.8905853327575295
2016-10-03 00:00:00+00:00,147.5500030517578,154.9499969482422,147.14999389648438,153.25,89904,50.37036450965908,0.2455238901346081,151.46500091552736,145.73600036621093,150.4535395606597,157.39388471859408,145.53611711246063,1.4670299512947338,2.1605863382108192,-0.6935563869160855,-0.0390752190215036,-0.0169886938578751,26.572856714285717,7.785714308571443,4.69785858367347,27.94071421428572,12.385714525714317,5.05740181632653,1.0,0.0,0.0,0.0,3.2416000366210938,3.261199951171875,3.211199998855591,3.25979995727539,0,51.88099784039503,0.1681725659174693,3.2432000637054443,3.253200054168701,0.0081112657298961,0.1714006085858981,240.849,0.0918430107884393,1.0628745027610351,1,0,5,0,10,40,-0.8660254037844386,0.5000000000000001,-0.992708874098054,0.1205366802553232,13.56999969482422,-0.0662871980687547,14.68999981880188,0.0,480.9834936441038,0.7192835622011707,153.5500030517578,151.5,29.15142764285714,86.55714451428574,25.78193356223196,27.015564454759648,505.6799061701422,476.0568936196014,7.405753137635196,486.6505382209936,35.23163386320327,0.189912685731667,0.2220549557227971,0.2691038866547565,0.7057225409683056,0.0528634557128522,0.0536733411173669,0.0590071743723453,0.8958816841568791,1.470450413760208,0.0208511124210614,0.0369697991796262,0.1191267531867912,0.3103399957376282
2016-10-10 00:00:00+00:00,148.0,151.14999389648438,145.1999969482422,147.5500030517578,73346,43.19067279867101,0.2443777729320737,150.47000045776366,146.21600006103515,149.48303555960356,156.92081853297836,144.01918238254896,0.2624766708306083,1.2152630250823382,-0.95278635425173,-0.0234246320044309,-0.0370852118504702,24.77999957142857,40.94285614285715,3.3971515285714284,24.78714242857143,19.185714000000026,4.348529146938775,0.0,0.0,0.0,0.0,3.2088000774383545,3.259399890899658,3.1891000270843506,3.219300031661988,0,41.68538261509932,0.1702282931449598,3.25979995727539,3.214900016784668,0.0001533842908163,0.1705095823625635,240.849,0.0918430107884393,1.0628745027610351,1,0,6,0,10,41,-0.8660254037844386,0.5000000000000001,-0.970941817426052,0.2393156642875573,13.380000114440918,-0.0141003881045586,14.244999885559082,0.0,476.45640468597423,-0.0765045817068093,147.5500030517578,153.5500030517578,29.001428142857144,23.985713885714315,25.71775348909257,26.51041281251709,508.41036630026593,466.6679029058288,10.435615848609272,482.5728848069859,27.62356601185097,0.1308291483234252,0.2225565515351787,0.2368990887479851,0.5522568427438476,0.0402026820827174,0.0495886403924132,0.0566783784842168,0.7093123703386994,1.2119319430466322,0.0485084575701524,0.05467142787971,0.1181688914292654,0.4626549559017073
2016-10-17 00:00:00+00:00,157.10000610351562,157.35000610351562,150.39999389648438,152.85000610351562,86665,57.90645592118455,0.2448610694521177,151.89749984741212,147.31000030517578,151.23775021093172,158.3188055739134,145.47619412091083,1.4449899556272785,1.0285510679915968,0.4164388876356815,0.0614865277264569,0.064363140969909,27.91571385714286,25.128572428571445,4.4426920265306125,28.1014285,86.67142714285717,3.629079926530612,1.0,0.0,0.0,0.0,3.203000068664551,3.224100112915039,3.155900001525879,3.20199990272522,0,43.35854527196165,0.1358312519912807,3.219300031661988,3.299799919128418,-0.0024509434564755,0.1590289219283908,241.428,0.2403995864628916,1.4637836474815646,1,0,7,0,10,42,-0.8660254037844386,0.5000000000000001,-0.9350162426854148,0.3546048870425355,16.209999084472656,0.1918672160151979,14.414999723434448,1.0,503.0342042615885,-0.4854939321104415,148.0,147.5500030517578,28.355,54.09999901428574,25.87153897366724,30.391768575764843,515.3830967222027,463.8506444133466,12.88311307721401,490.757412588827,58.086952445445554,0.234930550642134,0.2183956432708384,0.2501052659311332,0.93932664861825,0.0442394139848204,0.0503536866161079,0.0578598463239759,0.7645959875377112,1.3954761550133212,-0.0634029995321172,0.0469006114296212,0.1134963585927349,0.4132344674208674
2016-10-24 00:00:00+00:00,157.89999389648438,159.60000610351562,155.10000610351562,157.5,83492,76.07047784941244,0.2141822931726055,152.7125,149.0190002441406,153.6005213505631,160.5045946676304,144.92040533236965,2.2327561554284614,1.761962233520213,0.4707939219082484,0.0050922199992891,0.0170692038420894,29.72999942857143,33.68571315714287,4.895180589795919,28.583571,70.6142868571429,4.381129569387755,3.0,0.0,0.0,0.0,3.203900098800659,3.2046000957489014,3.115900039672852,3.148900032043457,0,38.12552846390633,0.1223290227355905,3.20199990272522,3.2170000076293945,0.007743812103325,0.1266844343961619,241.428,0.2403995864628916,1.4637836474815646,1,0,8,0,10,43,-0.8660254037844386,0.5000000000000001,-0.8854560256532101,0.464723172043768,13.020000457763672,-0.2191416073294906,14.044999837875366,0.0,497.2112958403013,0.5339816238696083,157.10000610351562,148.0,28.976428571428567,155.49999621428574,26.046508781817742,32.98676975520859,514.8583380099315,463.9843612060525,12.718494200969737,493.3389658894168,49.2750116469866,0.2396463440401964,0.2116276318557922,0.2356345853227825,1.0170252959329609,0.0284990511332767,0.0486607495113895,0.0550327089652397,0.5178564982638347,1.3952994791773137,-0.0759846323511677,0.0596371138348733,0.1110620848222919,0.5369709074036227
2016-10-31 00:00:00+00:00,164.14999389648438,166.89999389648438,158.35000610351562,158.64999389648438,134337,78.58667801109218,0.2316542051471969,155.74249954223632,151.78400024414063,157.9116832649618,168.6808668539931,142.80413223047952,3.8877824098677536,2.9770430567533657,0.910739353114388,0.0395820154628843,0.0932400970302522,26.77999971428571,23.742856371428587,4.4297688040816325,26.679999928571423,62.628568028571465,4.868432218367347,0.0,0.0,0.0,0.0,3.1243999004364014,3.204699993133545,3.098099946975708,3.2030999660491943,0,50.07463921414427,0.1227591555534046,3.148900032043457,3.259299993515014,0.003117037227594,0.1174860459029289,241.428,0.2403995864628916,1.4637836474815646,1,0,9,0,10,44,-0.8660254037844386,0.5000000000000001,-0.822983865893657,0.5680647467311548,17.059999465942383,0.2702498388199429,14.917499780654907,1.0,525.7888398768046,0.0713041362965083,157.89999389648438,157.10000610351562,28.12285707142857,99.71428508571432,26.0873791783825,34.89914383736104,541.1984992678509,460.0468730644833,20.287906550841917,506.318915484372,84.19976566375804,0.2997698809516906,0.2123415645979709,0.2502763906248594,1.1977552825726352,0.0520864338158946,0.0435782073459123,0.0520288756836419,1.0011060804300635,2.4057679547914685,-0.0762443915722855,0.0988289764367321,0.1077868399974379,0.9168927048065816
2016-11-07 00:00:00+00:00,174.35000610351562,175.64999389648438,160.35000610351562,163.25,139214,75.16127539724495,0.2160875392630787,160.64749984741212,154.22100006103517,161.81614593899243,173.17765253315775,148.1173471616665,4.787628009645545,3.750254867447481,1.0373731421980636,0.0621383648266447,0.1909153918872017,25.537142285714285,23.785714528571443,4.0890960244897965,24.137142428571423,30.98571471428574,4.402099868367348,0.0,0.0,0.0,0.0,3.1979000568389893,3.2604000568389893,3.173500061035156,3.232300043106079,0,54.725870633200906,0.1101142628723645,3.2030999660491943,3.2272000312805176,0.0118712764224024,0.1288613983698548,241.428,0.2403995864628916,1.4637836474815646,1,0,10,0,11,45,-0.5000000000000004,0.8660254037844384,-0.7485107481711011,0.6631226582407952,18.709999084472656,0.092321580594617,16.249999523162842,1.0,563.5515322439387,0.9467280557773484,164.14999389648438,157.89999389648438,27.454999571428573,160.2857073714286,25.96155745258824,34.64666453909812,582.5566725506836,462.2362635606329,30.080102247512677,529.2119621881988,94.10284309448492,0.2812687037197036,0.2485590426790286,0.2703383357890704,1.0404321403193075,0.087754443690038,0.0505564049413495,0.0533162416328448,1.6459229785009486,2.338870230956616,-0.117729708530316,0.103512187759361,0.1095575789026062,0.944819877803085
2016-11-14 00:00:00+00:00,161.8000030517578,176.0,157.4499969482422,175.0,150284,54.4419198528484,0.3113616703755486,163.16000061035157,155.87500061035155,162.86426595021783,173.39788898944516,152.92211223125798,3.4227081948231444,3.936343071066961,-0.5136348762438168,-0.0557338938522621,0.0595940162762418,25.50857057142857,66.90000014285715,3.965696211020408,24.183571357142856,76.60000160000003,3.852551963265306,0.0,0.0,0.0,0.0,3.2007999420166016,3.4941000938415527,3.1619999408721924,3.390000104904175,0,76.8019551004651,0.1624537859617993,3.232300043106079,3.177299976348877,-0.0080422946436942,0.1098574504773342,241.729,0.1246748513014317,1.6359875209176034,1,0,11,0,11,46,-0.5000000000000004,0.8660254037844384,-0.6631226582407955,0.7485107481711007,14.479999542236328,-0.2562897360094261,15.81749963760376,0.0,548.5020273189548,-0.928904315670852,174.35000610351562,164.14999389648438,26.6514285,64.25713945714288,25.846848672236924,37.35333144625308,591.5470418616418,475.9798057783579,28.89180902082096,536.9279882405011,76.0672179940353,0.3180817898013806,0.2618158030627993,0.2591898549289399,1.2272153847087603,0.114647729925097,0.0654454145098254,0.0567809678675697,2.019122146724736,2.262447798582732,-0.0477361359948843,0.1772810545502027,0.1346366433107024,1.3167369374600344
2016-11-21 00:00:00+00:00,158.64999389648438,165.3000030517578,155.0,162.39999389648438,35762,42.78215338725039,0.3378860410483054,163.81750030517577,156.64800048828124,161.5711797764237,172.6580368975896,154.97696371276194,0.9525836732865968,2.433244458313996,-1.480660785027399,-0.0194685358211382,0.0176395131986084,26.129999142857145,132.0999999,3.7164172946938776,24.25857085714286,152.15714297142858,4.189566891632653,0.0,0.0,0.0,0.0,3.439300060272217,3.4516000747680664,3.336699962615967,3.382299900054932,0,67.95396618054441,0.2202662028106983,3.390000104904175,3.1391000747680664,-0.0016505472483712,0.2192350003011812,241.729,0.1246748513014317,1.6359875209176034,1,0,12,0,11,47,-0.5000000000000004,0.8660254037844384,-0.5680647467311559,0.8229838658936564,12.420000076293944,-0.1534602726958943,15.667499542236328,0.0,536.6018584997947,-0.2897295761385517,161.8000030517578,174.35000610351562,27.790713785714285,43.62857131428574,25.744379135779244,44.76002896400634,576.0313139269753,511.1908150427711,16.210124721051045,536.7975363442185,71.11190942144465,0.3314076336046945,0.2723470374573802,0.2608468836535594,1.2705063455532253,0.0649228077404045,0.0695820932609422,0.0570757783645354,1.137484204786648,0.5243387484604239,-0.0234270218844805,0.173943735116823,0.1145920528536477,1.5179387715445598
2016-11-28 00:00:00+00:00,153.0,159.5500030517578,151.39999389648438,158.39999389648438,204,21.81257605958384,0.3138981400828198,162.13250045776368,157.09600036621094,159.11161439031662,173.8738951378876,150.39110577763978,-1.074032105872817,0.7267219698033107,-1.8007540756761278,-0.0307254096672955,-0.0653634523379084,27.03714257142857,19.485714542857146,4.307107979591836,25.07642771428572,223.6285701428572,3.893231898775511,0.0,0.0,0.0,0.0,3.387500047683716,3.462399959564209,3.3271000385284424,3.4210000038146973,0,69.57837917625265,0.2293665116167581,3.382299900054932,3.165299892425537,-0.0147037996043144,0.2257380195263428,241.729,0.1246748513014317,1.6359875209176034,1,0,13,0,11,48,-0.5000000000000004,0.8660254037844384,-0.4647231720437684,0.88545602565321,13.149999618530272,0.057113646966506,14.6899995803833,0.0,523.4130005836487,-1.5950548117328718,158.64999389648438,161.8000030517578,26.090713642857143,102.37142685714288,25.70128549568289,56.29993484651285,577.2169754743396,508.8172338488288,17.099935406377686,531.4437220399907,48.47509501755743,0.3465715808303876,0.2831048095993698,0.2585690268740566,1.3403444782879983,0.0532680336945976,0.0745358897732064,0.0570355639069822,0.9339440290628276,0.0029909194804885,0.0088247857462707,0.1350798713391388,0.1115022267775575,1.2114543639928743
2016-12-05 00:00:00+00:00,140.1999969482422,152.64999389648438,140.1999969482422,152.64999389648438,327,6.097504999429333,0.3204999586411181,157.18000106811525,156.34299987792969,153.01055111029711,176.81784238010815,137.54215975612237,-4.498060210264526,-2.05532062236517,-2.4427395878993563,-0.0836601506650837,-0.1393492805326132,25.929999428571428,46.18571377142857,4.13922996122449,27.783571285714284,39.65714308571428,4.117237460204081,0.0,0.0,0.0,0.0,3.406800031661988,3.5773000717163086,3.3766000270843506,3.4746999740600586,0,52.779575808574464,0.2646256415368038,3.4210000038146973,3.2583999633789062,0.0088964873199762,0.2352347950758871,241.729,0.1246748513014317,1.6359875209176034,1,0,14,0,12,49,-2.4492935982947064e-16,1.0,-0.3546048870425359,0.9350162426854148,12.140000343322754,-0.0799159157030237,13.047499895095823,0.0,487.1529257592774,0.7649738806961882,153.0,158.64999389648438,28.27285585714285,37.20000000000003,25.835626514394598,55.226206345816166,577.0484907089524,470.7864153718853,26.56551883426677,513.7274035277054,0.0,0.3717910333614027,0.3335169752791661,0.2854538400919368,1.3024558374029958,0.088801692006016,0.0818789414112306,0.0589891782935639,1.5053892853057749,0.0047932279165209,0.2357478291079701,0.135095123054657,0.1126798439193495,1.1989288089719323
2016-12-12 00:00:00+00:00,138.0500030517578,139.39999389648438,135.14999389648438,138.3000030517578,40,11.85184724700207,0.2355896976394624,149.275,154.74399993896483,146.85278315700535,168.46873593959893,130.08126406040108,-6.111694630441633,-4.602022990427306,-1.5096716400143269,-0.0153351921774869,-0.1884185884876074,28.337142142857143,56.85714211428572,4.454761767346939,26.35857042857143,115.14285548571428,4.11904715,0.0,0.0,0.0,0.0,3.420099973678589,3.461400032043457,3.3364999294281006,3.377000093460083,0,49.18649636179988,0.2900194940390513,3.4746999740600586,3.3956000804901123,-0.0278974293401288,0.3122257799374109,241.729,0.1246748513014317,1.6359875209176034,0,0,0,0,12,50,-2.4492935982947064e-16,1.0,-0.2393156642875578,0.970941817426052,12.640000343322754,0.0403606019686766,12.587500095367432,0.0,466.1948732079509,-2.914417785314312,140.1999969482422,153.0,29.154999857142855,0.0,25.869364831438265,59.09179661290637,568.1589582102246,438.5223708151112,32.40914684877835,494.7143913998036,0.0,0.1498460077404321,0.3393289427484519,0.2806088517675778,0.5340031202027623,0.0307859464400488,0.0704852419612328,0.0567368397242141,0.542609372739108,0.0006261941718541,0.324733717507962,0.1999769374542934,0.1226228611921572,1.630829024880014
2016-12-19 00:00:00+00:00,141.1999969482422,141.1999969482422,136.8000030517578,139.6999969482422,12189,31.950206943448123,0.2072766561024481,144.0174987792969,153.78299987792968,143.9287712380631,158.97914165165346,129.0558559069403,-4.936875542119708,-5.130443389281638,0.1935678471619297,0.0228177749137996,-0.1136221328108498,25.972856285714283,61.38571400000001,3.3976760285714285,27.244284642857146,128.98571427142858,4.32970596122449,0.0,0.0,0.0,0.0,3.337100028991699,3.406599998474121,3.3020999431610107,3.390399932861328,0,48.52371133502248,0.2530252855202521,3.377000093460083,3.4323999881744385,0.0009777327495874,0.2553170870983788,241.353,-0.1555460867334934,1.6925371625037933,0,0,0,0,12,51,-2.4492935982947064e-16,1.0,-0.1205366802553236,0.992708874098054,11.710000038146973,-0.0764232350130546,12.410000085830688,0.0,478.7244601733401,0.2533193616922334,138.0500030517578,140.1999969482422,28.32999907142857,0.3142857142857184,25.958069335400776,63.60108162313362,538.0412322893137,439.7013975727948,24.584958679129738,488.3184189092182,15.107432854263465,0.2597240403087224,0.3453142075015278,0.2828256776910589,0.9183184258440796,0.0311614305352798,0.0537879820832693,0.0558724600990485,0.5577242330621512,0.201009748700676,0.1930107161752499,0.1252266631378976,0.1225143735660244,1.0221384583011968
2016-12-26 00:00:00+00:00,136.14999389648438,145.25,135.9499969482422,145.0,47478,42.25621102518604,0.256664050630306,141.05749969482423,153.11,142.81472748365033,150.2752326822605,131.83976670738795,-3.8395989649084754,-4.384798532178211,0.5451995672697354,-0.0148335969394092,-0.1196249643073574,29.10857085714286,26.342856985714285,4.76881978367347,25.915713,90.9285693857143,3.4820720163265304,1.0,0.0,0.0,0.0,3.3631999492645264,3.376800060272217,3.259500026702881,3.2695000171661377,0,22.74541060006959,0.2450751962826517,3.390399932861328,3.390700101852417,0.0073119215656377,0.2509948042393006,241.353,-0.1555460867334934,1.6925371625037933,0,0,0,0,12,52,-2.4492935982947064e-16,1.0,6.432490598706546e-16,1.0,11.4399995803833,-0.0233272315953969,11.982500076293944,0.0,445.1424073817252,0.8867382432972635,141.1999969482422,138.0500030517578,27.04785671428571,12.485714285714316,25.95533666860073,65.36414534975172,505.83271347375376,432.774619787393,18.264523421590194,471.04801429822106,12.125825222559511,0.29549948305133,0.352359026642441,0.299102120086094,0.9879551274552042,0.0683070397992721,0.0544648284950428,0.0561694553664398,1.2160884807011922,0.8371271294920186,0.2759229861715871,0.1725208309960708,0.1294996382107775,1.3322108081349435
2017-01-02 00:00:00+00:00,137.0500030517578,138.85000610351562,132.85000610351562,136.0,54284,52.707580034241374,0.2641168305146132,138.4574996948242,151.435,140.2972622719756,144.20968884463946,132.70531054500896,-3.972901193963708,-4.222109014720361,0.249207820756653,-0.0147376201423904,-0.0708474369372351,30.28571342857143,15.985714342857143,5.694897783673469,30.07428557142857,40.1000006,5.257821590816326,3.0,0.0,0.0,0.0,3.2697999477386475,3.293800115585327,3.2421000003814697,3.253200054168701,0,31.82015434837949,0.1876335896522058,3.2695000171661377,3.572999954223633,-0.0051252215236587,0.2384868053744011,241.353,-0.1555460867334934,1.6925371625037933,0,0,0,0,1,1,0.4999999999999999,0.8660254037844387,0.120536680255323,0.992708874098054,14.039999961853027,0.2047944466087744,12.457499980926514,0.0,445.8510773517992,-0.3569760656323765,136.14999389648438,141.1999969482422,22.622857142857143,63.671428571428606,26.22107530749285,63.7342005271871,491.7551409204237,426.201268136984,16.388468195859918,460.9692395196523,19.53168605798712,0.3212569845250773,0.3537750458008133,0.2970976568769657,1.081317762950042,0.043779641491391,0.0525671500544015,0.0561861128404872,0.7791895805959366,1.020003983509581,0.2653465143615471,0.1575441825697011,0.1292378368161552,1.219025126546812
2017-01-09 00:00:00+00:00,144.1999969482422,146.5,134.39999389648438,137.8000030517578,90799,60.03344686419062,0.2635390617167586,139.2150001525879,149.79,141.0791937965313,146.11886147137176,132.31113883380402,-1.5269208388129982,-2.9580964778566554,1.4311756390436572,0.0521706949089533,0.0456853033400925,30.178571428571427,19.62857057142857,5.382636804081633,30.327142,25.59999965714286,5.764824111224491,3.0,0.0,0.0,0.0,3.28410005569458,3.2897000312805176,3.1893999576568604,3.2221999168396,0,24.74150043221374,0.1097260078732105,3.253200054168701,3.373699903488159,0.0002766982187476,0.1043941106538059,241.353,-0.1555460867334934,1.6925371625037933,0,0,0,0,1,2,0.4999999999999999,0.8660254037844387,0.2393156642875577,0.970941817426052,11.5600004196167,-0.194359496337391,12.1875,0.0,464.64121817489655,0.1832159086082534,137.0500030517578,136.14999389648438,25.505,0.5857142857143142,26.4859828360417,61.27392950331328,490.9447311487018,426.2348503921788,16.177470189130755,462.43803098175,48.816000332244194,0.3455661032381517,0.3391089539981347,0.2908967099293241,1.187933997062978,0.0839112784992546,0.0515890673530493,0.0571200498545805,1.46903344836964,1.6313561605930385,0.2876744341836126,0.1209807262829206,0.1301865374926951,0.9292874618224974
2017-01-16 00:00:00+00:00,149.3000030517578,151.60000610351562,144.14999389648438,144.25,63419,71.42856226963559,0.2674512777649889,141.35750045776368,148.53900024414062,143.68087233046475,151.5754586244611,131.13954229106622,0.7784050202028538,-1.107712560108416,1.8861175803112693,0.0451522343202996,0.074874079281991,26.557142857142857,51.18571335,4.1304652530612245,29.682142857142857,58.31428368571429,5.044502315306123,0.0,0.0,0.0,0.0,3.193099975585937,3.230799913406372,3.156599998474121,3.186800003051758,0,31.600011867952134,0.1078722119748409,3.2221999168396,3.3657000064849854,0.0076325214888151,0.1178032393844156,241.432,0.0327321392317392,2.074622132966919,0,0,0,0,1,3,0.4999999999999999,0.8660254037844387,0.3546048870425356,0.9350162426854148,11.229999542236328,-0.0289621715554731,12.06749987602234,0.0,475.7892501809693,0.7305200096497708,144.1999969482422,137.0500030517578,22.79428571428571,2.342857142857171,26.692186708370805,61.08298461185528,487.8202837540522,427.8916927906429,14.982147740852335,467.7785186614377,47.71503934065111,0.3260768830693372,0.2876141968585289,0.2920336450769818,1.1165729613711182,0.0498996118871381,0.0554118004424671,0.0575316971156041,0.8673410609365357,1.0786599029665185,0.3791625139433585,0.1082107585146842,0.1275878870472616,0.8481271422994011
2017-01-30 00:00:00+00:00,151.14999389648438,156.9499969482422,149.6999969482422,154.14999389648438,86829,66.99268546920666,0.1964453556859483,148.06749877929687,145.73799926757812,148.93750184210091,158.46492882732835,137.6700687312654,2.416622658868846,1.9982421447475744,0.4183805141212715,-0.0273487784229323,0.1322096921084972,27.707142857142856,37.085717685714286,4.230875226530612,27.571428571428573,87.51429085714285,3.851562378571429,0.0,0.0,0.0,0.0,3.1614999771118164,3.1877999305725098,3.109600067138672,3.109600067138672,0,35.894942395898426,0.1387951560771335,3.1422998905181885,3.2523000240325928,-0.0166008186389357,0.1336273980324712,241.432,0.0327321392317392,2.074622132966919,0,0,0,0,1,5,0.4999999999999999,0.8660254037844387,0.5680647467311558,0.8229838658936564,11.880000114440918,0.0093023634029776,11.610000133514404,0.0,470.01603116851766,-1.6928140031253092,155.39999389648438,149.3000030517578,23.6514285,24.214285157142875,26.732786257199187,66.5346414460223,495.0084005008909,454.37154116502586,10.15921483396626,473.6018912993128,69.8856891042636,0.2225849593509931,0.3073300427114996,0.2944978103982284,0.7558119073683037,0.0479655990258602,0.0579812395562264,0.0580954619820798,0.8256340363437578,1.2951694233272957,0.3244922288064643,0.0236454852826784,0.1294820862641919,0.1826158670958861
2017-02-06 00:00:00+00:00,144.1999969482422,152.5,143.9499969482422,151.0,123736,37.55456362096548,0.1993833750075818,149.72999801635743,144.5739990234375,148.14643880064386,155.6626363068487,143.79735972586616,0.5981225428647292,1.5113879303232944,-0.9132653874585652,-0.0459807954276327,0.003130413552989,26.792857142857144,33.37142728571429,4.372739442857143,28.692857142857143,72.15714679999999,4.394825960204081,0.0,0.0,0.0,0.0,3.125200033187866,3.1603000164031982,3.104599952697754,3.119499921798706,0,30.458655261186067,0.1448803903211788,3.109600067138672,3.197700023651123,-0.0211599118130158,0.1509459408443677,241.432,0.0327321392317392,2.074622132966919,0,0,0,0,2,6,0.8660254037844386,0.5000000000000001,0.6631226582407952,0.7485107481711011,11.369999885559082,-0.0438780258702924,11.5625,0.0,449.8318792034152,-2.1487233205333194,151.14999389648438,155.39999389648438,23.197856714285717,142.55713961428577,26.859242443370672,66.89738372692409,503.0656056312928,438.9096665488833,16.03898477060239,464.09388646095374,38.08651290011551,0.2864226358612023,0.3144618718371958,0.3011955475984565,0.9509523916785356,0.059292671516676,0.0610838455612834,0.0592119087250702,1.0013637928536103,1.689793855965246,0.3321809156380081,0.0482065363042875,0.1298093827231866,0.3713640075883113
2017-02-13 00:00:00+00:00,144.25,146.85000610351562,141.6999969482422,144.3000030517578,127215,28.90618046107092,0.1918465654205149,148.77499771118164,143.84099914550782,146.61511324736912,156.41674359574804,141.13325182661524,-0.5746819566740555,0.238495095264054,-0.8131770519381096,0.0003467618087105,-0.0357620714254095,27.75714285714286,32.09999920571428,4.506896102040817,26.696428571428573,80.48571024000002,4.148991929591837,0.0,0.0,0.0,0.0,3.114799976348877,3.1333000659942627,3.107100009918213,3.107100009918213,0,36.1139171888396,0.137926233734814,3.119499921798706,3.186800003051758,-0.0009612371922194,0.1393134363364032,242.839,0.5827727890254764,2.5000422090529995,0,0,0,0,2,7,0.8660254037844386,0.5000000000000001,0.7485107481711011,0.6631226582407953,11.06999969482422,-0.0267395785445562,11.522500038146973,0.0,448.1991764307022,-0.6788965082474163,144.1999969482422,151.14999389648438,19.347857142857144,14.48571488571431,26.848738322600216,67.77404995357415,501.9970642595002,426.1831710455424,18.953473303489467,457.7360024488532,23.79279701408636,0.238510695681171,0.2800546238718427,0.3005921856046643,0.7934693553882478,0.0357019698805784,0.0514419838375481,0.0571220499869351,0.6250119461508237,1.7217519467237827,0.3115303729153248,0.0497724023267028,0.1296154966159769,0.384000368676318
2017-02-20 00:00:00+00:00,147.8000030517578,148.6999969482422,142.10000610351562,144.75,40390,41.51900396728822,0.1922440089476364,147.7349983215332,144.26299926757812,146.32676147000674,155.44610235601107,140.02389428705533,-0.4349562034701648,-0.2674099904889004,-0.1675462129812643,0.0140652010412198,-0.0195688023100643,29.17142857142857,2.671428577142857,5.069600155102042,27.97142857142857,33.52857184,4.772122058163265,2.0,0.0,0.0,0.0,3.109999895095825,3.1152000427246094,3.041300058364868,3.095499992370605,0,42.33913144067832,0.1210908604878293,3.107100009918213,3.1949000358581543,-0.0069596989195522,0.1398758501044138,242.839,0.5827727890254764,2.5000422090529995,0,0,0,0,2,8,0.8660254037844386,0.5000000000000001,0.8229838658936564,0.5680647467311559,11.489999771118164,0.0372383527878499,11.452499866485596,0.0,457.5149083190917,-1.2787426809806963,144.25,144.1999969482422,22.34428571428571,0.0857142857142897,26.921169951556887,65.56466426882744,476.29134238943215,436.48965517143125,9.950421804500234,457.6475647969487,18.84633488708299,0.2333830961990596,0.271130820683983,0.298972495961001,0.7806172525760707,0.044654876241209,0.0503930367083623,0.0567116210133529,0.7874024330334439,0.5655971573105687,0.2591423732407069,0.0481239393418823,0.1290451032296106,0.3729233764649047
2017-02-27 00:00:00+00:00,139.10000610351562,151.39999389648438,139.10000610351562,149.1999969482422,497,39.71776165897472,0.1969899807957202,146.05499954223632,145.1209994506836,146.05065399466875,152.1831821460296,139.92681693844304,-0.6390902656582966,-0.1831636979110438,-0.4559265677472527,-0.0588633069594427,-0.0815450055700374,28.457142857142856,10.957143428571428,5.423913526530612,30.121428571428574,7.800000285714286,5.178068625510205,0.0,0.0,0.0,0.0,3.0855000019073486,3.1119000911712646,3.0504000186920166,3.094599962234497,0,45.68069108080039,0.1095216382528372,3.095499992370605,3.176100015640259,0.0025877086701445,0.1129687753341714,242.839,0.5827727890254764,2.5000422090529995,0,0,0,0,2,9,0.8660254037844386,0.5000000000000001,0.8854560256532099,0.4647231720437686,12.09000015258789,0.0509016053071273,11.50499987602234,0.0,430.45887363475777,-0.3240019220110263,147.8000030517578,144.25,21.090714214285715,0.5428571428571713,27.127638249613124,61.837911753787886,469.3816101528563,423.6208086411272,11.440200377932271,446.7720883320724,16.0095422070127,0.2379893213011382,0.2908536348796361,0.3134348888818352,0.7592942654125447,0.0884255014612675,0.0552081236251182,0.0591227619822804,1.4956250949764225,0.0073337583076567,-0.3490407371839903,0.036534711579963,0.1279747657587528,0.2854836928867542
2017-03-06 00:00:00+00:00,139.64999389648438,143.3000030517578,138.60000610351562,139.6999969482422,103,40.83664345629118,0.2335027539845412,144.22499923706056,145.2139990234375,144.1458606694886,150.30616368490084,138.14383478922028,-1.5497007044697284,-0.924440753734531,-0.6252599507351974,0.0039539020045726,-0.0431654894380845,27.07857142857143,66.78571544285714,4.2122965816326525,28.478571428571428,47.54285902857143,5.204457745918367,0.0,0.0,0.0,0.0,3.1075000762939453,3.157099962234497,3.077399969100952,3.119999885559082,0,51.576913407428734,0.1055249234298532,3.094599962234497,3.122499942779541,0.0111456579725426,0.0979889682186889,242.839,0.5827727890254764,2.5000422090529995,0,0,0,0,3,10,1.0,6.123233995736766e-17,0.9350162426854148,0.3546048870425355,11.239999771118164,-0.072899853145309,11.47249984741211,0.0,435.70796497535775,0.5317930082287836,139.10000610351562,147.8000030517578,23.21928521428572,0.4000000000000284,27.214795228900755,60.915650287644894,467.41510977380347,418.5253519061513,12.22243946691303,442.34643898938657,33.67311961831497,0.256901144706086,0.2472684492365065,0.2986043633884288,0.8603395248063075,0.0336555471081943,0.052346113241585,0.0585935686384491,0.574389683822957,0.0016235634222192,0.2229936070752581,0.0368810586436666,0.1288503786737516,0.2862316444931277
2017-03-13 00:00:00+00:00,140.5,140.5,137.39999389648438,139.75,33,28.159619876630416,0.2182408697147992,143.08999938964843,145.42299896240235,142.3732589593321,150.36986603191173,135.81013274738513,-1.8749302043287628,-1.571475058061603,-0.3034551462671597,0.0060866891562179,-0.0323691256682157,28.77142857142857,36.0285705,4.150640818367347,27.11428571428572,142.85714365714287,3.988095471428572,0.0,0.0,0.0,0.0,3.137399911880493,3.194000005722046,3.109999895095825,3.1475000381469727,0,58.41935168463444,0.1381525540213808,3.119999885559082,3.1287999153137207,-0.0110287098193241,0.1267739393191536,243.603,0.3146117386416458,2.737958171489318,0,0,0,0,3,11,1.0,6.123233995736766e-17,0.970941817426052,0.239315664287558,11.350000381469728,0.0097389534346866,11.542500019073486,0.0,442.22375535964966,-1.4174827205740557,139.64999389648438,139.10000610351562,24.74428521428572,1.4000000000000286,27.20831074408688,66.20219824696734,464.92711881487605,418.0256323295524,11.725371621330902,442.2973655374919,43.79327260790136,0.2408256052188062,0.2502533018062335,0.3005697376421291,0.8012303537132529,0.0220641003808941,0.0449003990144287,0.05827182110083,0.3786409310309084,0.0005567952216845,0.1602460648104757,0.0452921281201507,0.1270430195310639,0.3565101390240083
2017-03-20 00:00:00+00:00,144.0,144.0,138.5500030517578,140.75,39,60.443045615078766,0.2141391613939759,141.93249969482423,145.5809991455078,141.7872938552695,148.94138824088833,134.92361114876013,-1.2406701186221198,-1.5970725174488956,0.3564023988267757,0.0249110320284697,-0.0157211415159309,27.807142857142857,17.085714799999998,4.50003663877551,28.77857142857143,42.49999894285715,4.398980786734694,0.0,0.0,0.0,0.0,3.1521999835968018,3.177999973297119,3.078900098800659,3.0866000652313232,0,47.73773366676184,0.1558861965571457,3.1475000381469727,3.087500095367432,-0.0138198316998289,0.1498912051774907,243.603,0.3146117386416458,2.737958171489318,0,0,0,0,3,12,1.0,6.123233995736766e-17,0.992708874098054,0.120536680255323,11.34000015258789,-0.0008814657817505,11.505000114440918,0.0,444.47040939331055,-1.696594908624536,140.5,139.64999389648438,24.322856714285717,0.1714285714285958,27.309617885021368,64.67302409831508,450.9506601009364,425.47984158060143,6.36770463008375,443.1665830798194,34.118248553414745,0.2423509601556115,0.2276614583580929,0.2826334737501663,0.8574743407608335,0.0378472010294596,0.0453294452442049,0.0575598594615082,0.6575275688345505,0.000742110085371,-0.0529866174398434,0.083075405406332,0.127278480393963,0.6527057725872618
2017-03-27 00:00:00+00:00,139.1999969482422,144.6999969482422,136.1999969482422,144.6999969482422,81847,50.54944225763044,0.2039974311457151,140.51249923706055,144.9639990234375,141.18286115096413,143.78967130213908,137.23532717198202,-1.1565582524033005,-1.2126769234606962,0.0561186710573957,-0.0333333545260958,-0.0360110607204726,26.728571428571428,22.54285774285714,4.378678287755102,29.025,52.07143045714286,4.425991175510205,0.0,0.0,0.0,0.0,3.0708999633789062,3.146899938583374,3.053499937057495,3.1096999645233154,0,46.453420083265165,0.1662562207005641,3.0866000652313232,3.06030011177063,-0.0105383993468174,0.1635173322870322,243.603,0.3146117386416458,2.737958171489318,0,0,0,0,3,13,1.0,6.123233995736766e-17,1.0,-1.6081226496766366e-16,12.5,0.0973923325529272,11.607500076293944,0.0,432.8702255715944,-1.3684516733233858,144.0,140.5,23.74071421428571,0.0285714285714326,27.42028769889096,63.86001805694914,449.6868354557743,427.9493421941818,5.434373315398117,439.0480400765295,54.707516668842224,0.2335252232139716,0.2204471442923668,0.2509346972896891,0.9306214582121584,0.0610632197295269,0.0486111139418685,0.0562252982634827,1.0860450856644996,1.6473346818420942,-0.1953285770437752,0.0866130677901355,0.1269243814011389,0.6823989213893393
2017-04-03 00:00:00+00:00,137.85000610351562,142.8000030517578,137.5,139.3000030517578,72936,44.33656286727307,0.1577177487268291,139.9200012207031,143.80899963378906,140.2747245973368,143.1487185960344,136.69128384537183,-1.216074839406673,-1.1931089881808352,-0.0229658512258377,-0.0096982103040456,-0.0240707532494468,25.107142857142858,7.500000085714285,3.9891856387755102,27.317857142857143,18.85714288571429,4.351962325510204,0.0,0.0,0.0,0.0,3.121700048446656,3.1747000217437744,3.096299886703491,3.121799945831299,0,45.48405030154183,0.1645874260913205,3.1096999645233154,3.154599905014038,-0.0090912450741718,0.1706559050161742,243.603,0.3146117386416458,2.737958171489318,0,0,0,0,4,14,0.8660254037844387,-0.4999999999999998,0.992708874098054,-0.1205366802553228,12.380000114440918,-0.0096463678077893,11.892500162124634,0.0,430.3401415867993,-1.223736246058826,139.1999969482422,144.0,22.95499935714286,0.2000000000000284,27.413679275921037,60.95660675557915,451.31311612803,423.639149827647,6.918491575095732,435.56488068063743,38.27613055210164,0.1210217247212416,0.2020651503829196,0.2500533439019184,0.483983609228899,0.03844760839385,0.038615535328385,0.0524152921869203,0.7335187777176305,1.591894729260125,-0.1732684798920672,0.0869030162983725,0.0959984018696483,0.9052547287592014
2017-04-10 00:00:00+00:00,139.85000610351562,141.14999389648438,136.25,137.85000610351562,115836,36.22640640294812,0.1538438621044132,139.6575019836426,142.37300018310546,139.64712959544576,143.264550672646,136.05045329463917,-0.9838187152276134,-1.181548047934959,0.1977293327073455,0.014508523115321,0.0014322392822982,26.892857142857142,9.557141857142858,4.070147446938775,25.4,18.157142457142857,3.9398489602040816,0.0,0.0,0.0,0.0,3.113300085067749,3.1524999141693115,3.071799993515014,3.144700050354004,0,63.58272491115342,0.1453654811738539,3.121799945831299,3.1912999153137207,-0.0082623088837737,0.1533841516661495,243.603,0.3146117386416458,2.737958171489318,0,0,0,0,4,15,0.8660254037844387,-0.4999999999999998,0.970941817426052,-0.2393156642875575,14.050000190734863,0.1265401328547238,12.567500114440918,0.0,439.7863212357333,-1.1408426270190155,137.85000610351562,139.1999969482422,26.804998571428573,0.7714286000000284,27.28376448392613,58.19535099438972,449.7719856554394,423.9615632382793,6.452605604290028,437.2534569026759,45.2805163141527,0.1365281850806201,0.204456208953496,0.2552209062669355,0.5349412073179195,0.0350374950492132,0.0388919249165888,0.0509210265523608,0.6880750554475675,2.325052989915392,-0.2452662868566766,0.0861124606568616,0.0977309134532937,0.8811178449369239
2017-04-17 00:00:00+00:00,141.10000610351562,142.0,137.60000610351562,139.85000610351562,104358,58.79636105212444,0.1631670442286864,139.6150016784668,141.6070004272461,139.6550932542584,143.31508518283087,135.91491817410272,-0.5800832390186201,-0.9201099201026648,0.3400266810840447,0.0074973440119794,0.0096601510090563,26.74285714285714,11.485713335714289,3.441173004081633,26.764285714285712,32.64285372857143,3.754205867346939,0.0,0.0,0.0,0.0,3.1282999515533447,3.1517999172210693,3.099299907684326,3.143699884414673,0,54.45349752857695,0.1202623984348845,3.144700050354004,3.11929988861084,0.0010181204611475,0.1344186320637833,243.801,0.0812797871947212,2.3806124334402767,0,0,0,0,4,16,0.8660254037844387,-0.4999999999999998,0.9350162426854148,-0.3546048870425354,14.65999984741211,0.0425002766948646,13.397500038146973,0.0,443.5760728785317,0.0205322589200287,139.85000610351562,137.85000610351562,26.10142742857143,8.071429028571456,27.250249724594493,56.54680278369177,448.8583622421547,424.4280183941746,6.107585961995024,439.78250329301824,48.365983322038616,0.1301310541867463,0.1831294193694336,0.2555648684600713,0.5091898971833002,0.0311835131548923,0.0407158074713884,0.0498168005253755,0.6259636621860448,1.896435483430968,-0.3462295496650032,0.0810766276760659,0.0945807137783577,0.8572214763979018
2017-04-24 00:00:00+00:00,129.5,143.6999969482422,128.8000030517578,140.6999969482422,34021,32.42101719394684,0.222538445089676,137.84500122070312,140.6220004272461,137.3093113430615,144.85431077282018,130.8356916685861,-2.098615142922057,-1.1690823928461098,-0.9295327500759472,-0.0822112374325871,-0.0782918149466191,25.77142857142857,1.6857143285714289,3.422609487755102,26.71071428571429,5.628571542857143,3.448922364285714,0.0,0.0,0.0,0.0,3.140199899673462,3.1545000076293945,3.077899932861328,3.1468000411987305,0,58.51817580964974,0.1051318390562967,3.143699884414673,3.138099908828736,0.0004135658453562,0.1055109311411745,243.801,0.0812797871947212,2.3806124334402767,0,0,0,0,4,17,0.8660254037844387,-0.4999999999999998,0.8854560256532099,-0.4647231720437685,10.84000015258789,-0.3018796759621807,12.982500076293944,0.0,407.5106053352356,-0.0399232026591012,141.10000610351562,139.85000610351562,24.0657125,29.18571628571431,27.215440986602225,53.26175560686373,462.6679260269484,397.9386444912016,16.1823203839367,426.8737441099052,25.53647044546865,0.3008599881167029,0.2643683870085686,0.2650973028291529,1.134903952461404,0.1150578679265202,0.0561579408508006,0.0511296093214007,2.250317320050176,0.5998779825506938,-0.1619130327637069,0.0256335483488926,0.0889808160894364,0.2880794602100889
2017-05-01 00:00:00+00:00,133.60000610351562,135.0,126.6999969482422,129.5500030517578,141,39.565931543747936,0.2584601575069004,135.53750038146973,139.12900039672851,134.50184285850997,145.31873409214649,125.75626667079295,-2.741115628302793,-2.303707023165864,-0.4374086051369295,0.0316602787916264,-0.0409188573106084,24.74285714285714,5.257142914285714,2.8028068224489795,25.339285714285715,5.085714457142857,3.2881625000000008,0.0,0.0,0.0,0.0,3.123500108718872,3.208699941635132,3.109499931335449,3.176100015640259,0,61.19257876031556,0.0957970383054331,3.1468000411987305,3.147700071334839,-9.530833731657484e-05,0.0946805193211968,243.801,0.0812797871947212,2.3806124334402767,0,1,0,1,5,18,0.4999999999999999,-0.8660254037844387,0.8229838658936565,-0.5680647467311557,10.109999656677246,-0.0697180110142235,12.414999961853027,0.0,424.32698147491465,-0.0908106209263786,129.5,141.10000610351562,26.294285142857145,16.22857325714287,27.094398710968903,50.15362391978496,461.7095238193209,395.8904666428868,16.454764294108525,425.855039055909,45.45269020759932,0.3482035717448031,0.2808023047031137,0.2694594736134879,1.2922297893373298,0.0621257685072769,0.0563704506063505,0.0526966004247621,1.1789329144039975,0.0024859723281302,-0.1704513899481827,0.029333932043928,0.0821961716525369,0.3568770647757049
2017-05-08 00:00:00+00:00,134.5500030517578,135.0,132.39999389648438,134.10000610351562,37,35.42758704435329,0.2881150965284535,134.47000007629396,137.7240003967285,134.24827330748747,143.76818410448473,125.17181604810315,-1.5978653182662583,-2.0381393316802243,0.440274013413966,0.0071107552757603,-0.023230467863827,24.592857142857145,7.257142857142858,2.588932165306123,22.414285714285715,13.142857142857142,2.5582592816326533,0.0,0.0,0.0,0.0,3.175100088119507,3.1958000659942627,3.135999917984009,3.1777000427246094,0,61.08512816395344,0.0898486905567099,3.176100015640259,3.1414999961853027,-0.0015729809117737,0.0902728075298133,243.801,0.0812797871947212,2.3806124334402767,0,1,0,2,5,19,0.4999999999999999,-0.8660254037844387,0.7485107481711013,-0.663122658240795,9.770000457763672,-0.0342084861649504,11.34500002861023,0.0,427.5595504461671,-0.2385778783720912,133.60000610351562,129.5,25.95499907142857,13.028572114285742,26.792455936989345,47.76583251482188,455.3122877969537,396.1743172704709,14.784492631620694,426.53684361201226,39.79472384512238,0.3499594406292473,0.2469079400693969,0.2651496918336386,1.319856059460404,0.019323716421734,0.0525456722119273,0.0521047147190848,0.3708630364312474,0.0006594113595189,-0.264383339207404,0.0317701426823521,0.0815740685407486,0.3894637028168454
2017-05-15 00:00:00+00:00,131.25,134.3000030517578,131.25,132.8000030517578,10,52.99335719249526,0.2934120631968039,132.69500007629395,136.86300064086913,133.54884300547965,139.6673438844921,125.7226562680958,-1.3571356125881096,-1.5832134104603133,0.2260777978722037,-0.0245262205641748,-0.0550755524308054,25.064285714285717,5.642857142857143,3.223111651020408,24.36785714285714,19.22857142857143,2.826224367346939,0.0,0.0,1.0,0.0,3.196500062942505,3.1975998878479004,3.094899892807007,3.1777000427246094,0,60.48820089113538,0.0952308683622883,3.1777000427246094,3.142400026321411,-0.0022632274994154,0.0897907399022187,244.524,0.2965533365326678,2.199689878417299,0,1,0,3,5,20,0.4999999999999999,-0.8660254037844387,0.6631226582407952,-0.7485107481711012,10.420000076293944,0.0644105307383968,10.285000085830688,0.0,417.073130607605,-0.5228760864742078,134.5500030517578,133.60000610351562,27.515713714285717,4.514285714285743,26.63603020833565,45.92471889635411,436.90544159736976,401.3296923345914,8.8939373156946,422.7513584102495,30.103144901532616,0.3422822539531324,0.2501998479804845,0.2422446003644304,1.4129612767780726,0.0232381184895833,0.0501857969000014,0.0498512686536004,0.4661488956192499,0.000186090654062,-0.2234151813009332,0.0291640231948112,0.0592394498953099,0.4923073783311152
2017-05-22 00:00:00+00:00,130.60000610351562,133.39999389648438,127.4000015258789,129.25,56974,44.09723969887239,0.2805176115982029,131.67750091552733,135.95200103759765,132.29429699356024,136.3436727757023,127.01132905535238,-1.5083736833038015,-1.560033260609952,0.0516595773061503,-0.0049523344494047,0.0057758949922737,22.928571428571427,13.371429214285714,2.3175317469387755,25.32857142857143,5.828571754285714,3.1658595918367345,0.0,0.0,0.0,0.0,3.104700088500977,3.4052000045776367,3.088900089263916,3.2532999515533447,0,59.28738410378506,0.1389073268279027,3.1777000427246094,3.14709997177124,0.0122534196950413,0.1057377409655032,244.524,0.2965533365326678,2.199689878417299,0,1,0,4,5,21,0.4999999999999999,-0.8660254037844387,0.5680647467311558,-0.8229838658936564,10.93000030517578,0.0477842864622817,10.30750012397766,0.0,424.8809935294339,0.9287886329714624,131.25,134.5500030517578,30.29071342857143,10.457142897142884,26.55167802899603,43.33787069364002,432.4319192405684,414.488408788492,4.485877613019101,423.6032124579232,72.65118139309008,0.3509448358738544,0.2519795087609315,0.2447037931629215,1.4341617553046309,0.0459417464793208,0.0531374435648871,0.0499593739029969,0.9195819261607212,1.057585840444935,0.1399556994819578,0.0725660189806686,0.0711682830137215,1.0196397287016228
2017-05-29 00:00:00+00:00,131.1999969482422,132.1999969482422,127.1500015258789,130.60000610351562,44635,44.09170444582112,0.2855864724173584,131.83250160217284,135.15700103759767,131.49595857376923,136.03002953805716,127.6349736662885,-1.4380259614834756,-1.5406766255985658,0.1026506641150901,-0.0068130894298988,0.0322580528980565,23.535714285714285,12.34285764,1.964694681632653,23.29642857142857,35.71428766857142,1.9526699163265309,0.0,0.0,0.0,0.0,3.265500068664551,3.289999961853028,3.1777000427246094,3.1777000427246094,0,47.935540147641525,0.161402835430419,3.2532999515533447,3.1810998916625977,0.0185993417230153,0.1584908991971818,244.524,0.2965533365326678,2.199689878417299,0,1,0,5,5,22,0.4999999999999999,-0.8660254037844387,0.464723172043769,-0.8854560256532096,9.8100004196167,-0.1081090137577241,10.232500314712524,0.0,416.9142359078978,1.563380835768862,130.60000610351562,131.25,27.94071421428572,12.385714525714317,26.341661934959426,42.84602662750657,432.48385811515976,410.73009713039215,5.438440246191903,420.9276218379131,37.43330211258515,0.1944197063699893,0.2529296262420837,0.2343219968832275,0.8297116816128878,0.0384908196633227,0.0378240339122475,0.0476883509612003,0.8071323670494608,0.8656308574563106,0.1714563842912939,0.1234708592959602,0.0793759516160699,1.5555195399480133
2017-06-05 00:00:00+00:00,128.4499969482422,133.39999389648438,125.25,130.64999389648438,101964,45.48386604555192,0.2747202662867244,130.57000160217285,133.81000122070313,130.2847604633033,135.2899937589402,125.8500094454055,-1.6278907546669927,-1.504725704901618,-0.1231650497653746,-0.020960366341204,-0.0320271295986362,24.135714285714283,0.0857142857142857,2.610229948979592,23.77857142857143,10.628571428571428,2.188758946938776,0.0,0.0,4.0,4.0,3.255199909210205,3.291899919509888,3.218800067901612,3.2492001056671143,0,66.74583744619304,0.2075852813122226,3.1777000427246094,3.184900045394897,-0.0297020603003501,0.1891772447367485,244.524,0.2965533365326678,2.199689878417299,0,1,0,6,6,23,1.2246467991473532e-16,-1.0,0.3546048870425358,-0.9350162426854148,10.06999969482422,0.0261583600733765,10.30750012397766,0.0,417.359743657169,-3.266759366567678,131.1999969482422,130.60000610351562,24.78714242857143,19.185714000000026,26.17630125712794,40.76748113080107,426.8310643819796,411.2829874690733,3.887019228226564,419.5004705656155,30.90392150477362,0.1311374612666992,0.2480659355297609,0.2294115618010614,0.5716253118234924,0.0634487667583857,0.0380886335624693,0.0483658087047627,1.3118513954181807,1.9061969534944505,0.2267793512920375,0.1395239487953512,0.0854201511514423,1.633384284396136
2017-06-12 00:00:00+00:00,127.5999984741211,129.60000610351562,125.3499984741211,129.1999969482422,140913,42.49997806548238,0.288070801513223,128.85250129699708,132.5610009765625,128.77846171983938,133.3815283788995,124.32347421509463,-1.773609719353587,-1.7430772829406909,-0.030532436412896,-0.006617349118845,-0.0326004216932559,24.585714285714285,0.4571428285714285,2.8860516,24.6,0.0,2.7717799418367344,0.0,0.0,6.0,0.0,3.29259991645813,3.309799909591675,3.1777000427246094,3.1777000427246094,0,39.15410000023588,0.2153305679712716,3.2492001056671143,3.138999938964844,6.156572049044743e-05,0.2082807166037709,244.524,0.2965533365326678,2.199689878417299,0,1,0,7,6,24,1.2246467991473532e-16,-1.0,0.2393156642875576,-0.970941817426052,11.460000038146973,0.129302038190269,10.567500114440918,0.0,405.4745206028747,-0.290396764483623,128.4499969482422,131.1999969482422,28.1014285,86.67142714285717,26.07460440182936,38.137321057846165,432.1675130089424,400.14723383974535,8.005069792299265,413.8900905805192,29.36583346431462,0.1438691227863199,0.2547218916068722,0.2251369197494386,0.6390294250989211,0.0333072702211394,0.0408853443223504,0.0468136688719452,0.7114858525058148,2.488499038422044,0.2437394898783743,0.1650646958379656,0.0902481571869269,1.8290088428729487
2017-06-19 00:00:00+00:00,124.1999969482422,128.1999969482422,123.0,127.5,100874,29.84689031719651,0.2536764675988771,127.51750144958496,131.27200088500976,127.28017378157922,132.28629082163198,122.74871207753796,-1.947441829000184,-1.8166300668276296,-0.1308117621725537,-0.0266457803020151,-0.0251177750338306,22.464285714285715,13.042855971428573,2.571458569387755,22.275,3.914285371428572,2.880978470408164,0.0,0.0,0.0,0.0,3.316699981689453,3.3313000202178955,3.27020001411438,3.288599967956543,0,53.94862430066604,0.2550338813755221,3.1777000427246094,3.193349957466125,-0.0254467870643167,0.227113682764076,244.733,0.0854721826896387,1.8748777208413607,0,1,0,8,6,25,1.2246467991473532e-16,-1.0,0.120536680255323,-0.992708874098054,10.369999885559082,-0.0999457034096321,10.427500009536743,0.0,408.4441059841921,-2.630150889121309,127.5999984741211,128.4499969482422,28.583571,70.6142868571429,25.829468633969405,35.929383271625674,424.05334796626914,400.0429551097976,6.0025982141178735,411.7116967419884,14.67779386012174,0.1398254361969074,0.2477001514698958,0.2210696365069228,0.6324949553512258,0.0418679313688645,0.0446113068982066,0.0465087854890955,0.9002153448304401,1.7595954503864593,0.2653488863697174,0.1987080403266909,0.1032203212058517,1.9250862500180188
2017-06-26 00:00:00+00:00,121.9499969482422,124.0500030517578,113.0,123.6999969482422,17366,43.20753174261812,0.2749559426347021,124.85500030517578,129.2590005493164,124.1631621384324,133.00277717292286,116.70722343742872,-2.965934835632879,-2.528342822394704,-0.437592013238175,-0.018115942474118,-0.0568445934264476,21.735714285714288,0.7142857142857143,2.577045061224489,22.52142857142857,23.657140800000004,2.480371735714286,0.0,0.0,0.0,0.0,3.2809998989105225,3.344000101089477,3.278899908065796,3.3415000438690186,0,55.890005716109776,0.2433787615547031,3.288599967956543,3.2734999656677246,0.0045716047822739,0.2454630502620522,244.733,0.0854721826896387,1.8748777208413607,0,1,0,9,6,26,1.2246467991473532e-16,-1.0,-3.216245299353273e-16,-1.0,9.899999618530272,-0.0463822925974197,10.449999809265137,0.0,407.495920152378,0.3716882955377513,124.1999969482422,127.5999984741211,26.679999928571423,62.628568028571465,25.616046694450645,35.13762569281112,420.210950062928,399.17619513537886,5.258688731887261,410.02538610614425,21.017895231690986,0.1083861542402938,0.2448691014154066,0.2120725620666556,0.5110804909096281,0.0906109334012334,0.0535451442825891,0.0480746985833233,1.884794231132698,0.3339008584016301,0.2796851492748031,0.1918537854399716,0.1053832853116283,1.8205331772235995
2017-07-03 00:00:00+00:00,125.8499984741211,125.8499984741211,121.9000015258789,122.5,113,49.03677182675842,0.3408613648221725,123.70499992370604,127.99200057983398,124.16994760616105,130.27766505255664,117.13233479485548,-1.4926779610634355,-2.17144237645704,0.6787644153936045,0.0319803331158272,0.0023894497417067,21.071428571428573,0.3428571428571428,2.4839178795918366,21.28214285714285,1.1142857142857143,2.543799018367347,0.0,0.0,0.0,0.0,3.2948999404907227,3.324199914932251,3.2727999687194824,3.3015999794006348,0,46.96421518438843,0.2144997141865292,3.3415000438690186,3.249000072479248,0.0005388434138691,0.2220569667961099,244.733,0.0854721826896387,1.8748777208413607,0,1,0,10,7,27,-0.4999999999999997,-0.8660254037844388,-0.1205366802553228,-0.992708874098054,11.220000267028809,0.1251632052856613,10.737499952316284,0.0,415.5063523697281,-0.0315878413027287,121.9499969482422,124.1999969482422,24.137142428571423,30.98571471428574,25.3364399952695,32.94257150064819,417.9572622044304,400.503187350156,4.363518713568616,412.2177726115778,46.10851615867672,0.1285481693664918,0.1566535702253243,0.2157027806138097,0.5959504232684784,0.0313865474464382,0.0521242898392122,0.0478589274616163,0.6558137123627285,0.002475120114512,0.2684120376315084,0.1719119534809579,0.107700569843761,1.5962026734707178
2017-07-10 00:00:00+00:00,126.25,128.64999389648438,126.0,126.25,82,53.693699192356384,0.3277908685964428,123.85499992370606,127.84300094604492,125.01974698842494,130.68341828205294,117.02658156535918,-0.3803481687343861,-1.2548277051280623,0.8744795363936761,0.017734759323821,-0.0007914402479519,19.414285714285715,0.0428571428571428,2.5195264755102045,21.08928571428571,0.5142857142857142,2.4790593826530616,0.0,0.0,6.0,6.0,3.296999931335449,3.3289999961853027,3.1777000427246094,3.1777000427246094,0,34.927143451946975,0.2128494130273418,3.3015999794006348,3.2595999240875244,-0.0003331354815689,0.2146310365411619,244.733,0.0854721826896387,1.8748777208413607,0,1,0,11,7,28,-0.4999999999999997,-0.8660254037844388,-0.2393156642875574,-0.970941817426052,11.109999656677246,-0.0098523511445089,10.649999856948853,0.0,401.18463039398193,-0.1187857308465287,125.8499984741211,121.9499969482422,24.183571357142856,76.60000160000003,25.062430041657645,30.85042403056029,419.8850066536751,396.4304977964649,5.863627214302539,407.8045157245395,41.82875733453514,0.1687358128293275,0.1435343943174517,0.2171622271806642,0.7770034745449357,0.0209900506652227,0.0436325466205797,0.046675686182817,0.4496997877227151,0.0018790552934931,0.426336532911799,0.2113128751468315,0.1263949436952003,1.671845821126764
2017-07-17 00:00:00+00:00,131.5500030517578,131.6999969482422,124.4499969482422,126.8499984741211,11,77.11866598504982,0.3390723073624476,124.5624996185303,127.37700088500976,126.58767426645343,133.02448387876163,116.10051535829896,0.8928214688207134,-0.1976997229180575,1.090521191738771,0.041980222192141,0.0457074710692517,22.342857142857145,0.0,2.730285481632653,20.77857142857143,0.0,2.559361195918368,0.0,0.0,7.0,13.0,3.2530999183654785,3.2537999153137207,3.1749000549316406,3.1777000427246094,0,31.377920122819617,0.1924381856458423,3.297300100326538,3.272599935531616,0.0031287054940012,0.2087698109068154,244.955,0.0907111014861072,1.633487955256463,0,1,0,12,7,29,-0.4999999999999997,-0.8660254037844388,-0.3546048870425356,-0.9350162426854148,9.81999969482422,-0.1234244814599893,10.512499809265137,0.0,418.0264503179933,0.2221594479140128,126.25,125.8499984741211,24.25857085714286,152.15714297142858,24.786052066619824,28.86007409310479,425.93732327843617,395.1693533386045,7.691992484957918,411.8932895619211,61.94146120996506,0.2031035950043213,0.1776615293807291,0.2094344069943821,0.9697718164907416,0.0551121233889101,0.0479935172541338,0.0450100172791991,1.224441012822482,0.0002522088334996,0.2965628200984542,0.1987559842719596,0.126385730858956,1.5726139904798866
2017-07-24 00:00:00+00:00,132.5500030517578,136.85000610351562,131.1999969482422,131.89999389648438,76675,64.6929954447821,0.2962807300525095,127.9775001525879,127.38800064086914,129.33414547154948,136.46684250696856,119.4881577982072,2.1717400830168287,1.177696870281473,0.9940432127353558,0.0076016721915739,0.1683561623384561,22.485714285714288,0.4285714285714286,2.954269442857143,22.235714285714288,0.1714285714285714,2.8676680765306126,0.0,0.0,2.0,0.0,3.1542999744415283,3.181999921798706,3.09470009803772,3.1777000427246094,0,36.069274847630965,0.1921062262391539,3.1777000427246094,3.333400011062622,-0.0101132709149989,0.1937448193044431,244.955,0.0907111014861072,1.633487955256463,0,1,0,13,7,30,-0.4999999999999997,-0.8660254037844388,-0.464723172043768,-0.8854560256532101,9.43000030517578,-0.0405249622818203,10.394999980926514,0.0,421.2041503607179,-1.1020381929859973,131.5500030517578,126.25,25.07642771428572,223.6285701428572,24.62151414527108,27.009193736867616,431.6670515797047,396.293740141506,8.843327859549667,415.6176338814399,66.18381147886384,0.2031267273524694,0.1690262557632392,0.2087543212176388,0.9730419779443892,0.0426254924571162,0.0481450294717841,0.0454585145466452,0.9376787496342508,1.616141389976105,0.2573821619273906,0.1454171381451472,0.1258595167595782,1.1553923798150676
2017-07-31 00:00:00+00:00,139.25,139.35000610351562,129.35000610351562,133.0,100122,76.05636300041746,0.2465007660791831,131.08750076293944,127.90300079345702,131.99441400058086,139.95588900347047,122.2191125224084,2.924942804844278,2.0736634965921583,0.8512793082521197,0.0505469392228228,0.1162324649298596,21.728571428571428,0.3285714285714285,3.196331540816326,23.29285714285714,1.0857142857142856,2.997861008163265,0.0,0.0,0.0,0.0,3.142699956893921,3.1777000427246094,3.1161000728607178,3.1777000427246094,0,50.0,0.2030680740700803,3.1777000427246094,3.2795000076293945,0.0188375972680764,0.2015174846685075,244.955,0.0907111014861072,1.633487955256463,0,1,0,14,7,31,-0.4999999999999997,-0.8660254037844388,-0.5680647467311556,-0.8229838658936566,10.260000228881836,0.0843567330432039,10.15499997138977,0.0,442.49473094940186,1.7930486253215323,132.5500030517578,131.5500030517578,27.783571285714284,39.65714308571428,24.53579433866373,25.33671119163192,454.65405749154905,386.8009235194984,16.963283493012653,426.3684727086247,74.25624161832401,0.2400181772914352,0.1993342381516237,0.2231298735904059,1.0756881751080496,0.0718132854578097,0.0443854998830994,0.047945973800491,1.4977956392892748,1.908987429381668,0.0445722203428477,0.1196951811987143,0.1251532119980935,0.9563891307611536
2017-08-14 00:00:00+00:00,136.9499969482422,143.75,136.35000610351562,142.0500030517578,131723,62.82825642394624,0.2532647301219085,137.37000045776367,130.00400024414063,137.1056594392453,144.90017780651675,129.83982310901058,2.9100605475370003,3.2325606020048365,-0.3225000544678362,-0.035902893304813,0.0398633266640335,27.22142857142857,0.0,3.885452893877551,23.417857142857144,0.1714285714285714,3.53634594387755,0.0,0.0,7.0,9.0,3.124300003051758,3.202699899673462,3.119999885559082,3.1777000427246094,0,56.8434307552855,0.142509326789861,3.129300117492676,3.2100000381469727,0.0057044419177586,0.2096321320875683,244.786,-0.0689922638852036,1.727978456372492,0,1,0,16,8,33,-0.8660254037844385,-0.5000000000000004,-0.7485107481711011,-0.6631226582407952,12.329999923706056,0.2164748021987975,10.487500190734863,0.0,435.1860111535643,0.6394364556610637,142.0500030517578,139.25,27.244284642857146,128.98571427142858,24.2737656119687,22.20639494353161,456.960137066265,414.74085478542736,10.5548205702094,434.2511565340588,73.95133504587017,0.2079768265393214,0.2007998038214961,0.2215568856979418,0.9387061769581084,0.0540342757311712,0.0546431218558543,0.0481836881613134,1.1214223439278292,2.18787345768945,0.0427122382031561,0.0782612975011606,0.1253167376181966,0.6245078889184059
2017-08-21 00:00:00+00:00,126.4000015258789,137.0,126.0,137.0,64619,27.32674416110125,0.2942510132586701,136.30250053405763,130.26800018310547,133.87092477597966,146.62225464021364,125.98274642790162,-0.5983468769681792,1.3560265865492156,-1.9543734635173948,-0.0770353826758423,-0.0743317561262276,24.4,5.0714286571428575,3.850623991836735,27.00714285714286,2.014285742857143,3.927026981632653,0.0,0.0,0.0,0.0,3.187000036239624,3.2018001079559326,3.128499984741211,3.1777000427246094,0,65.98896780685573,0.1282332293115823,3.1777000427246094,3.1184000968933105,0.0012911009946376,0.1336655679437879,244.786,-0.0689922638852036,1.727978456372492,0,1,0,17,8,34,-0.8660254037844385,-0.5000000000000004,-0.8229838658936564,-0.5680647467311559,13.1899995803833,0.0674236239273927,11.427500009536743,0.0,401.6612902491761,0.1981023633489636,136.9499969482422,142.0500030517578,25.915713,90.9285693857143,24.45011253101219,20.903678220907448,470.8499195314856,391.0796422644359,19.94256931676245,421.21521002010576,35.2325587887989,0.3433261516104324,0.2712694358772424,0.2567766895792194,1.337061159260329,0.0870253154051416,0.0610257602591006,0.050612573511878,1.7194402926441807,1.0807642067832166,0.0795576646627915,0.0782612975011606,0.1252355228025432,0.6249128801532224
2017-08-28 00:00:00+00:00,129.89999389648438,131.0,125.5,126.5,8663,24.45327748355662,0.2519349052922483,134.32499923706055,130.4679997253418,131.56793187765933,146.994212822551,121.65578565157011,-1.5523852019538822,-0.5980462150580002,-0.954338986895882,0.027689812724321,-0.0576714679363985,24.65714285714285,2.628571442857143,3.435940108163265,26.96428571428572,12.271428742857143,3.763203357142858,0.0,0.0,1.0,1.0,3.162800073623657,3.166599988937378,3.1333000659942627,3.158699989318848,0,59.43136623575721,0.0987996465990934,3.1777000427246094,3.152600049972534,0.0013856134569049,0.1118458092012705,244.786,-0.0689922638852036,1.727978456372492,0,1,0,18,8,35,-0.8660254037844385,-0.5000000000000004,-0.8854560256532096,-0.4647231720437691,11.31999969482422,-0.1528878890999324,11.69249987602234,0.0,410.3151093333436,0.2075536095756936,126.4000015258789,136.9499969482422,30.07428557142857,40.1000006,24.612317252513712,20.346758899742916,463.3789970622863,382.46075392560607,20.229560784170044,416.8551697454009,19.94355393107857,0.3541146710536341,0.2755799272326839,0.2566710504407528,1.379643931986536,0.0423402637292106,0.0609687145135195,0.0509777119458779,0.8305640603980394,0.1591543124425017,0.0654083836799517,0.0806155860483916,0.1252061298838989,0.6438628818294756
2017-09-04 00:00:00+00:00,127.75,130.14999389648438,125.75,130.14999389648438,154,27.33989536824062,0.250047907502551,131.90499877929688,131.09199981689454,130.24873814685748,144.15863042909697,119.65136712949682,-1.73971316450573,-1.2736808689184644,-0.4660322955872655,-0.018817181303131,-0.088801692006016,27.164285714285715,0.0,4.494634551020408,25.460714285714285,1.1142857142857143,3.5719122693877554,1.0,0.0,7.0,8.0,3.165699958801269,3.1777000427246094,3.12280011177063,3.1777000427246094,0,47.33893071041989,0.0715852729903496,3.158699989318848,3.111500024795532,0.0038697880238329,0.0925587210390959,244.786,-0.0689922638852036,1.727978456372492,1,1,1,19,9,36,-1.0,-1.8369701987210292e-16,-0.9350162426854148,-0.3546048870425359,10.130000114440918,-0.1110697162582256,11.742499828338625,0.0,405.9511804580689,0.4559710662684936,129.89999389648438,126.4000015258789,30.327142,25.59999965714286,24.667052544978265,19.105954178100514,443.3310161694122,383.2257794276642,15.026309185436997,412.4935740304681,15.488221612550106,0.2788182296270571,0.2767262068233762,0.256075651461327,1.0888119083084544,0.034442222281678,0.0534945018782931,0.0511406474022172,0.6734802411864348,0.0031287299692707,0.0728060265214749,0.0840234238469627,0.1255451913382592,0.6692683029801875
2017-09-11 00:00:00+00:00,130.60000610351562,130.60000610351562,125.9499969482422,126.5,22,63.90730133130424,0.2374944595825466,128.6424987792969,131.66899993896484,129.5293384147613,133.9092029961481,123.37579456244566,-1.2234440407188174,-1.4612541159937886,0.2378100752749712,0.0223092454286937,-0.0570396671226308,27.75714285714286,0.0,4.859352669387755,25.307142857142853,0.0,4.749875754081633,0.0,0.0,7.0,15.0,3.13919997215271,3.1777000427246094,3.0787999629974365,3.1777000427246094,0,52.80639787344445,0.0969325312237847,3.1777000427246094,3.1735999584198,0.010025902575946,0.0768183775717639,244.786,-0.0689922638852036,1.727978456372492,1,0,2,0,9,37,-1.0,-1.8369701987210292e-16,-0.970941817426052,-0.2393156642875577,10.729999542236328,0.057542184422748,11.342499732971191,0.0,415.0076449749759,1.0715825214798036,127.75,129.89999389648438,29.682142857142857,58.31428368571429,24.70834869415017,17.873311973061774,419.7011547229806,396.7664577848016,5.733674234544765,413.4992024082712,31.853639133318936,0.3014083434899774,0.2778634115857505,0.2196699085199863,1.3720965779962002,0.0356049688970745,0.0506894092088552,0.0471680024507449,0.7548541277683676,0.0004629502980767,0.0701421089803516,0.0581810737527868,0.1255456294614304,0.4634256833003028
2017-09-18 00:00:00+00:00,138.9499969482422,141.35000610351562,132.75,132.75,40,70.70939781181194,0.2173935577047108,130.0824996948242,132.75600006103517,132.59283368102567,139.04313362102414,121.12186576862428,1.398312166654108,-0.0741654729377269,1.472477639591835,0.0639356083805098,0.0817438711519074,29.5,0.0,5.399436032653061,27.860714285714288,0.0,5.031527807142857,1.0,0.0,7.0,22.0,3.1015000343322754,3.143699884414673,3.08240008354187,3.1096999645233154,0,41.83405113326784,0.1547368128284846,3.1777000427246094,3.17330002784729,0.0255300654292007,0.1274632777510259,245.519,0.2994452297108596,1.938974212058176,1,0,3,0,9,38,-1.0,-1.8369701987210292e-16,-0.992708874098054,-0.1205366802553235,10.149999618530272,-0.0555698460759966,10.582499742507936,0.0,432.0928005804635,2.2535613132092105,130.60000610351562,127.75,26.425,123.15714375714286,24.91172711941238,16.72019507157392,438.73737481605104,392.9459928573749,11.447845489669046,420.9366416771481,88.85597728197541,0.3439340368118464,0.2762635217041602,0.2196236936077669,1.5660151029330118,0.0618928124677761,0.0522611165561762,0.0471563546487698,1.3125017784718205,0.0008418172730379,0.0014394302463959,0.0761673201827527,0.1294574294561409,0.5883580001484393
2017-09-25 00:00:00+00:00,131.5500030517578,137.4499969482422,131.35000610351562,133.9499969482422,100464,58.81326603490506,0.2625021299388493,131.8875,133.43100006103515,133.20694715471814,140.60299785116,123.17200214883997,0.9921358110546804,0.8185620091289733,0.1735738019257072,-0.0532565243541589,0.0382794492528431,28.478571428571428,0.0,5.585775669387756,29.32857142857143,0.0,5.496102904081632,0.0,0.0,7.0,29.0,3.1314001083374023,3.150099992752075,3.1171998977661133,3.123500108718872,0,47.33312911943554,0.1552586158460083,3.1096999645233154,3.1465001106262207,-0.0026975717324909,0.1537612005078668,245.519,0.2994452297108596,1.938974212058176,1,0,4,0,9,39,-1.0,-1.8369701987210292e-16,-1.0,-1.8369701987210292e-16,10.210000038146973,0.0058939680082393,10.304999828338625,0.0,410.8964488341335,-0.5692024029599496,138.9499969482422,130.60000610351562,27.571428571428573,87.51429085714285,25.196684816777484,15.64147280889173,438.7022803554739,393.271757068347,11.35763082178172,416.92056453994223,50.56220321924753,0.2577346865731058,0.2901382132757192,0.2341578984623382,1.100687515811834,0.0463701307732128,0.0441300796297904,0.0485086753663438,0.9559139857742932,1.9122304787424795,-0.0698773547667958,0.080643927123774,0.1297411917015867,0.621575305809641
2017-10-02 00:00:00+00:00,127.1999969482422,133.64999389648438,125.3000030517578,131.5500030517578,90531,37.822869710240745,0.2667477293612402,132.15250091552736,133.01400024414062,131.49040814320938,140.53402735301566,123.77097447803904,-0.6666717958252377,0.1851165334239636,-0.8517883292492014,-0.033067320430271,-0.0074131642098208,28.307142857142857,16.885715314285715,5.060122985714285,28.728571428571428,9.300000585714288,5.471121324489795,2.0,0.0,1.0,0.0,3.157299995422364,3.1975998878479004,3.1530001163482666,3.1633999347686768,0,66.32494571121659,0.1603519147533117,3.123500108718872,3.1459999084472656,-0.0035154774926769,0.1541688515670318,245.519,0.2994452297108596,1.938974212058176,1,0,5,0,10,40,-0.8660254037844386,0.5000000000000001,-0.992708874098054,0.1205366802553232,9.449999809265137,-0.0773529145907427,10.134999752044678,0.0,402.3844620486453,-0.6509929789785496,131.5500030517578,138.9499969482422,28.692857142857143,72.15714679999999,25.42454846915129,15.232345568686734,440.0784924178327,390.1121858012763,12.491576654139084,411.1061235434235,46.80687461963365,0.258011472243851,0.2921377443377173,0.2331993329252138,1.1063987960145945,0.0656445836875624,0.0487909436214608,0.0506289986262427,1.2965804677742905,1.5864915756349995,-0.3963951041046036,0.0943088258327508,0.1315729598299896,0.7167796391204881
2017-10-09 00:00:00+00:00,130.9499969482422,131.89999389648438,124.3000030517578,127.4000015258789,90611,42.924527283366544,0.275059642302784,132.0400005340576,132.35399978637696,130.14330803729996,140.8317202825903,123.2482807855249,-1.0224423292964389,-0.7570471565054376,-0.2653951727910012,0.0294811327827773,0.0119783858181459,27.314285714285717,42.04285916428571,4.14826437755102,28.617857142857144,63.300003800000006,4.920112038775511,1.0,0.0,0.0,0.0,3.1533000469207764,3.186599969863892,3.119800090789795,3.1554999351501465,0,56.109084224220766,0.1454161504872301,3.1633999347686768,3.097599983215332,-0.005516828152084,0.1592566280284735,245.519,0.2994452297108596,1.938974212058176,1,0,6,0,10,41,-0.8660254037844386,0.5000000000000001,-0.970941817426052,0.2393156642875573,10.329999923706056,0.0890375544238119,10.03499984741211,0.0,413.2127068780901,-0.8511280449192595,127.1999969482422,131.5500030517578,26.696428571428573,80.48571024000002,25.630568383583928,18.333484809416625,439.70253202997833,389.59067714068783,12.527963722322614,411.9487568772901,48.44248184012507,0.2728068864572072,0.2717873289348625,0.235457170339195,1.1586263203534797,0.0580373503004392,0.053509969225213,0.0512337788172987,1.132794424152432,1.5424330374238806,-0.4049370287233811,0.091574216265905,0.1252631741921415,0.7310545141934048
2017-10-16 00:00:00+00:00,123.75,132.6999969482422,123.6999969482422,131.0,101914,29.16666043349936,0.2631172634712665,129.49749984741212,131.0849996948242,128.73929364312568,136.74111634591063,122.2538833489136,-1.5311414141895767,-1.0701802610817923,-0.4609611531077842,-0.0549827958460203,-0.1160714285714286,31.37142857142857,2.6,5.525628167346938,29.23928571428572,45.80000171428571,4.267063409183673,6.0,0.0,0.0,0.0,3.183300018310547,3.1874001026153564,3.128700017929077,3.146199941635132,0,47.03998942058626,0.0832856543648956,3.1554999351501465,3.1180999279022217,0.0009828686690184,0.1203388974586279,246.819,0.5294905893230117,2.2329638650032235,1,0,7,0,10,42,-0.8660254037844386,0.5000000000000001,-0.9350162426854148,0.3546048870425355,9.90999984741211,-0.0415079428013487,9.974999904632568,0.0,389.3422427773476,-0.4312037224211718,130.9499969482422,127.1999969482422,27.97142857142857,33.52857184,25.863388856532435,20.105518158117857,425.5579789630616,382.3599513060466,10.799506914253763,402.9061512373132,16.81220496224816,0.3230253883740654,0.2945603223952116,0.2522207233245741,1.280724959111015,0.0727272727272726,0.0609344299912526,0.0529456014704962,1.3736223023469978,1.6541942835065635,-0.3186023065930506,0.0914813526086572,0.1196479247481887,0.7645878117427527
2017-10-23 00:00:00+00:00,124.3499984741211,128.0500030517578,123.0,123.75,80486,47.13541904671454,0.2224172802194283,127.16749992370606,129.4579997253418,127.26729433183714,132.17762389231382,122.15737595509827,-1.7066194597845763,-1.493831945578642,-0.2127875142059345,0.0048484725181503,-0.0751208531303216,29.042857142857144,0.5714285714285714,5.315093557142857,31.88928571428572,4.885714285714286,5.767343709183673,4.0,0.0,3.0,0.0,3.166800022125244,3.214400053024292,3.142800092697144,3.1909000873565674,0,59.62514916251588,0.0874678055277392,3.146199941635132,3.134500026702881,-0.0072206955651993,0.0852144103541736,246.819,0.5294905893230117,2.2329638650032235,1,0,8,0,10,43,-0.8660254037844386,0.5000000000000001,-0.8854560256532101,0.464723172043768,11.06999969482422,0.1106943862081928,10.18999981880188,0.0,396.788420993862,-1.2515601458429415,123.75,130.9499969482422,30.121428571428574,7.800000285714286,26.252156395742325,19.123595327640206,420.5455343385025,380.3183820104699,10.05678808200814,400.4590591399328,36.07491269678755,0.2820604806978325,0.3024191683990093,0.2547261750558916,1.107308542448996,0.0406112031662693,0.0566781081309512,0.0518037232908903,0.7839435613303711,1.3295658501489902,-0.3439403741033193,0.0583415146341964,0.1160775688617112,0.5026079558714908
2017-10-30 00:00:00+00:00,125.9000015258789,127.75,122.8499984741211,124.25,83266,36.06557445394575,0.2152777097129293,126.11749954223632,128.81699981689454,126.38475344292164,130.65880331440377,121.57619577006888,-1.3784813341482192,-1.567363695332477,0.1888823611842578,0.0124648417432862,-0.0167903277988199,28.692857142857143,15.942856885714288,4.392251408163266,28.875,7.771428371428572,4.99082038367347,3.0,0.0,0.0,0.0,3.236599922180176,3.296799898147583,3.215399980545044,3.234800100326538,0,58.15774054813637,0.1022470235266473,3.1909000873565674,3.1809000968933105,0.0081815561531513,0.0906176329939718,246.819,0.5294905893230117,2.2329638650032235,1,0,9,0,10,44,-0.8660254037844386,0.5000000000000001,-0.822983865893657,0.5680647467311548,10.5,-0.0528634619892463,10.452499866485596,0.0,407.2613375670244,0.2886650259921183,124.3499984741211,123.75,28.478571428571428,47.54285902857143,26.42137211214605,18.391197459497523,422.9521670899906,380.3501870181714,10.650495017954784,403.1799705107695,54.63424466017573,0.2723524391320923,0.2511331158400675,0.2545693391213767,1.0698555818761857,0.0389197892493409,0.0551880398261769,0.0520843492423004,0.7472452347600753,1.4442563465685436,-0.5213964124753305,0.0641579289464948,0.1123894906127529,0.5708534035359419
2017-11-06 00:00:00+00:00,125.5500030517578,127.5999984741211,121.1999969482422,125.0999984741211,137033,53.34928325728888,0.2285586944095167,125.37749977111817,128.5879998779297,125.77237762663182,128.99608923284336,121.75891030939296,-1.1057605865545383,-1.3406566386400725,0.2348960520855341,-0.002779971960915,-0.0342307457557092,26.214285714285715,24.885714742857143,4.194984046938775,26.38928571428572,48.05714191428572,4.141418347959184,0.0,0.0,0.0,0.0,3.2871999740600586,3.3315000534057617,3.2423999309539795,3.29259991645813,0,68.37993382746559,0.1322329212335782,3.234800100326538,3.152400016784668,-0.0158560285029031,0.1217904456094246,246.819,0.5294905893230117,2.2329638650032235,1,0,10,0,11,45,-0.5000000000000004,0.8660254037844384,-0.7485107481711011,0.6631226582407952,9.399999618530272,-0.1106656084694062,10.21999979019165,0.0,413.38592955953567,-2.1150934396133216,125.9000015258789,124.3499984741211,27.11428571428572,142.85714365714287,26.41930202196151,20.30512935980644,423.1211662553709,380.267799193514,10.713341765464216,407.2623541302759,50.18076359306544,0.2639872616277202,0.248613072090208,0.2554455814089614,1.0334383152656716,0.0509757178041684,0.0522542666494981,0.0525397385640656,0.9702314761177422,2.3045803856800107,-0.5201006388048018,0.0715566295006573,0.1015498023819011,0.7046456100928323
2017-11-20 00:00:00+00:00,122.9000015258789,129.0,121.1500015258789,127.5500030517578,85561,43.922667536669486,0.1950139414949467,125.375,128.15100021362304,125.7372858817016,128.42778258683364,122.32221741316636,-0.5364527356002355,-0.4981834291853325,-0.038269306414903,-0.0368338323232457,-0.0187624628672342,28.457142857142856,28.214283814285714,5.146581967346939,26.935714285714283,45.69999885714285,4.012243330612245,0.0,0.0,0.0,0.0,3.27810001373291,3.313199996948242,3.2535998821258545,3.254499912261963,0,53.14592393311499,0.1472580726623107,3.248699903488159,3.170099973678589,-0.0008000594345782,0.143849220975786,246.663,-0.0632042103727692,2.041128701976169,1,0,12,0,11,47,-0.5000000000000004,0.8660254037844384,-0.5680647467311559,0.8229838658936564,10.649999618530272,-0.0767871790325247,10.512499809265137,0.0,399.978044182968,-0.0168017330850508,127.5999984741211,125.5500030517578,29.025,52.07143045714286,26.427528021894965,22.752801637220237,425.34005710948014,394.00692174062686,7.83328384221333,406.94214029385125,54.05074440032603,0.2039233267908543,0.2638565091305253,0.2640540347383455,0.7722787469244206,0.0638730543259442,0.0471048050912381,0.0516907302835026,1.23567691187293,1.202686756192239,-0.4473680303021675,0.0837562588128707,0.0968612866382869,0.8647030518871247
2017-11-27 00:00:00+00:00,125.5500030517578,126.5999984741211,122.5500030517578,123.1500015258789,579,50.0,0.1939329015358112,125.39000053405762,127.20100006103516,125.41300109724855,128.25881748061687,122.52118358749836,-0.5277352708832836,-0.5525541868877476,0.0248189160044639,0.01413570239791,0.0080289038578702,25.15714285714285,140.38570522857142,3.5858169448979598,27.553571428571427,78.68570975714286,5.174221214285715,0.0,0.0,0.0,0.0,3.253999948501587,3.263999938964844,3.212399959564209,3.232899904251098,0,38.6631376305957,0.1453695373894782,3.254499912261963,3.2311999797821045,-0.0049348518550371,0.153331093502736,246.663,-0.0632042103727692,2.041128701976169,1,0,13,0,11,48,-0.5000000000000004,0.8660254037844384,-0.4647231720437684,0.88545602565321,9.869999885559082,-0.0760600144861139,10.354999780654907,0.0,405.89059284475286,-0.4302809751309407,122.9000015258789,127.5999984741211,27.317857142857143,18.85714288571429,26.500175983616028,26.3613763546346,425.33509858191263,393.3265079070586,8.002147668713478,406.521521314212,48.03113096702268,0.2006724563862195,0.2449196075675678,0.259087856703394,0.7745343652697988,0.0322580272713628,0.0454341699122568,0.0522541291138096,0.6173296090689542,0.0081358618673969,-0.4555966687861978,0.0868193376541394,0.0740747318352241,1.1720504925587865
2017-12-04 00:00:00+00:00,126.75,130.3000030517578,124.8499984741211,125.5,126,47.46269227773534,0.1957114494121675,126.05750122070312,126.37600036621092,126.21896185045932,129.3052177125487,122.80978472885757,0.181017888271171,-0.132024762806581,0.313042651077752,0.0095579205023794,0.0027689752365187,25.792857142857144,51.485711671428575,3.7070607530612247,25.475,276.2142674571429,3.356358757142857,0.0,0.0,0.0,0.0,3.2263998985290527,3.285799980163574,3.200700044631958,3.2574000358581543,0,46.135051088405135,0.1166225020869047,3.232899904251098,3.266200065612793,0.0039050273807205,0.1348311119718734,246.663,-0.0632042103727692,2.041128701976169,1,0,14,0,12,49,-2.4492935982947064e-16,1.0,-0.3546048870425359,0.9350162426854148,11.68000030517578,0.1683781616775783,10.924999952316282,0.0,412.87545454502106,0.4537069484448192,125.5500030517578,122.9000015258789,25.4,18.157142457142857,26.434035597576287,42.48091771608675,425.0423115359082,393.36405744580577,7.919563522525617,409.0630946065356,49.28446232655194,0.1899500616459807,0.2220305453293325,0.2515801697117276,0.755027927333681,0.0429980637288893,0.0462498248081665,0.0516484261308086,0.8325143402210521,0.001770355398846,-0.0166443310229918,0.0785490416538972,0.0748310085718862,1.0496855869794053
2017-12-11 00:00:00+00:00,119.0,126.75,119.0,126.75,526,40.15151661107102,0.1941947698228466,125.12250061035157,125.60699996948242,124.51496955171896,130.47841108534632,119.7665901353568,-1.1544741829681726,-0.4399059575734227,-0.7145682253947498,-0.0611439842209072,-0.0585443151625583,27.157142857142865,45.142855257142855,3.6916699653061222,25.75714285714286,115.04284898571429,3.4988541040816323,0.0,0.0,0.0,0.0,3.2425999641418457,3.3160998821258545,3.219300031661988,3.287800073623657,0,57.41231831015367,0.1111634136627593,3.2574000358581543,3.251300096511841,-0.0042275300607226,0.1194439351411793,246.663,-0.0632042103727692,2.041128701976169,0,0,0,0,12,50,-2.4492935982947064e-16,1.0,-0.2393156642875578,0.970941817426052,9.34000015258789,-0.2235717349503595,10.384999990463257,0.0,391.2482087612152,-0.3595487956994908,126.75,125.5500030517578,26.764285714285712,32.64285372857143,26.390365098193488,47.16233263670789,420.8323500626128,384.1638001043658,9.167137489561744,401.9371402684075,24.512680856533848,0.2518506227271769,0.2510971424346726,0.26520672352888,0.9496388699337128,0.065126050420168,0.0490798913313664,0.0527734540289612,1.234068136676189,0.007808243783464,-0.4699960414471809,0.0577468205007934,0.0759016469093828,0.7608110659525651
2017-12-18 00:00:00+00:00,118.5500030517578,119.1500015258789,116.9000015258789,117.0500030517578,19978,30.73596176190621,0.2215948363858348,123.06000061035157,124.72000015258789,122.00782248215847,130.78369088759882,115.33631033310432,-2.157066431488502,-1.4706274234711147,-0.6864390080173874,-0.0037814869600184,-0.0643251309612401,27.1,14.357142842857144,4.485192902040817,27.392857142857142,61.585714671428576,4.055136484693877,0.0,0.0,0.0,0.0,3.303400039672852,3.344399929046631,3.2785000801086426,3.2920000553131104,0,62.14821022218023,0.1096225775087049,3.287800073623657,3.2706000804901123,0.0001825397903916,0.1161188384137736,246.669,0.0024324685907517,2.202582938683184,0,0,0,0,12,51,-2.4492935982947064e-16,1.0,-0.1205366802553236,0.992708874098054,9.529999732971191,0.0201384210685139,10.105000019073486,0.0,390.26661660375606,0.0158215104484082,119.0,126.75,26.71071428571429,5.628571542857143,26.45504200430082,48.09287341314148,422.33496741709286,377.8054689602797,11.132374614203282,397.268930802547,36.32434002002908,0.2396354381605843,0.2399609788091722,0.2495660011661509,0.9602086319400476,0.0189793331259356,0.04464690577446,0.0501317564123675,0.3785889563479145,0.3153217851082642,-0.013617579687241,0.0546489269008616,0.0758511486811748,0.7204758351888527
2017-12-25 00:00:00+00:00,120.4000015258789,124.0500030517578,119.5,121.9000015258789,61529,36.16558342583348,0.2489835949726728,122.63250045776368,124.16900024414062,121.946424509824,130.35487352893335,114.91012738659398,-1.3352277694513788,-1.4838112585941712,0.1485834891427924,0.0294998261450452,-0.0333199632612961,28.8,10.985713728571428,4.835990099999999,27.29642857142857,17.628570928571428,4.58946587244898,0.0,0.0,0.0,0.0,3.290499925613404,3.338000059127808,3.2569000720977783,3.338000059127808,0,72.06296378391438,0.1097515794260195,3.2920000553131104,3.22029995918274,-0.0145952548556929,0.1136146420401845,246.669,0.0024324685907517,2.202582938683184,0,0,0,0,12,52,-2.4492935982947064e-16,1.0,6.432490598706546e-16,1.0,9.899999618530272,0.0380900289619494,10.112499952316284,0.0,401.895212212372,-1.4619579541600418,118.5500030517578,119.0,25.339285714285715,5.085714457142857,26.509325008631645,46.12743454316922,420.2767927498666,377.86595331131554,10.60270985963776,399.11944336647696,45.15385957024502,0.2354709558640263,0.2083482210390523,0.2556443269777078,0.921088097032869,0.0377907225423067,0.0394304394177325,0.0495397709272696,0.7628358833033206,1.0059091789680956,-0.1088107367625541,0.057402880324608,0.0723613186181399,0.7932811823775433
2018-01-01 00:00:00+00:00,126.1999969482422,126.5500030517578,120.6500015258789,120.75,56663,62.38937799162592,0.253937733845216,122.0724998474121,124.1500001525879,122.81437950903924,128.63198253923355,115.51301715559066,-0.1631831678966477,-0.9450786808290772,0.7818955129324294,0.0323108134825538,-0.0262346373082554,27.214285714285715,31.2285704,4.481114063265307,28.11428571428571,33.45714094285714,4.725859913265306,0.0,0.0,0.0,0.0,3.3355000019073486,3.336100101470948,3.2795000076293945,3.3076000213623047,0,51.21816796615389,0.1060711598949731,3.338000059127808,3.271199941635132,0.0093909222416834,0.1094596329299391,246.669,0.0024324685907517,2.202582938683184,0,0,0,0,1,1,0.4999999999999999,0.8660254037844387,0.120536680255323,0.992708874098054,11.039999961853027,0.1089903187853598,9.952499866485596,0.0,417.4191126019287,0.9366597555775884,120.4000015258789,118.5500030517578,22.414285714285715,13.142857142857142,26.61287086060933,45.309996246374894,425.4574503928487,374.9571246967872,12.625081424015375,406.4393110606577,54.56545041822787,0.263325038927829,0.2207526483894876,0.2630701592033955,1.000968827918442,0.0467512018110319,0.0423290743256663,0.0491756172312626,0.9506986375826152,0.9869101125061528,-0.1266862051019859,0.0641767762646147,0.0719115081997909,0.8924408477417086
2018-01-08 00:00:00+00:00,125.1500015258789,131.35000610351562,124.3000030517578,126.0,146185,65.95332292924934,0.2638770351443299,122.87250022888183,124.51400039672852,124.92698477389544,131.20976466048617,114.5352357972775,1.101430093862561,0.366119170899958,0.7353109229626029,-0.0083200907112059,0.0024029079329144,24.664285714285715,108.18570931428572,3.1154978061224488,24.075,110.9714246,4.215372091836735,0.0,0.0,0.0,0.0,3.310800075531006,3.312700033187866,3.221400022506714,3.226599931716919,0,31.938941092116693,0.1081082445671847,3.3076000213623047,3.2871999740600586,-0.0010576049837349,0.1012957475938367,246.669,0.0024324685907517,2.202582938683184,0,0,0,0,1,2,0.4999999999999999,0.8660254037844387,0.2393156642875577,0.970941817426052,9.520000457763672,-0.1481301405059154,9.99749994277954,0.0,403.8089863777732,-0.1081929669642417,126.1999969482422,120.4000015258789,24.36785714285714,19.22857142857143,26.449137256699053,49.54621743047974,425.60182687718526,381.09313702072967,11.127172464113904,405.3871811875039,65.0449323375457,0.2838979415492325,0.2293508193457417,0.2342206080295299,1.21209628741326,0.0563324248166309,0.0449959465432146,0.0476409727018371,1.1824362475725898,2.377268251511781,-0.0653070576701376,0.1117645907581433,0.0839133869357068,1.3319040205674872
2018-01-15 00:00:00+00:00,122.25,125.9499969482422,120.9000015258789,125.3000030517578,100243,50.0,0.2498330384274534,123.80000038146972,124.35400039672852,124.42832003394388,131.0585345513419,116.54146621159757,0.2337655046560769,0.4714189742096522,-0.2376534695535753,-0.0482677858742217,0.0444254319749384,27.085714285714285,49.48571381428572,3.452182997959184,24.160714285714285,219.8857068,2.909829884693877,0.0,0.0,0.0,0.0,3.2392001152038574,3.253900051116944,3.176100015640259,3.200700044631958,0,14.376318422505108,0.0978695159418512,3.226599931716919,3.340399980545044,-0.0020124798512311,0.102683322621444,246.524,-0.0587832277262334,2.1090824745684245,0,0,0,0,1,3,0.4999999999999999,0.8660254037844387,0.3546048870425356,0.9350162426854148,10.15999984741211,0.0650635302441503,10.15499997138977,0.0,391.28558045625687,-0.1424647573968766,125.1500015258789,126.1999969482422,25.32857142857143,5.828571754285714,26.301497065022616,60.53586190593267,425.067318881914,382.1371269422514,10.732547984915632,399.7465408950051,50.95612666959352,0.2390597378072019,0.2352588339291774,0.2367010574963411,1.0099647641466476,0.0413087560111517,0.0402324876614114,0.0475893973159342,0.8680241747268079,1.517181674192335,-0.0073289946778177,0.1028315332951258,0.0844323952632828,1.217915478949933
2018-01-22 00:00:00+00:00,122.5500030517578,123.9000015258789,119.5999984741211,121.8000030517578,113231,41.609209433369166,0.2452531096869855,124.24500007629396,124.0520004272461,123.36849695291936,130.27360801801603,118.21639213457183,-0.5262439406702413,-0.1102153023748526,-0.4160286382953886,0.0024540126933152,0.0065708669548896,29.25714285714286,17.757143285714285,4.82271776122449,27.660714285714285,37.628570942857145,4.009792067346939,1.0,0.0,0.0,0.0,3.213200092315674,3.2374000549316406,3.182800054550171,3.194700002670288,0,21.02642201573299,0.084648086391412,3.200700044631958,3.30679988861084,-0.004208949476505,0.084311671812811,246.524,-0.0587832277262334,2.1090824745684245,0,0,0,0,1,4,0.4999999999999999,0.8660254037844387,0.4647231720437685,0.8854560256532099,11.029999732971191,0.0821603819242474,10.4375,0.0,391.5104950766944,-0.3621117199242666,122.25,125.1500015258789,23.29642857142857,35.71428766857142,26.389188498615628,59.057972166379415,425.82265547761386,376.18943177871273,12.40830592472529,396.4521225676809,37.60251294288719,0.238842024861493,0.2321009588035363,0.2363143135682621,1.0106963524472976,0.03508774332663,0.0434541697015503,0.0476216733681818,0.736801827338884,1.5786670607604278,0.004881011065628,0.1006620726408239,0.0840238851906879,1.1980172117988157
2018-01-29 00:00:00+00:00,124.9499969482422,125.8499984741211,120.5,122.1500015258789,120727,49.404749199936646,0.2328009333289983,124.3974998474121,123.70900024414064,123.47896459392648,130.28097230392387,118.51402739090032,-0.1057974936699395,-0.2794426644682115,0.1736451707982719,0.0195837930372861,0.0036144333192145,28.264285714285712,18.699999885714288,5.126281993877551,29.23928571428572,29.957144057142862,5.124979389795919,0.0,0.0,0.0,0.0,3.200700044631958,3.2381999492645264,3.121500015258789,3.151000022888184,0,31.74272155373781,0.110644974047378,3.194700002670288,3.311100006103516,-0.0032501221578321,0.0761878696570482,246.524,-0.0587832277262334,2.1090824745684245,0,0,0,0,1,5,0.4999999999999999,0.8660254037844387,0.5680647467311558,0.8229838658936564,13.84000015258789,0.2269441521585701,11.137500047683716,0.0,393.7174432437897,-0.2662289880569766,122.5500030517578,122.25,23.77857142857143,10.628571428571428,26.57306573833628,57.18049938513835,406.9235283878943,383.2377241893628,5.921451049632889,395.3582508381244,8.513317576106843,0.2125481171555429,0.212349814407505,0.2332350381709385,0.9113043636553536,0.0428171156845823,0.0444594483300054,0.0479822807075571,0.8923524711553348,1.5525401888735215,-0.06816517575207,0.0615981174599412,0.0870250355439822,0.7078205713642481
2018-02-05 00:00:00+00:00,119.8000030517578,125.1999969482422,119.5,124.75,135493,48.11596138689434,0.2052072683931806,122.53500022888184,123.34400039672852,122.51105979449233,125.92183246146124,119.14816799630243,-0.7275152433898597,-0.4224917245397177,-0.305023518850142,-0.0412164387536373,-0.0752605154019541,25.478571428571428,61.09999305714285,4.176135544897959,28.075,53.19999797142857,4.891072263265307,0.0,0.0,0.0,0.0,3.1538000106811523,3.245500087738037,3.1438000202178955,3.215399980545044,0,50.39143932754058,0.1283388650963388,3.151000022888184,3.233099937438965,0.0013020482729615,0.1302037632806389,246.524,-0.0587832277262334,2.1090824745684245,0,0,0,0,2,6,0.8660254037844386,0.5000000000000001,0.6631226582407952,0.7485107481711011,37.31999969482422,0.9919664065872112,18.087499856948853,2.0,385.2049274819182,0.1889880550223834,124.9499969482422,122.5500030517578,24.6,0.0,26.66996472295975,56.92369284231836,397.7333232078023,383.1258999215273,3.651855821568737,391.2969214956419,10.362558044395769,0.1305466413664144,0.212536407350793,0.2232168090773261,0.5848423156733135,0.0475792721455908,0.0446250623969171,0.0472666036914479,1.0066147842996316,1.602830117254961,-0.0127214347995772,0.1207938171969452,0.0852634778659522,1.4167121263776157
2018-02-12 00:00:00+00:00,121.4000015258789,124.4000015258789,119.0999984741211,120.0,185520,51.50503157139448,0.1996537543830107,122.18250007629396,122.95000015258788,122.4519865199711,125.03727901409628,119.32772113849164,-0.4525017803668305,-0.4428596828242906,-0.0096420975425398,0.0133555795773214,-0.0114006636081989,27.071428571428573,21.51428537142857,3.893673346938776,26.175000000000004,116.67141631428572,4.107473485714285,0.0,0.0,0.0,0.0,3.2611000537872314,3.307499885559082,3.2174999713897705,3.290800094604492,0,62.231892182674216,0.1515392295629781,3.215399980545044,3.214200019836426,0.016209499176916,0.1390018648264666,246.524,-0.0587832277262334,2.1090824745684245,0,0,0,0,2,7,0.8660254037844386,0.5000000000000001,0.7485107481711011,0.6631226582407953,25.61000061035156,-0.3765464437578896,21.95000004768372,2.0,399.5031365063478,1.6797331454178337,119.8000030517578,124.9499969482422,22.275,3.914285371428572,26.638031515026864,60.778384679219485,404.3005013615116,380.6674997928635,5.908250392162017,394.5794074999243,66.27716656633316,0.1910451444085417,0.2282958371289772,0.2196228867846902,0.869878082865991,0.0436573557260459,0.0420900485788001,0.0471309649390895,0.9262985920080616,2.0895092041121064,-0.0279700030194005,0.1210488473086963,0.0920160809252194,1.3155182543786987
2018-02-19 00:00:00+00:00,117.9499969482422,123.4000015258789,117.6500015258789,121.4000015258789,53499,29.16667045108784,0.1871129314130397,122.15000038146972,122.52400009155274,122.01088962425762,125.44625079488613,118.85374996805334,-0.6478754541745957,-0.440619248835894,-0.2072562053387017,-0.0320065783727292,-0.0260115736215474,27.264285714285712,14.700000592857142,4.320452185714286,27.38214285714286,37.61428532857143,3.918465001020408,0.0,0.0,0.0,0.0,3.2939000129699707,3.2987000942230225,3.1916000843048096,3.228199958801269,0,61.37197078785133,0.1660195472500769,3.290800094604492,3.2051000595092773,0.0018858402164064,0.1522706633995875,247.867,0.5447745452775266,2.070507620275164,0,0,0,0,2,8,0.8660254037844386,0.5000000000000001,0.8229838658936564,0.5680647467311559,19.459999084472656,-0.27462189433275,24.05749988555908,1.0,380.7661752889253,-0.3561905236368865,121.4000015258789,119.8000030517578,22.52142857142857,23.657140800000004,26.68603869838919,59.28392665659703,406.6194101675696,372.9764310929209,8.410744768662205,389.0541146155247,37.72207791085268,0.2279483388359907,0.2211909888531054,0.2303063412344857,0.989761409592677,0.0487494713757658,0.043578191651723,0.0462862093234997,1.053217827860386,0.6153922249777287,0.024129857683418,0.1393652772682904,0.0967048284412883,1.4411406865945204
2018-02-26 00:00:00+00:00,120.5,121.0500030517578,116.5,117.75,1542,52.05881270571303,0.2042712288574366,121.14499969482422,122.37099990844726,120.8581889510966,125.18674401822584,117.1032553714226,-0.9959970285628827,-0.850768548934381,-0.1452284796285017,0.0216193566573534,-0.0254751434452642,26.185714285714287,35.35714386428572,3.673076820408163,27.32142857142857,32.78571544285714,4.181727639795918,0.0,0.0,0.0,0.0,3.2332000732421875,3.2708001136779785,3.2255001068115234,3.2372000217437744,0,45.187259228532696,0.1517052498088765,3.228199958801269,3.146899938583374,0.000557760468091,0.1748078785063765,247.867,0.5447745452775266,2.070507620275164,0,0,0,0,2,9,0.8660254037844386,0.5000000000000001,0.8854560256532099,0.4647231720437686,15.800000190734863,-0.2083510776064839,24.547499895095825,1.0,390.0826026201248,-0.4889984984684266,117.9499969482422,121.4000015258789,21.28214285714285,1.1142857142857143,26.72703159342399,57.57436464280737,404.9572845102613,372.8211364383968,8.034037017966142,389.4655098173648,46.42691046265695,0.2478886558796225,0.2295454915139593,0.2295073415140566,1.0800902639689085,0.0377593614253759,0.0441125152714721,0.0452723098797465,0.8340496251500529,0.0186951353245286,0.1390753807464952,0.1386141264036703,0.0965545325702845,1.4356044025869574
2018-03-05 00:00:00+00:00,119.1999969482422,122.4499969482422,118.1500015258789,120.1500015258789,87,43.854741579010415,0.2029995790103052,120.74999923706056,122.52399978637696,120.7361459943477,124.45206359425384,117.04793487986728,-0.6268777400334216,-0.7266582715685562,0.0997805315351346,-0.0107884070685294,-0.018121948517173,28.32857142857143,46.87142951428572,3.723620534693878,26.982142857142858,96.88571674285714,3.551756187755102,0.0,0.0,0.0,0.0,3.2225000858306885,3.269200086593628,3.220499992370605,3.249599933624268,0,39.42856688726091,0.1370707767385638,3.2372000217437744,3.1637001037597656,-0.0035461212562159,0.1389332859436568,247.867,0.5447745452775266,2.070507620275164,0,0,0,0,3,10,1.0,6.123233995736766e-17,0.9350162426854148,0.3546048870425355,18.729999542236328,0.170116539911117,19.899999856948853,1.0,387.3523021710208,-0.8993866708991165,120.5,117.9499969482422,21.08928571428571,0.5142857142857142,26.743490384631663,60.11058090732672,404.97265479836176,373.8794534948476,7.773300325878551,388.6202267588272,52.38163740138811,0.2470291162921833,0.2172798167675549,0.208731408160225,1.1834783592691374,0.0360737880239241,0.0427638497393405,0.0434396356445791,0.8304346752521405,0.0011241762501613,-0.0968001096421379,0.1221615178458873,0.0963600627955924,1.267760746767255
2018-03-12 00:00:00+00:00,118.1500015258789,120.0999984741211,118.1500015258789,120.0999984741211,10,49.820804996568086,0.1913540858470707,119.9799991607666,122.17899978637696,120.04049762743652,123.2881090314868,116.67188929004638,-0.8119173352945239,-0.7239398757471076,-0.0879774595474163,-0.0088086866547422,-0.0382580138918948,28.321428571428573,28.628571728571423,4.3960321653061225,28.50357142857143,74.48571562857143,3.92274826122449,0.0,0.0,0.0,0.0,3.240999937057495,3.267400026321411,3.2060999870300293,3.256099939346313,0,55.12021238990648,0.1175844868844326,3.249599933624268,3.284600019454956,-0.0001231049234792,0.1260823803965103,247.867,0.5447745452775266,2.070507620275164,0,0,0,0,3,11,1.0,6.123233995736766e-17,0.970941817426052,0.239315664287558,15.779999732971191,-0.1713831935201145,17.44249963760376,1.0,384.7082128021811,-0.5570850376254466,119.1999969482422,120.5,20.77857142857143,0.0,26.857044000369715,61.03800895385864,393.6654665872025,377.78917985392354,3.969071683319729,387.0554211761688,27.87031560708729,0.2368725306579621,0.1900519890104782,0.2063680027408544,1.1478161150653403,0.0165044174613495,0.0365488788024922,0.0422342963593331,0.39078225461852,0.0001363025480398,-0.1094313515463912,0.1082178002248165,0.0940137631138081,1.1510845341119724
2018-03-19 00:00:00+00:00,118.3499984741211,120.4499969482422,116.9499969482422,120.4499969482422,19121,44.838712059125335,0.1966284871965675,119.31499862670898,121.25899948120116,119.44657989080164,122.05766348761284,116.57233376580514,-0.8621036350086513,-0.7607638735059605,-0.1013397615026907,0.0016927375849282,-0.0279260905616337,28.714285714285715,20.685715614285712,4.187234793877551,27.557142857142857,63.842860114285706,4.254277828571428,0.0,0.0,0.0,0.0,3.2600998878479004,3.2971999645233154,3.2356998920440674,3.280100107192993,0,66.30809275399878,0.097135282249053,3.256099939346313,3.2263998985290527,-0.0030664495108366,0.1189047860857059,248.991,0.4534689974865724,2.2117954212386604,0,0,0,0,3,12,1.0,6.123233995736766e-17,0.992708874098054,0.120536680255323,19.020000457763672,0.1867477826889843,17.332499980926514,1.0,388.1998426812552,-0.7601139485702324,118.1500015258789,119.1999969482422,22.235714285714288,0.1714285714285714,26.902211668548627,61.21896709324104,392.0498340104514,383.1216461268396,2.2320469709029704,387.51318977820335,70.44187831482083,0.1943300834975776,0.1821876201974571,0.2019159580972924,0.96243048694366,0.0295732999165633,0.0337320676405957,0.0417669718926942,0.7080545104394103,0.2725382862770505,0.1806788031975266,0.0762335034814815,0.0922210504736362,0.8266387643988848
2018-03-26 00:00:00+00:00,118.1500015258789,120.75,116.5,119.1999969482422,94595,42.85716015735925,0.1662098808681223,119.18749885559082,120.59199935913084,119.02092514499176,121.83700179522518,116.53799591595646,-0.7538307091625569,-0.7519678530812638,-0.0018628560812931,-0.0016898770665039,-0.0108831766896284,27.15,19.10000077142857,3.944355465306123,27.90357142857143,27.3714292,4.232523560204081,0.0,0.0,0.0,0.0,3.284199953079224,3.3148000240325928,3.2672998905181885,3.314500093460083,0,65.37020270108559,0.0921757987381734,3.280100107192993,3.248699903488159,-0.0006095075073169,0.0836632064440831,248.991,0.4534689974865724,2.2117954212386604,0,0,0,0,3,13,1.0,6.123233995736766e-17,1.0,-1.6081226496766366e-16,21.030000686645508,0.1004589411806344,18.64000010490417,1.0,391.6081910998346,-0.5144197482182624,118.3499984741211,118.1500015258789,23.29285714285714,1.0857142857142856,26.96681552403397,59.03525497109645,393.6604122490783,382.2738621280675,2.8466375302527047,389.1511903068559,56.21452960079949,0.0940888696416929,0.1696961791838154,0.2007063598525137,0.4687886573347562,0.035971222557023,0.0311764178768471,0.041016747130337,0.8769884572473382,1.3903454073917976,0.1342198636098173,0.025478082847454,0.0892447997722043,0.2854853174373546
2018-04-02 00:00:00+00:00,116.4000015258789,119.75,116.1500015258789,118.4000015258789,66557,44.14715599588881,0.1597524629641845,118.55999908447264,120.27899948120115,118.5921817441779,120.63201672422016,116.48798144472516,-0.7816699248568852,-0.7280339683419768,-0.0536359565149084,-0.006825899685958,-0.0494078854482988,26.75714285714286,8.214286,4.064273463265306,26.982142857142858,33.085716,3.905684098979592,0.0,0.0,0.0,0.0,3.310100078582764,3.3429999351501465,3.2964000701904297,3.302000045776367,0,62.15750687106306,0.095903918976383,3.314500093460083,3.25,0.0001207091599862,0.0990453056967181,248.991,0.4534689974865724,2.2117954212386604,0,0,0,0,4,14,0.8660254037844387,-0.4999999999999998,0.992708874098054,-0.1205366802553228,23.6200008392334,0.116143823934473,19.86250042915344,1.0,384.35281036682136,-0.4413980814879524,118.1500015258789,118.3499984741211,21.389285714285712,0.3714285714285714,26.967804384234547,57.36109116650958,394.0237448935537,380.4107835814924,3.40324032801534,387.2318383308421,41.07264794394205,0.0853403511288787,0.1749834290460909,0.2008139285326987,0.4249722491996376,0.0309278215371905,0.0298101098992101,0.0405059251616731,0.7635380201382087,1.0549766518830574,0.1581246298874612,0.0390164776589224,0.0890777941719511,0.4380044840755964
2018-04-09 00:00:00+00:00,118.6500015258789,119.4499969482422,115.9499969482422,116.75,164722,51.47060143492284,0.1519365219424192,118.10249938964844,119.80399948120116,118.17152025811002,120.24958287597296,115.95541590332392,-0.6402262145604425,-0.7526833660609877,0.1124571515005452,0.0193298966538222,-0.0029411636480763,26.7,10.357142677142855,3.543546848979592,26.714285714285715,9.699999982857143,4.010565426530612,0.0,0.0,0.0,0.0,3.299299955368042,3.3954999446868896,3.298799991607666,3.367500066757202,0,68.20958316371622,0.0881975985248303,3.302000045776367,3.2660999298095703,-0.0004541340733642,0.0967468108902223,248.991,0.4534689974865724,2.2117954212386604,0,0,0,0,4,15,0.8660254037844387,-0.4999999999999998,0.970941817426052,-0.2393156642875575,21.770000457763672,-0.081560950026116,21.36000061035156,1.0,399.55388805913935,-0.4988824048229924,116.4000015258789,118.1500015258789,23.417857142857144,0.1714285714285714,26.951448341012043,54.28618205788685,403.86671813919895,377.9906479643263,6.469017543718159,392.160658222161,75.28521325160487,0.1557832748225521,0.1979920060271037,0.2001390007458371,0.7783753614151029,0.0294985246943853,0.0284950572333023,0.0387871986800952,0.7605219787193244,2.4568267020048795,0.0976630682545755,0.0637725293496403,0.0933624573874351,0.6830638813881964
2018-04-16 00:00:00+00:00,114.25,118.9499969482422,114.1500015258789,118.5999984741211,172581,33.88430950589951,0.1435571970625773,117.70499992370604,119.19499954223632,117.66378582245184,119.9555898050796,115.45441004233253,-0.7438734486884329,-0.6434930170920492,-0.1003804315963836,-0.0370838724761348,-0.0288992901128949,25.978571428571428,5.17142872,3.624895751020408,26.571428571428573,22.65714276857143,3.468456385714286,0.0,0.0,0.0,0.0,3.4175000190734863,3.434400081634521,3.3643999099731445,3.424299955368042,0,70.72723710242639,0.1072104668606984,3.367500066757202,3.282099962234497,0.0077209325058207,0.0853015730570969,249.554,0.2261125904149175,2.3597114039729084,0,0,0,0,4,16,0.8660254037844387,-0.4999999999999998,0.9350162426854148,-0.3546048870425354,16.559999465942383,-0.273542779566469,20.74500036239624,1.0,391.2262699007988,0.5459806601671525,118.6500015258789,116.4000015258789,27.00714285714286,2.014285742857143,26.92693093652279,52.245598877931016,404.11625853325125,379.2543211800458,6.215484338301367,391.7869028936162,54.4255814253367,0.1766145376311994,0.1974580368441463,0.2012344818526152,0.8776553959773084,0.0420130890360025,0.0335967915482329,0.0392749517683272,1.069716866532599,2.2814066698169744,0.0969167553064505,0.0660199872796349,0.0952239026098403,0.6933131129586936
2018-04-23 00:00:00+00:00,117.0,117.0999984741211,113.0500030517578,114.5,59768,51.51515501808222,0.1551553927437833,116.86000061035156,118.51999954223632,116.71203428763774,119.97052542834751,113.7494757923556,-0.9240745437798524,-0.9032012608023684,-0.0208732829774839,0.0240700218818381,-0.0168067226890756,24.228571428571428,3.3000000714285718,3.106572377551021,25.839285714285715,9.485714385714289,3.481740626530612,0.0,0.0,0.0,0.0,3.399899959564209,3.447000026702881,3.360599994659424,3.4137001037597656,0,66.40452387559351,0.1093571725749069,3.424299955368042,3.3141000270843506,0.0038915508791641,0.1131088965098926,249.554,0.2261125904149175,2.3597114039729084,0,0,0,0,4,17,0.8660254037844387,-0.4999999999999998,0.8854560256532099,-0.4647231720437685,16.34000015258789,-0.013374017937096,19.57250022888184,1.0,399.4029121398926,0.1630424975014925,114.25,118.6500015258789,26.96428571428572,12.271428742857143,26.856760277023625,49.48689665262671,408.2519073694334,379.01603286389263,7.308968626385193,394.8333065921268,60.00330753074219,0.1852645520269781,0.1841899526023891,0.2022478930633513,0.9160270599638634,0.0346153454902845,0.0346052006629772,0.0388558158563969,0.8908662916653909,0.7601281209122657,0.1254034085269395,0.0789573695609495,0.0953416343374506,0.8281519593000629
2018-04-30 00:00:00+00:00,120.6500015258789,120.8000030517578,116.0,117.0,199,59.05045088120605,0.1721662392191027,117.08750038146972,118.18799942016602,117.59361818395163,120.81518792651303,113.3598128364264,0.1341211714929642,-0.4678368464228041,0.6019580179157684,0.0311965942382812,0.0211595426806017,25.90714285714285,1.5,3.235952204081632,24.535714285714285,3.828571514285714,3.1203961163265306,0.0,0.0,0.0,0.0,3.450700044631958,3.513499975204468,3.4296000003814697,3.4581000804901123,0,56.797379054275446,0.1102162794880413,3.4137001037597656,3.303499937057495,0.009122580189039,0.1062533040459028,249.554,0.2261125904149175,2.3597114039729084,0,0,0,0,4,18,0.8660254037844387,-0.4999999999999998,0.8229838658936565,-0.5680647467311557,15.93000030517578,-0.0254119556909045,17.65000009536743,1.0,417.219779987774,0.6861454284889825,117.0,114.25,25.460714285714285,1.1142857142857143,26.70701537435851,46.54119825660472,423.7703884654426,379.9310365783597,10.959837971770718,403.7878959503857,83.1840726787736,0.2230691737460181,0.1636122660084489,0.1943696544770444,1.147654261513443,0.039784525412776,0.0353678612341278,0.0375887396060273,1.05841577146787,0.0025314040387975,-0.0014903512728219,0.0803567896849342,0.0962417948228644,0.8349468282814629
2018-05-07 00:00:00+00:00,118.1999969482422,122.8499984741211,118.1999969482422,122.8499984741211,23,62.0779062246348,0.1916839911005733,117.9824996948242,118.4459994506836,118.85871241228168,123.3403522512659,112.62464713838251,0.7381168335427333,0.37338454834949,0.3647322851932433,-0.020306709876926,0.0063856962067909,26.77857142857143,0.2428571428571428,3.656976269387755,26.26428571428572,2.428571428571429,3.3738387836734693,0.0,0.0,1.0,1.0,3.504199981689453,3.5643999576568604,3.4862000942230225,3.525500059127808,0,69.4523743107941,0.1199653241268683,3.4581000804901123,3.341599941253662,-0.0046449110815468,0.1109617318380534,249.554,0.2261125904149175,2.3597114039729084,0,1,0,1,5,19,0.4999999999999999,-0.8660254037844387,0.7485107481711013,-0.663122658240795,14.75,-0.0769610602934275,15.894999980926512,0.0,416.7140962299346,-0.6906036985695976,120.6500015258789,117.0,25.307142857142853,0.0,26.67845217048285,43.69522233221548,432.0220507671991,380.2594783620009,12.940643101299536,408.9583760622053,74.63649008304381,0.1966629639414755,0.1603464035389431,0.1942761766848502,1.0122854854079313,0.0393401154478459,0.0370503200162589,0.0386067787221228,1.0189947610250965,0.0002963354259338,0.0388080140398121,0.0681162660510262,0.0999208123914453,0.681702416180854
2018-05-14 00:00:00+00:00,113.6500015258789,116.5500030517578,113.6500015258789,116.5500030517578,27,37.33681961443474,0.2084072838013914,117.5849998474121,117.9049996948242,117.46795899659418,123.31397269844378,111.85602699638044,-0.5668211042731031,0.0132654629434219,-0.580086567216525,-0.0384940401001504,-0.0311168067426933,24.785714285714285,0.3428571499999999,3.2427344428571425,26.99285714285714,0.2714285714285714,3.6262222653061222,0.0,0.0,0.0,0.0,3.5457000732421875,3.624799966812134,3.5434999465942383,3.60290002822876,0,73.37585398989438,0.1116424992768906,3.525500059127808,3.4110000133514404,-0.0003119141598038,0.1227589263225848,250.546,0.3975091563348965,2.462743943334811,0,1,0,2,5,20,0.4999999999999999,-0.8660254037844387,0.6631226582407952,-0.7485107481711012,12.93000030517578,-0.1316928663999146,14.987500190734863,0.0,409.46959370578776,-0.4287005723152765,118.1999969482422,120.6500015258789,27.860714285714288,0.0,26.69873636224893,40.89368725087439,427.34751466086607,394.0556763708285,8.322959572509399,409.1628631196384,77.03219529584457,0.1963288380692632,0.1671571007258781,0.191745309036523,1.0239042030114287,0.0255169510509732,0.0362540052875764,0.0379930901475562,0.67162066143251,0.0003622233267797,0.0530483095814636,0.0709754977925399,0.1029196800660014,0.68962020529817
2018-05-21 00:00:00+00:00,120.1999969482422,120.5999984741211,112.4499969482422,114.75,42487,43.93938868498882,0.2077116144117144,117.51999931335448,117.46199966430665,116.55391601588371,123.88167571472977,111.1583229119792,-0.7084409599768264,-0.6489567415741819,-0.0594842184026445,0.0576330429777585,0.0384448980409692,25.49285714285714,13.271429471428572,2.8137440836734693,25.46428571428572,8.5142863,3.018954113265305,0.0,0.0,0.0,0.0,3.619199991226196,3.7655999660491934,3.6191000938415527,3.7383999824523926,0,82.09162409581482,0.1129267620378613,3.60290002822876,3.382699966430664,0.0149323392937341,0.1196891162177961,250.546,0.3975091563348965,2.462743943334811,0,1,0,3,5,21,0.4999999999999999,-0.8660254037844387,0.5680647467311558,-0.8229838658936564,13.079999923706056,0.0115341238102681,14.172500133514404,0.0,449.3556664820863,1.0957247730385136,113.6500015258789,118.1999969482422,29.32857142857143,0.0,26.61909438496098,38.80469364114056,458.7888947228134,387.590673479978,17.79955531070886,425.2399844646176,88.15918100735364,0.311073753657664,0.2557972232380806,0.2361898564703029,1.3170495343701654,0.0678036749816912,0.0414121224767142,0.0390457138060891,1.7365198636967585,0.5754640505966577,0.4636275067188773,0.1047116889537032,0.1133155063462217,0.9240719393959204
2018-05-28 00:00:00+00:00,120.4000015258789,121.4499969482422,118.5999984741211,120.5500030517578,82866,56.214700589445975,0.2601573404538922,117.91249961853028,117.56099975585936,117.78556066886888,124.58757976203952,111.23741947502104,0.4113474452498735,-0.1847380750270604,0.596085520276934,0.0566038152731709,0.023809550068778,22.464285714285715,14.828572571428571,2.83093226122449,25.035714285714285,47.67143208571429,2.722626134693878,0.0,0.0,0.0,0.0,3.6756999492645264,3.7155001163482666,3.5999999046325684,3.626199960708618,0,58.99532131101335,0.1381050306295961,3.7383999824523926,3.4742000102996826,0.0116500713909538,0.1106451663784742,250.546,0.3975091563348965,2.462743943334811,0,1,0,4,5,22,0.4999999999999999,-0.8660254037844387,0.464723172043769,-0.8854560256532096,13.220000267028809,0.0106465144262085,13.49500012397766,0.0,436.59448080245966,0.7674979827604835,120.1999969482422,113.6500015258789,28.728571428571428,9.300000585714288,26.516940830170878,39.376741282725966,464.5605760704358,391.5063425396984,18.26355838268436,429.7817829997545,66.03933816965286,0.3623244397244191,0.2751754552296942,0.2344349995898871,1.5455218926484464,0.0236710833721088,0.039223270053079,0.037412646733863,0.6327025514518879,1.1726613920063325,0.7476899939810734,0.1829055013030777,0.1178353816188157,1.5522119355681911
2018-06-04 00:00:00+00:00,121.5,124.9499969482422,119.3499984741211,119.8000030517578,163284,72.62247597839848,0.2559724752626707,117.9625,117.88899993896484,119.3628261627428,124.83945371649872,111.0855462835013,1.2166978224059903,0.612667562773585,0.6040302596324053,0.0091361998353849,-0.0057282894085397,23.15714285714285,0.2571428571428571,2.771618779591837,22.38214285714286,1.1142857142857143,2.8170403163265303,0.0,0.0,4.0,4.0,3.730700016021729,3.766200065612793,3.674000024795532,3.761600017547608,0,66.1364811768579,0.1643662834122485,3.626199960708618,3.526599884033203,-0.0060211993373152,0.1410764582532386,250.546,0.3975091563348965,2.462743943334811,0,1,0,5,6,23,1.2246467991473532e-16,-1.0,0.3546048870425358,-0.9350162426854148,12.739999771118164,-0.0369842224439809,12.992500066757202,0.0,457.0344021320344,-0.9996290900664164,120.4000015258789,120.1999969482422,28.617857142857144,63.300003800000006,26.25017967062068,36.90819576218144,479.8614719660656,396.3655995951184,20.87396809273681,440.6828306526665,75.09614186012,0.3643400539615603,0.2855854073271456,0.2355957880174872,1.5464624455420757,0.0460905224207498,0.0404844694546738,0.0376517350543429,1.2241271248975885,2.2120122817317416,0.6876838584517777,0.1995882158564029,0.1252311094584904,1.593758937230927
2018-06-11 00:00:00+00:00,117.0999984741211,121.5500030517578,115.6500015258789,121.1500015258789,200817,40.77381993096304,0.2637239456150554,118.2599994659424,117.83999984741212,118.60677040997034,124.96110696160687,111.5588919702779,0.0944324799210107,0.4903738840393726,-0.3959414041183619,-0.0362140043282214,0.0068787222817807,24.47142857142857,6.614284857142858,2.58836966122449,24.95357142857143,2.1714282857142857,2.850211459183673,0.0,0.0,0.0,0.0,3.744999885559082,3.941999912261963,3.6742000579833984,3.704900026321411,0,52.34200089492988,0.1863046018247244,3.761600017547608,3.549499988555908,0.010583276508151,0.162951262134902,250.546,0.3975091563348965,2.462743943334811,0,1,0,6,6,24,1.2246467991473532e-16,-1.0,0.2393156642875576,-0.970941817426052,12.350000381469728,-0.031090538216187,12.847500085830688,0.0,433.8437874290085,0.6608184944802036,121.5,120.4000015258789,29.23928571428572,45.80000171428571,26.166527525972345,34.667113989506134,466.00609444264745,422.40807398014687,10.899505115625152,437.9472133632033,62.65826344107081,0.430531136423917,0.3170499659402515,0.2545284629215346,1.6914851665991808,0.0503843006213427,0.0426933064893731,0.0384165629190786,1.311525125561647,2.5681154786831124,0.6460248094227129,0.2235744165007048,0.1298790489853901,1.721404653277125
2018-06-18 00:00:00+00:00,114.4499969482422,117.9499969482422,114.3000030517578,117.0500030517578,120598,32.208582926822444,0.2633388605315018,118.83249893188476,117.7229995727539,117.45132684901886,124.03465342904828,113.63034443472124,-0.7240550817201807,-0.134387101887641,-0.5896679798325397,-0.022630243897608,0.0052700788947088,23.885714285714283,3.999999892857143,2.502882293877551,24.353571428571428,14.385712592857145,2.456325046938776,0.0,0.0,0.0,0.0,3.708699941635132,3.804500102996826,3.670399904251098,3.7286999225616455,0,49.53804181313328,0.2603615096755936,3.704900026321411,3.695100069046021,-0.0514997729406502,0.2561346920611033,251.588,0.4158916925434797,2.801011714807556,0,1,0,7,6,25,1.2246467991473532e-16,-1.0,0.120536680255323,-0.992708874098054,12.3100004196167,-0.0032441196783958,12.65500020980835,0.0,426.74969475809127,-5.5658689866085,117.0999984741211,121.5,31.88928571428572,4.885714285714286,26.04956261646261,33.358636480044915,464.5528396739354,412.5583428868614,12.998624196768509,433.4682059211585,32.19604494039778,0.4297316126281597,0.3152297935514733,0.2568978970721742,1.6727719486925547,0.0318916032661411,0.0439682369324067,0.0378702872981565,0.8421270901322856,1.5423750924031596,0.6939369783452809,0.218472316100429,0.124850811776649,1.7498668650436555
2018-06-25 00:00:00+00:00,114.1500015258789,114.8000030517578,112.0,114.3000030517578,31658,27.91669978033707,0.1728242562425092,117.18249893188477,117.29799942016602,115.9663708787012,123.6279200416709,110.73707782209864,-1.2806028380971668,-0.8470399440400325,-0.4335628940571343,-0.0026211920520973,-0.0530900154613108,23.414285714285715,3.7857144,2.2021858020408165,21.882142857142856,8.72857157857143,2.38670532755102,0.0,0.0,0.0,0.0,3.742700099945069,3.8004000186920166,3.706799983978272,3.78629994392395,0,53.5161502003934,0.2631951227811344,3.7286999225616455,3.648099899291992,-0.0199934919407816,0.2726271156874356,251.588,0.4158916925434797,2.801011714807556,0,1,0,8,6,26,1.2246467991473532e-16,-1.0,-3.216245299353273e-16,-1.0,17.329999923706055,0.3420271250412673,13.68250012397766,1.0,432.2061443763541,-2.41524088662164,114.4499969482422,117.0999984741211,28.875,7.771428371428572,25.78069682553876,31.769600034788564,464.25521942394414,410.6617949237999,13.39835612503605,432.9633813032368,46.094471166100575,0.2737738373475767,0.3074264056922887,0.2533873622896325,1.0804557262413284,0.0245291547466428,0.035313332885397,0.0367177814282091,0.6680454840156274,0.4336828175546561,0.6836910912486841,0.1889640820084197,0.1238271988338182,1.5260303756181577
2018-07-02 00:00:00+00:00,107.8000030517578,115.8000030517578,107.6500015258789,114.5500030517578,213,15.770636958525005,0.1625982679787083,114.78499946594238,117.05499954223632,114.3142591757164,120.03176072997712,109.53823820190765,-1.843681275475987,-1.2664003857271773,-0.5772808897488098,-0.0556285448027917,-0.1217922358308937,24.185714285714287,0.0,2.7904452816326533,23.978571428571428,3.5142858428571437,2.408811309183674,0.0,0.0,7.0,7.0,3.748600006103516,3.9179000854492174,3.744999885559082,3.875600099563599,0,73.73361467690718,0.2447661838369957,3.78629994392395,3.721999883651733,0.005614852208302,0.2613230472125207,251.588,0.4158916925434797,2.801011714807556,0,1,0,9,7,27,-0.4999999999999997,-0.8660254037844388,-0.1205366802553228,-0.992708874098054,15.600000381469728,-0.1051681606164155,14.397500276565554,1.0,417.7897025603488,0.1455935282867203,114.1500015258789,114.4499969482422,26.38928571428572,48.05714191428572,25.664430670895705,29.946676538534923,442.1229412355043,413.171723326397,7.237804477276821,426.8939098060816,10.87861011673786,0.2793212637283233,0.3213278421368782,0.2554586509631602,1.0934108190937568,0.0756029804745538,0.045699712305886,0.0383150626656345,1.9731916244638497,0.0033420834202845,0.6973596578833043,0.1400667949094224,0.1238712493294947,1.1307449013402535
2018-07-09 00:00:00+00:00,112.1999969482422,112.1999969482422,106.1999969482422,109.75,19,44.24552070357503,0.2110535412400978,113.15749969482422,116.4179995727539,112.8033604251964,119.1344072861328,107.18059210351564,-2.0164601532712254,-1.803795552093247,-0.2126646011779784,0.0062779995358044,-0.0302506490260817,24.72142857142857,0.0,3.007174108163265,23.77857142857143,0.0,2.8979613948979592,0.0,0.0,7.0,14.0,3.912899971008301,3.950599908828736,3.837599992752075,3.865900039672852,0,68.87416222686383,0.222408628061644,3.875600099563599,3.900700092315674,0.0041628916018428,0.2457875114072331,251.588,0.4158916925434797,2.801011714807556,0,1,0,10,7,28,-0.4999999999999997,-0.8660254037844388,-0.2393156642875574,-0.970941817426052,12.6899995803833,-0.2064566900491048,14.482500076293944,0.0,433.7539726535034,0.0003974676408002,107.8000030517578,114.1500015258789,26.00357142857143,33.71428711428571,25.54276233268124,28.014632890887512,442.0494143747842,413.2003427993647,7.212267893854888,429.6379349450504,49.89539698154392,0.2588813789719766,0.3172841911957537,0.24646208486645,1.0503902399768863,0.0534759372833833,0.0471767952784127,0.0385513859610154,1.3871336160553085,0.0003111759667336,0.7111971311433156,0.108572505714846,0.1164730199913065,0.932168637863631
2018-07-16 00:00:00+00:00,107.4499969482422,111.9499969482422,107.0500030517578,111.8000030517578,15,34.56218297982015,0.2534951029461331,111.28999977111816,115.15699951171877,111.16922938149,116.96270436012384,105.61729518211249,-2.172554364634891,-1.9551240828873435,-0.2174302817475477,-0.0423351170160117,-0.071305101275764,23.985714285714288,5.985714285714286,3.0444444530612245,24.275,1.7142857142857142,3.0374343346938777,0.0,0.0,0.0,0.0,3.869400024414064,3.8984999656677246,3.811800003051758,3.849400043487549,0,58.97560112970857,0.1529099095593424,3.865900039672852,3.803999900817871,-0.0167756166858525,0.1497804512388507,251.989,0.1593875701543901,2.87154783531669,0,1,0,11,7,29,-0.4999999999999997,-0.8660254037844388,-0.3546048870425356,-0.9350162426854148,12.829999923706056,0.0109719240214439,14.612499952316284,0.0,413.6180229253005,-1.83694923873964,112.1999969482422,107.8000030517578,26.935714285714283,45.69999885714285,25.46097121444374,26.31783629884869,444.618919047483,404.0650022102704,10.138479209303169,423.2299701371505,38.269660611843406,0.2496433555355866,0.3384618596678083,0.2591943169404244,0.9631513099936284,0.0456025503550706,0.0462204452251583,0.0389435454075001,1.1709909349028786,0.0002459728101655,0.7014129253588846,0.0846505057316612,0.1180524472072938,0.7170583970397117
2018-07-23 00:00:00+00:00,111.6500015258789,113.0,104.5999984741211,106.5500030517578,60415,58.037583807954384,0.2890514692263284,109.75,114.17399948120118,109.89639587703216,116.01981202745576,103.48018797254424,-1.774317956156736,-2.131166427291468,0.3568484711347319,0.0390879915953819,-0.0084369179495195,24.2,0.0142857142857142,3.10901386122449,24.471428571428568,10.285714285714285,3.005631174489796,0.0,0.0,6.0,6.0,3.830899953842163,3.8898000717163086,3.760400056838989,3.7708001136779785,0,31.986775505852563,0.1368369648758659,3.849400043487549,3.7651000022888175,-0.0080982751412147,0.1337017418340313,251.989,0.1593875701543901,2.87154783531669,0,1,0,12,7,30,-0.4999999999999997,-0.8660254037844388,-0.464723172043768,-0.8854560256532101,12.619999885559082,-0.0165033246361693,13.43499994277954,0.0,421.00983844593065,-0.96921508427586,107.4499969482422,112.1999969482422,27.553571428571427,78.68570975714286,25.39712975360405,25.283505846388405,438.9127668032724,404.1730014892692,8.684941328500804,422.3419174606626,40.33275741315355,0.2613740526700737,0.3379023562681028,0.2596632850953656,1.0065883688877928,0.075235122356285,0.0548891490431871,0.0409016121241181,1.8394165915469056,0.9440028125547852,0.3642772066652427,0.1250755112150345,0.1270375726804873,0.9845551889129718
2018-07-30 00:00:00+00:00,111.4000015258789,113.4000015258789,108.6999969482422,111.75,113166,48.5714398952097,0.3251299803868558,109.0724994659424,113.86299942016602,110.20537751895296,113.8718931114728,104.27310582041198,-0.7585333854458725,-1.3968060700767595,0.638272684630887,-0.0022391401395731,-0.006687472044545,24.15714285714285,0.0,3.2309415163265305,24.807142857142857,0.0,3.2012052704081637,0.0,0.0,7.0,13.0,3.753499984741211,3.785399913787842,3.668800115585327,3.7111001014709473,0,32.81853222616742,0.1495678177935257,3.7708001136779785,3.859499931335449,-0.0151858793536259,0.1458471883578402,251.989,0.1593875701543901,2.87154783531669,0,1,0,13,7,31,-0.4999999999999997,-0.8660254037844388,-0.5680647467311556,-0.8229838658936566,14.260000228881836,0.1221755829919207,13.099999904632568,0.0,413.4165569665529,-1.67797550551698,111.6500015258789,107.4499969482422,25.475,276.2142674571429,25.359066082864626,23.65231192081496,439.5442510468403,401.35494444880334,9.547326649509255,418.7717732630188,45.71976267751466,0.256641204446955,0.2502058244000383,0.2616188823444858,0.980973515127583,0.0421903457204609,0.0584213872379507,0.0421859085370737,1.0001049445772592,1.6246282653962012,0.2637719989843292,0.1232120985037546,0.132331375556543,0.9310874966325212
2018-08-06 00:00:00+00:00,108.75,111.8000030517578,106.0,111.4000015258789,150782,58.047496271865526,0.2866889213827561,108.8349994659424,112.7879995727539,109.4103903097569,113.263270466224,104.4067284656608,-0.9564429244153274,-1.0755841474815842,0.1191412230662567,-0.0237881641793631,-0.0224719101123596,22.692857142857143,15.18571454285714,2.8185057367346937,24.842857142857135,7.314285914285714,3.131510963265306,0.0,0.0,0.0,0.0,3.724400043487549,3.7792000770568848,3.6907999515533447,3.7023000717163086,0,30.878312000797308,0.1522348335170146,3.7111001014709473,3.931299924850464,-0.0089062978888561,0.1563115268543963,251.989,0.1593875701543901,2.87154783531669,0,1,0,14,8,32,-0.8660254037844385,-0.5000000000000004,-0.663122658240795,-0.7485107481711013,11.270000457763672,-0.2353140623671906,12.74500012397766,0.0,402.62513279914856,-1.0500173590400002,111.4000015258789,111.6500015258789,25.75714285714286,115.04284898571429,25.3257622802835,22.59824572684533,427.80710728244185,397.5276682860245,7.569859749104355,412.3131170774708,16.099798979314116,0.2481539814358483,0.2491456152804023,0.2658238769642465,0.9335277738573782,0.053333361395474,0.0539674634221347,0.0433739116110192,1.229618153363483,1.9777386030354327,0.2625242546996961,0.0616067110858416,0.1330953382852723,0.4628765158177866
2018-08-13 00:00:00+00:00,106.25,110.25,104.3499984741211,108.5500030517578,207939,32.19699772043138,0.2461440496709211,108.50750007629397,111.39599960327148,108.63139650005856,112.82420992976942,104.19079022281848,-1.0759950600074433,-1.0061244961154887,-0.0698705638919545,-0.0229885057471264,-0.0074731716856748,23.81428571428572,19.00000017857143,2.813281946938776,22.97142857142857,46.45714398571428,2.6478728418367345,0.0,0.0,0.0,0.0,3.734800100326538,3.913000106811523,3.703500032424927,3.865400075912476,0,59.58071409529874,0.1432349421825805,3.7023000717163086,3.88070011138916,-0.0123748075260999,0.1472000850058798,252.006,0.0067463262285238,2.9495150866471143,0,1,0,15,8,33,-0.8660254037844385,-0.5000000000000004,-0.7485107481711011,-0.6631226582407952,14.779999732971191,0.271130528783575,13.232500076293944,0.0,410.6987580657006,-1.244227078838514,108.75,111.4000015258789,27.392857142857142,61.585714671428576,25.17386978293802,24.13752948548204,427.1142905309737,396.7608526076926,7.588359480820277,411.66737347276273,45.68795829983349,0.2102910191388396,0.2223600453703272,0.2672155567997936,0.7869714390419341,0.0555294261259191,0.0543781611906419,0.0443518217894641,1.2520210301462742,2.5387269433059845,0.3235256370256177,0.1825265562586801,0.1458562131632599,1.2514142509666817
2018-08-20 00:00:00+00:00,97.25,106.9499969482422,96.9499969482422,106.1500015258789,113535,13.544693045735317,0.2187894443158321,106.99500007629396,109.70499969482422,105.6986250417736,114.53799340425914,99.45200674832876,-2.5749998543885653,-1.675809542498576,-0.8991903118899893,-0.0847058823529411,-0.1211025878092274,23.642857142857142,1.585714357142857,3.308346597959184,22.77142857142857,16.014285314285715,3.1485617908163266,0.0,0.0,0.0,0.0,3.882200002670288,3.953900098800659,3.860300064086914,3.9098000526428223,0,78.29336548878044,0.1477165159551423,3.865400075912476,3.828500032424927,0.0171694211931146,0.1487325730774396,252.006,0.0067463262285238,2.9495150866471143,0,1,0,16,8,34,-0.8660254037844385,-0.5000000000000004,-0.8229838658936564,-0.5680647467311559,12.489999771118164,-0.1683465916408746,13.200000047683716,0.0,380.22805511951447,1.7101957930829363,106.25,108.75,27.29642857142857,17.628570928571428,25.018873575743864,23.613449216372604,431.8563204684736,371.6279310069846,15.057097365372249,399.09164613146345,14.181911617321203,0.2853742829075613,0.2542838125723951,0.2949665855558471,0.9674800035230784,0.1028277634961439,0.0658232038188566,0.0479468188874117,2.1446207368083305,1.3475052726401482,0.3079121665990585,0.1847800387686944,0.1446399969572705,1.277516799506806
2018-08-27 00:00:00+00:00,101.8499984741211,102.1999969482422,95.4499969482422,97.5,28898,31.538442577828704,0.222184433477068,104.025,107.94999984741212,103.0754800187949,112.99638878943044,95.05361121056958,-2.869300655895969,-2.6172639452896367,-0.2520367106063328,0.0473007555179547,-0.0778632748912717,25.335714285714285,1.6714286142857142,3.421493748979592,22.717857142857145,3.900000171428571,3.125757594897959,0.0,0.0,0.0,0.0,3.966399908065796,4.115099906921387,3.932499885559082,4.102799892425537,0,91.31700939658786,0.1402290637377866,3.9098000526428223,3.74429988861084,0.0015102053388475,0.1377303943749947,252.006,0.0067463262285238,2.9495150866471143,0,1,0,17,8,35,-0.8660254037844385,-0.5000000000000004,-0.8854560256532096,-0.4647231720437691,12.15999984741211,-0.0267764418226045,12.674999952316284,0.0,417.87016278316514,0.1442742076562261,97.25,106.25,28.11428571428571,33.45714094285714,24.8704209026544,22.341613794118157,435.4951988904125,370.2158554933519,16.319835849265143,406.6030527921442,52.56019509698783,0.4598707956737443,0.3526693269954948,0.3271352995672319,1.4057510217472655,0.0662739332462051,0.0640309659968406,0.0497855893150027,1.331186812212055,0.3730482995436138,0.1422539710108405,0.2022606576896512,0.157440533813002,1.284679618039707
2018-09-03 00:00:00+00:00,98.0999984741211,102.25,98.0999984741211,101.6999969482422,70,30.64130829923063,0.2564299590864565,102.15249977111816,106.75299987792968,101.63128879047858,110.77300768379584,93.53199185844048,-2.70247719579865,-2.695093952634964,-0.0073832431636868,-0.0243660318575581,-0.0805998005631881,26.457142857142856,1.0714285714285714,3.474694393877551,24.142857142857142,2.457142857142857,3.599285233673469,0.0,0.0,1.0,0.0,4.076600074768066,4.207600116729736,4.030600070953369,4.053699970245361,0,65.71479695376091,0.1474568815778458,4.102799892425537,3.7483999729156494,-0.0023128217929308,0.1316187435625755,252.006,0.0067463262285238,2.9495150866471143,1,1,1,18,9,36,-1.0,-1.8369701987210292e-16,-0.9350162426854148,-0.3546048870425359,12.859999656677246,0.0559698281228501,13.072499752044678,0.0,397.6679608956146,-0.2380285055216038,101.8499984741211,97.25,24.075,110.9714246,24.823481305248123,21.05874470141007,434.676290691501,368.5561777404964,16.53002823775115,403.0290160335324,47.428549661800254,0.4850985293976971,0.3658938432237922,0.3358008272118288,1.4446019057769317,0.0423037878738976,0.064053654427528,0.0498001242568975,0.8494713619780745,0.0010168661782317,0.1802916050238309,0.1942245738047664,0.160810991367773,1.207781632803697
2018-09-10 00:00:00+00:00,97.5,100.0999984741211,95.5999984741211,96.3499984741211,5,50.65616839946814,0.2678311846909865,99.74249954223632,105.20999969482422,100.35115801629924,105.04754024408416,94.43745884038852,-2.263974228150844,-2.480790948066282,0.2168167199154389,-0.0061161924918824,-0.0942870541756458,24.97142857142857,0.0857142857142856,4.242470397959184,28.292857142857144,0.8857142857142857,3.8047087102040815,0.0,0.0,1.0,1.0,4.155799865722656,4.184800148010254,4.043799877166748,4.043799877166748,0,56.08571428571429,0.1902475797386547,4.053699970245361,3.799599885940552,-0.0231409154241878,0.1667510586660452,252.006,0.0067463262285238,2.9495150866471143,1,0,2,0,9,37,-1.0,-1.8369701987210292e-16,-0.970941817426052,-0.2393156642875577,14.15999984741211,0.0962993853770679,12.917499780654907,0.0,394.27048802375793,-2.320837868647304,98.0999984741211,101.8499984741211,24.160714285714285,219.8857068,25.047312004448703,19.75725886813937,428.5729984957741,366.445334915252,15.53191589513051,399.5256048296226,41.04360220105216,0.47954317896284,0.3601697164039556,0.3343745209001134,1.4341498369267018,0.0461538461538461,0.0626177513792024,0.0503770492900755,0.9161679304877284,7.592922181657991e-05,0.1652971857223505,0.1943200749516681,0.1606857929362171,1.2093170112159934
2018-09-17 00:00:00+00:00,93.4499969482422,97.8499984741211,93.4499969482422,97.3000030517578,35,27.54010837001489,0.2839368150959433,97.87999916076662,103.89299942016602,98.52220023522162,101.61016198063012,94.14983634090312,-2.44935864866693,-2.368033539575557,-0.0813251090913729,-0.0415384928385414,-0.0811209463870352,26.12142857142857,9.428571457142857,4.210850069387755,27.053571428571427,4.8857143,4.230778480612245,0.0,0.0,2.0,0.0,4.084799766540527,4.206799983978272,4.082200050354004,4.171999931335449,0,57.51073091496447,0.2048454863788488,4.043799877166748,3.903899908065796,-0.003332936557669,0.1992165106897035,252.146,0.0555542328357194,2.699180104187437,1,0,3,0,9,38,-1.0,-1.8369701987210292e-16,-0.992708874098054,-0.1205366802553235,13.68000030517578,-0.0344861429870175,13.214999914169312,0.0,389.8733808513644,-0.3888478886026194,97.5,98.0999984741211,27.660714285714285,37.628570942857145,25.176748096327596,18.79780437987232,424.6896069897452,375.151389287206,12.3845544256348,395.6647152383194,57.34726454948922,0.4696540539879807,0.3430619595769004,0.3260855994651591,1.4402783819816538,0.0470840200060772,0.060928670155234,0.0507420240197406,0.92790959045433,0.0005315707459911,0.2096065143568449,0.1770709846014103,0.1647279198426203,1.0749299452168342
2018-09-24 00:00:00+00:00,98.5,100.75,92.0,92.0,110965,51.51515058103584,0.3112401310546733,97.75499916076662,102.6479995727539,98.18975888159278,102.33239300248306,93.17760531905016,-1.3978344023652056,-2.037885337906098,0.6400509355408923,0.05403962778677,0.0133745174133084,26.86428571428572,26.5285715,3.2207314244897955,25.725,34.57142867142857,3.940841189795918,1.0,0.0,0.0,0.0,4.132599830627441,4.170000076293945,4.024400234222412,4.050000190734863,0,39.07880339450991,0.2002816971595888,4.171999931335449,4.112299919128418,-0.0078787546011851,0.2092956436062195,252.146,0.0555542328357194,2.699180104187437,1,0,4,0,9,39,-1.0,-1.8369701987210292e-16,-1.0,-1.8369701987210292e-16,12.199999809265137,-0.1144989983973696,13.224999904632568,0.0,398.925018787384,-0.8434296929542293,93.4499969482422,97.5,29.23928571428572,29.957144057142862,25.212119186887104,19.81545755997272,403.2837975602741,387.0846267187864,4.049792710371919,396.9688366579453,24.43191361011792,0.3888673305208013,0.336892476905292,0.3288432774465757,1.18253084482978,0.0888324873096446,0.0581296149179341,0.0532166426128305,1.6692610855465018,1.5543558804699342,0.2642936891829307,0.2302832192315049,0.1752534427240639,1.3140010405049491
2018-10-01 00:00:00+00:00,102.1999969482422,103.4499969482422,96.5500030517578,97.8000030517578,110875,62.605040400523926,0.3125029831350013,97.8549991607666,101.95099960327148,98.9247716669946,102.93518803887986,92.77481028265336,-0.1968440809964704,-1.1495119154000253,0.9526678344035548,0.0375634207943371,0.0328448721600262,28.35,7.000000014285715,4.399953875510205,28.310714285714287,39.84285722857143,3.3998208306122453,2.0,0.0,0.0,0.0,4.087800025939941,4.139500141143799,3.9697999954223633,4.052700042724609,0,46.74024373011349,0.1909433094816787,4.050000190734863,4.148600101470947,-0.0063992395569745,0.1966627860506757,252.146,0.0555542328357194,2.699180104187437,1,0,5,0,10,40,-0.8660254037844386,0.5000000000000001,-0.992708874098054,0.1205366802553232,12.0,-0.0165292863172052,13.009999990463257,0.0,414.1859319985961,-0.6954781885331693,98.5,93.4499969482422,28.075,53.19999797142857,25.41202854810176,21.10754786117264,420.476186507952,378.1512233225992,10.581240796338207,403.8556747942056,75.72321239862698,0.2438852676011593,0.3470277694218248,0.3337601533525334,0.7307201229511506,0.0675146193984605,0.0583777521483852,0.0553165260302049,1.2205142303486791,1.441205946542283,0.1794050779968199,0.160279294795035,0.1736739521536054,0.9228746370931324
2018-10-08 00:00:00+00:00,111.8499984741211,112.9499969482422,101.0999984741211,102.0500030517578,180528,85.3832280132765,0.3578956939317126,100.34999885559084,101.71899948120117,102.74347067294528,111.26695783612274,89.43303987505891,2.3297154189736204,0.6836927274236576,1.646022691549963,0.094422718336929,0.1320849698306878,27.75714285714286,22.02857151428572,3.713131581632653,27.325,21.50000002857143,4.307031698979593,1.0,0.0,0.0,0.0,4.016499996185303,4.017199993133545,3.662499904632568,3.8357999324798575,0,21.1151898634147,0.159752434260729,4.052700042724609,4.057300090789795,0.0100934451860968,0.1770116552265614,252.146,0.0555542328357194,2.699180104187437,1,0,6,0,10,41,-0.8660254037844386,0.5000000000000001,-0.970941817426052,0.2393156642875573,15.6899995803833,0.2681168902127276,13.392499923706056,1.0,429.0342165949058,0.9537902857739609,102.1999969482422,98.5,26.175000000000004,116.67141631428572,25.535446061127452,21.132867355843533,442.4842647090356,373.5250094070896,17.239813825486486,413.92709151448577,89.90515419683669,0.1700105836117736,0.3536126438968586,0.3014455316279912,0.5639844022691861,0.1059454504763615,0.071106084668878,0.0572236148049384,1.851428511170063,2.153394529556016,0.1378129841191599,0.2357815448907989,0.1910924221580911,1.2338612378732845
2018-10-22 00:00:00+00:00,117.6500015258789,125.5,116.8000030517578,119.8000030517578,172532,67.92115087390769,0.3214890348573692,110.83250007629394,103.55399963378906,112.6390439494968,127.2755863432014,94.38941380938648,5.330547505853332,4.435761473148883,0.8947860327044488,-0.0142437953077209,0.1776776749638176,26.52857142857143,27.600001,3.6106621979591833,29.185714285714287,58.05714518285716,3.4596555887755103,0.0,0.0,0.0,0.0,3.7344000339508057,3.737799882888794,3.669800043106079,3.710900068283081,0,19.88964037953337,0.1478446638263826,3.781599998474121,4.076000213623047,2.641704680213624e-05,0.1477903458945084,252.439,0.1162025175890146,2.2769721941990007,1,0,8,0,10,43,-0.8660254037844386,0.5000000000000001,-0.8854560256532101,0.464723172043768,19.63999938964844,-0.081138765047269,17.15749955177307,1.0,436.5873986958886,-0.1135608129088009,119.3499984741211,111.8499984741211,27.32142857142857,32.78571544285714,25.807822351993067,25.91431415713556,463.7372872453112,401.8334634231955,15.475955955528915,431.9688613949998,78.0411769501614,0.236057711985439,0.3722475123435116,0.3048309292098286,0.7743889534223103,0.0739481243978437,0.0839217803473829,0.0616013517429179,1.2004300279343303,1.9378508895330044,0.1145315928544988,0.1496228746847986,0.1785814412916876,0.8378410725333998
2018-10-29 00:00:00+00:00,114.25,124.3499984741211,113.9499969482422,117.6500015258789,166983,51.69752922895281,0.3531868781710792,115.71250038146972,105.14999969482422,115.13692974523012,126.57493720836878,104.85006355457068,4.187606519334295,4.693848374073123,-0.5062418547388274,-0.0288992901128949,0.1151781688946185,25.535714285714285,28.299998714285717,3.5520537285714284,25.03571428571428,52.54285851428571,3.4476008602040813,0.0,0.0,0.0,0.0,3.684499979019165,3.732899904251098,3.586100101470948,3.6415998935699454,0,34.41379779054698,0.1477728774615185,3.710900068283081,4.01200008392334,-0.0025298460217152,0.1507900678530744,252.439,0.1162025175890146,2.2769721941990007,1,0,9,0,10,44,-0.8660254037844386,0.5000000000000001,-0.822983865893657,0.5680647467311548,24.700000762939453,0.229235002672812,20.33249974250793,1.0,416.0527878403663,-0.3691871197605346,117.6500015258789,119.3499984741211,26.982142857142858,96.88571674285714,25.75800892836218,27.632284760822667,462.7294148715566,403.7747637178351,14.738662788430378,425.60243197314645,51.28874552284395,0.3282534569524621,0.3392896936306894,0.3031488574322128,1.0828127438934372,0.0910284597451106,0.0843609748344761,0.0636335596991063,1.4305100307202956,1.911852344175108,0.1039536203594441,0.1478023318367381,0.1794913841997631,0.8234507982719383
2018-11-05 00:00:00+00:00,117.0999984741211,121.3000030517578,111.3499984741211,114.6999969482422,189558,49.201737154601,0.3754539828523195,117.61500091552736,106.96399978637696,115.60829437762284,124.83697796624868,110.39302386480604,2.666037448001944,3.4652958125040128,-0.7992583645020686,0.0249452820491999,0.0748049725026667,27.314285714285717,34.014284385714284,3.611641440816327,25.37142857142857,74.31428034285713,3.482110073469387,0.0,0.0,0.0,0.0,3.71560001373291,3.742199897766113,3.64709997177124,3.700000047683716,0,45.87088931519614,0.1671617714142747,3.6415998935699454,3.8738999366760254,-0.0172331586513382,0.1497294134662011,252.439,0.1162025175890146,2.2769721941990007,1,0,10,0,11,45,-0.5000000000000004,0.8660254037844384,-0.7485107481711011,0.6631226582407952,19.959999084472656,-0.2130730495069545,21.39999961853028,1.0,433.2699999380111,-1.8395183827228347,114.25,117.6500015258789,28.50357142857143,74.48571562857143,25.73306826017292,30.644026411276503,463.2801899431407,405.3418803178037,14.48457740633423,428.6694591590924,52.8314773040749,0.3318470488301935,0.2775924475058381,0.3096186865691057,1.0717926679086274,0.0849701512151226,0.0878520811978085,0.0662874870965554,1.2818428050067097,2.087897260624549,0.1764917950132654,0.1815256801215134,0.1811909355101864,1.0018474135690638
2018-11-12 00:00:00+00:00,110.1500015258789,118.1500015258789,109.6500015258789,116.5,176309,34.28982061621852,0.4101861518426844,117.39750061035156,108.41799987792967,114.86707292570212,124.82111093856248,109.97389028214064,0.9148301874785004,2.166832362160999,-1.2520021746824983,-0.0593509567788604,-0.0549120665662854,23.557142857142857,78.65714245714285,2.947735125510204,27.439285714285717,84.68571295714285,3.7355567867346937,0.0,0.0,0.0,0.0,3.7246999740600586,3.78410005569458,3.700200080871582,3.729399919509888,0,55.36810824529647,0.1517866104184155,3.700000047683716,3.7815001010894775,0.0013793323984191,0.1644295636937975,252.439,0.1162025175890146,2.2769721941990007,1,0,11,0,11,46,-0.5000000000000004,0.8660254037844384,-0.6631226582407955,0.7485107481711007,20.450000762939453,0.0242526947811493,21.1875,1.0,410.79340682462686,0.0217307222528953,117.0999984741211,114.25,27.557142857142857,63.842860114285706,25.843146805599552,34.13058683359046,449.5221413943197,398.82965525512674,12.67312153479825,421.5190382253062,22.96394619691148,0.3622900863160661,0.2818039309137331,0.3207282671859021,1.1295857337395725,0.0771674977962028,0.0820964906617768,0.0689194042490334,1.119677214860907,1.7986768209013535,0.1770695231131178,0.1180266555456077,0.179819998183969,0.6563599720497056
2018-11-19 00:00:00+00:00,112.3499984741211,113.6999969482422,107.5500030517578,110.1500015258789,66122,49.92678910929356,0.4030161602166445,115.14000015258787,109.71299987792968,113.53840774006484,122.8400078960856,107.43999240909018,-0.2089084755516808,0.6860496859247059,-0.8949581614763867,0.0199727364300155,-0.0798525808504944,27.107142857142858,44.04285822857143,3.8867973102040816,24.978571428571428,153.67142935714287,2.7274970918367347,0.0,0.0,0.0,0.0,3.7660999298095694,3.8162999153137207,3.7181999683380127,3.742500066757202,0,53.738451287433634,0.1486414678232534,3.729399919509888,3.7202999591827393,-0.0079588531532319,0.1515566660368572,252.885,0.1766763455725906,2.5224699286070296,1,0,12,0,11,47,-0.5000000000000004,0.8660254037844384,-0.5680647467311559,0.8229838658936564,20.100000381469727,-0.0172630857527394,21.30250024795532,1.0,420.46987678956975,-0.9725616608957806,110.1500015258789,117.0999984741211,27.90357142857143,27.3714292,25.787367749017097,41.84289925446481,439.3496305945264,400.9434051017606,9.601556373191451,421.09937365101166,38.47182019647567,0.3111030475495292,0.2834393420603148,0.3186662070403923,0.9762661710390704,0.054739599288032,0.0763707664884624,0.0678762351897073,0.8064618061155323,0.652625251747052,0.1474410025365464,0.1150393110265741,0.1753450844429972,0.6560737350081509
2018-11-26 00:00:00+00:00,107.0,112.8000030517578,106.1999969482422,112.25,8347,32.525955119627056,0.3826396011313721,112.78750038146973,110.6970001220703,111.90901901916602,119.69340015958475,105.8816006033547,-1.2196234974258289,-0.2214454290638156,-0.9981780683620132,-0.0497335572824909,-0.1167973697702043,23.67142857142857,93.7571433142857,2.934029263265306,26.325,70.95714577142857,4.170492693877551,0.0,0.0,0.0,0.0,3.754499912261963,3.892199993133545,3.747299909591675,3.871399998664856,0,69.1544758696102,0.1446959695177281,3.742500066757202,3.704900026321411,-0.0106048453004038,0.1500082110841288,252.885,0.1766763455725906,2.5224699286070296,1,0,13,0,11,48,-0.5000000000000004,0.8660254037844384,-0.4647231720437684,0.88545602565321,18.89999961853028,-0.0615579321616099,19.852499961853027,1.0,414.2397998571396,-1.2371608756129706,112.3499984741211,110.1500015258789,26.982142857142858,33.085716,25.822053700693417,43.721237739430215,439.4881730598771,399.8983686447965,9.897451103770146,418.3555441334629,48.36962544797204,0.3020000455687449,0.2848976913733534,0.3130896337761801,0.9645801180975412,0.061682300032856,0.0739176016154648,0.0682865533271809,0.9032860496627728,0.0820478240419604,0.1503014726338633,0.1383104073219452,0.1844824610350031,0.749721133644739
2018-12-03 00:00:00+00:00,103.5,110.4000015258789,103.25,107.5,389,36.88362539219153,0.3619754797888063,110.67000007629396,111.75800018310548,109.81491739424804,118.21393401000644,103.12606614258144,-2.0518234565726203,-1.1441572107238251,-0.9076662458487952,-0.0327102803738317,-0.1213922129142458,25.935714285714287,37.42857184857142,4.0692751836734695,23.610714285714288,198.89999925714284,2.7850886908163264,0.0,0.0,0.0,0.0,3.939399957656861,3.940000057220459,3.816200017929077,3.86520004272461,0,62.42455714708037,0.1454470512194099,3.871399998664856,3.6949000358581534,0.0177996460665677,0.1379667685394982,252.885,0.1766763455725906,2.5224699286070296,1,0,14,0,12,49,-2.4492935982947064e-16,1.0,-0.3546048870425359,0.9350162426854148,16.440000534057617,-0.1394444797687234,18.972500324249268,1.0,400.0482044219971,1.6032882610841797,107.0,112.3499984741211,26.714285714285715,9.699999982857143,25.679386641662504,53.73277074057297,428.4975756483291,394.27806829833753,8.554876837497876,411.0326082488766,18.40517100632896,0.282854423200403,0.2954035421566564,0.3087145581938116,0.9162328323385972,0.069082140346656,0.0695283377357739,0.0694605328267602,0.9945522671619788,0.0038230187991294,0.362269499645322,0.0998601018439443,0.1843602995657403,0.5416572692851528
2018-12-10 00:00:00+00:00,100.4499969482422,102.6999969482422,98.8000030517578,102.0500030517578,126,22.573342982313303,0.3311005127321876,107.63000030517578,111.94100021362304,106.7010900212354,116.80762695969858,98.452373650653,-3.294877664308487,-2.232788070158816,-1.062089594149671,-0.0271186736247728,-0.131055378251328,26.514285714285712,32.071430991428564,4.284215512244898,24.432142857142857,68.85714798999999,4.343644855102041,0.0,0.0,0.0,0.0,3.840800046920776,3.9407999515533447,3.8173999786376953,3.9058001041412354,0,69.85836229132101,0.1433804962925592,3.86520004272461,3.759200096130371,0.0036805650383019,0.1472094905561747,252.885,0.1766763455725906,2.5224699286070296,0,0,0,0,12,50,-2.4492935982947064e-16,1.0,-0.2393156642875578,0.970941817426052,22.63999938964844,0.3200008042627009,19.51999998092652,1.0,392.3376085414312,0.1913801582575994,103.5,107.0,26.571428571428573,22.65714276857143,25.598919300725758,54.70853701472955,432.51517340510713,381.03257139996174,12.87065050128635,403.5546083658985,25.593210517654697,0.2048201747436838,0.2821640047766174,0.3081462580173438,0.6646849110376235,0.0388252266298615,0.0602993528187217,0.067640038040439,0.5739976205612631,0.0012761096076873,0.3603337218640913,0.0985668837641074,0.1815371115801778,0.5429571809123036
2018-12-17 00:00:00+00:00,94.6999969482422,100.3000030517578,94.6999969482422,100.3000030517578,85,24.99998449309481,0.3114401590420885,104.12750015258788,111.14100036621092,102.8929123713881,115.66788593662837,92.58711436854742,-4.133036118132679,-3.3487186628033774,-0.784317455329302,-0.0572424108978594,-0.1593431365690046,28.27142857142857,20.614286492857136,5.041467402040816,25.142857142857142,49.61428786142856,4.5896137163265305,0.0,0.0,0.0,0.0,3.9165000915527344,3.9265999794006334,3.831099987030029,3.9154999256134033,0,46.34220172774411,0.1378680237481604,3.9058001041412354,3.782399892807007,0.0071946751629317,0.1376781101848796,252.038,-0.3349348518100981,2.176601032152403,0,0,0,0,12,51,-2.4492935982947064e-16,1.0,-0.1205366802553236,0.992708874098054,24.520000457763672,0.0797709033610113,20.625000000000004,1.0,370.7978310064319,1.054402368103268,100.4499969482422,103.5,25.839285714285715,9.485714385714289,25.569495935701973,54.37987577903272,430.6294127224217,358.0823091910782,18.136775882835877,390.4518974221119,0.0,0.2117403596971278,0.2833226844413383,0.3191152889137454,0.6635230602164259,0.0591341740652457,0.0566926880725302,0.0684872294576783,0.8634334590429468,0.0009131581251466,0.1661397798315639,0.1021464406136985,0.1790292911493755,0.5705571096905041
2018-12-24 00:00:00+00:00,102.1999969482422,102.75,94.3499984741211,95.75,76543,47.69502980063473,0.3681641732718298,101.45499954223632,109.95800018310548,101.8318644253938,110.54981626214008,92.36018282233258,-2.691022818862976,-3.303017467187837,0.6119946483248611,0.0791974682332787,-0.073436136712659,29.692857142857143,17.60000036571428,5.4232966836734695,29.307142857142853,34.70000093714284,5.185112533673469,3.0,0.0,0.0,0.0,3.898400068283081,3.91540002822876,3.830499887466431,3.843400001525879,0,50.42261970737128,0.1393989749991206,3.9154999256134033,3.803100109100342,0.0063539000047756,0.1372421832506016,252.038,-0.3349348518100981,2.176601032152403,0,0,0,0,12,52,-2.4492935982947064e-16,1.0,6.432490598706546e-16,1.0,36.06999969482422,0.3859723567177919,24.917500019073486,2.0,392.7954684268189,0.970324852287658,94.6999969482422,100.4499969482422,24.535714285714285,3.828571514285714,25.81063444676268,53.11020643439466,414.2647043436824,363.7248518546572,12.634963122256297,391.3893258239947,33.615173858562144,0.3101527008740409,0.2928705756903318,0.3324852134565823,0.9328315335329253,0.0821917982065398,0.0621831278562318,0.0699301512982315,1.1753411786942112,0.8564577561551033,0.6187736522522957,0.138165611324169,0.1821629820702118,0.7584724523569274
2018-12-31 00:00:00+00:00,101.8499984741211,104.0,99.3000030517578,102.1999969482422,48665,52.55474574501408,0.401195220627877,100.12249946594238,108.605,101.8970996925667,105.62900117911592,94.61599775276883,-1.6192827082479653,-2.446085225034768,0.8268025167868025,0.0215647100470326,-0.0749318811474748,26.25,69.64286351428571,4.445941402040816,29.85,44.82857392285713,5.29123996734694,0.0,0.0,0.0,0.0,3.902600049972534,3.9419000148773193,3.8285999298095694,3.874200105667114,0,44.10870621362489,0.1199302282472458,3.843400001525879,3.8510000705718994,0.0011715014314536,0.1334315200695525,252.038,-0.3349348518100981,2.176601032152403,0,0,0,0,12,1,-2.4492935982947064e-16,1.0,0.120536680255323,0.992708874098054,25.420000076293945,-0.3499252176921504,27.16249990463257,2.0,394.5872748506353,0.452084994955458,102.1999969482422,94.6999969482422,26.26428571428572,2.428571428571429,26.071238676003794,52.575907562682566,410.1556558246628,365.10343558799576,11.263055059166769,392.6685054346509,44.85204714731927,0.3153994949389185,0.2911288664185666,0.3307396685643662,0.953618556769377,0.0461462642970624,0.0590759207090731,0.0694609932067887,0.664347794685355,0.5977921061714407,0.5896613027594231,0.0827658649834618,0.1687065096250281,0.4905907914372222
2019-01-07 00:00:00+00:00,102.75,103.4499969482422,99.3499984741211,101.5999984741211,77695,60.24734858492346,0.3768610011942263,99.95749931335448,107.06699996948242,101.80336139057124,105.23787819567212,94.67712043103688,-1.0361305645372596,-1.75679087563162,0.7206603110943604,0.0178306399818979,0.0083414961863883,27.192857142857143,49.44285912857142,4.276764840816327,27.25,160.1428712642857,4.15207868367347,0.0,0.0,0.0,0.0,3.880000114440918,3.895900011062622,3.661200046539306,3.661200046539306,0,23.3423757430414,0.1398402681673019,3.874200105667114,3.8777999877929688,0.0006971843669492,0.1214449977135324,252.038,-0.3349348518100981,2.176601032152403,0,0,0,0,1,2,0.4999999999999999,0.8660254037844387,0.2393156642875577,0.970941817426052,21.39999961853028,-0.1721453645605258,26.85249996185303,1.0,376.1883047819137,0.4046532885050181,101.8499984741211,102.1999969482422,26.99285714285714,0.2714285714285714,26.14728779368097,59.51571167246341,407.371913149655,359.8125263832449,11.889846691602507,386.076425173556,37.32954490579424,0.3311048399460597,0.2908085816335607,0.3155446208841934,1.0493122288858627,0.0399026615486239,0.0532400249494666,0.0663147381094127,0.6017162499477264,0.9758729098080944,0.5897573464762761,0.201851688134358,0.1904379615951475,1.0599340375430744
2019-01-14 00:00:00+00:00,102.75,106.8499984741211,101.5500030517578,102.9000015258789,123545,57.682619066470586,0.3666914945026042,101.34499931335448,105.73699996948244,102.71445203568872,107.443655671266,95.246342955443,-0.088056110585768,-0.7202950145889592,0.6322389040031912,0.0,0.0511508951406649,28.97142857142857,20.28571563571428,4.971961724489796,26.464285714285715,86.05714583571428,4.245548821428572,1.0,0.0,0.0,0.0,3.73420000076294,3.73799991607666,3.659600019454956,3.659600019454956,0,25.58279821722732,0.1828854418234524,3.661200046539306,3.890700101852417,-0.0253239439291737,0.1663906440022267,251.233,-0.3193962815131068,1.910158848631372,0,0,0,0,1,3,0.4999999999999999,0.8660254037844387,0.3546048870425356,0.9350162426854148,19.06999969482422,-0.1152745005927151,25.489999771118168,1.0,376.02390199899673,-2.2129981114042634,102.75,101.8499984741211,25.46428571428572,8.5142863,26.167739272429667,61.22806226364089,405.25753442178495,364.5399406073974,10.179398453596876,382.0554159037323,56.16968527748231,0.3314384183580454,0.2633056283311146,0.2714261992874619,1.2210995365116926,0.0515814639646062,0.0557912724164156,0.0655801146453328,0.7865411089650504,1.46470140162938,0.6906911842565028,0.1896036928275985,0.1694564918076474,1.1188929949871176
2019-01-21 00:00:00+00:00,104.9499969482422,106.1999969482422,100.4000015258789,102.25,90013,61.23595312980855,0.3302702284406464,102.55499992370603,104.605,102.77598036717416,105.79827773708276,99.31172211032934,-0.0076518718060896,-0.3791146608015655,0.3714627889954759,0.0105921857514059,0.1123476274038153,30.071428571428573,8.371428707142849,5.483294302040816,29.071428571428577,12.214285899999986,5.431876110204082,3.0,0.0,0.0,0.0,3.698199987411499,3.777899980545044,3.6902999877929688,3.750200033187866,0,37.33905240044077,0.1876340901673406,3.659600019454956,3.838900089263916,-0.0131118342414238,0.1817196940637504,251.233,-0.3193962815131068,1.910158848631372,0,0,0,0,1,4,0.4999999999999999,0.8660254037844387,0.4647231720437685,0.8854560256532099,17.799999237060547,-0.068917989173131,20.92249965667725,1.0,393.5834820383644,-0.9917871426292733,102.75,102.75,25.035714285714285,47.67143208571429,26.35507406591347,58.065883143406005,405.873024846851,364.31845698810406,10.388641964686745,386.6666423575852,51.03919110365735,0.3015377000496695,0.2747973076793644,0.2723265974200235,1.1072649231978724,0.0552643696142617,0.0550173115262188,0.066228143732351,0.8344543294624003,1.0131419296889863,0.5707241970921808,0.2232237241121131,0.1758269998580724,1.2695644673267172
2019-01-28 00:00:00+00:00,102.6500015258789,107.1500015258789,101.5500030517578,104.9000015258789,120586,49.742271994185934,0.254334845207964,103.12750053405762,103.6450001525879,103.38814909136838,106.6692046825767,99.58579638553852,0.3453441044709535,0.0593292635237091,0.2860148409472444,-0.0219151547331399,-0.0120307986683585,29.4,12.442857785714278,5.280131875510205,29.664285714285715,22.80000067142856,5.520785735714286,3.0,0.0,0.0,0.0,3.751699924468994,3.814300060272217,3.7102999687194815,3.769599914550781,0,55.21902469219743,0.1845269609862581,3.750200033187866,3.871500015258789,0.000346734016106,0.1853761610753385,251.233,-0.3193962815131068,1.910158848631372,0,0,0,0,1,5,0.4999999999999999,0.8660254037844387,0.5680647467311558,0.8229838658936564,18.8700008392334,0.0583749894186641,19.28499984741212,1.0,386.9494369805906,0.3540696831237068,104.9499969482422,102.75,22.38214285714286,1.1142857142857143,26.568571591614905,55.79066491940746,400.41163007611215,365.9609328238206,8.612674313072885,386.7797602067874,41.06831836136589,0.2452854430778341,0.2666863260494024,0.2733453351357224,0.8973463329183239,0.0545542950889221,0.0494898109026953,0.0666481661791048,0.8185414547926633,1.2710060506278276,0.6264672993111033,0.2225856819882413,0.1764247408057761,1.261646571536231
2019-02-04 00:00:00+00:00,105.5999984741211,107.0,101.9499969482422,103.0,119417,56.26373080956401,0.2769912388032221,103.82000045776368,102.90600006103516,103.68033972667996,106.81585794606411,100.82414296946322,0.3991751646840811,0.2086050557234149,0.1905701089606661,0.0287384014066329,0.0337738315879334,30.457142857142856,11.58571492857142,5.641092120408163,29.182142857142857,31.514287699999983,5.355451503061225,4.0,0.0,0.0,0.0,3.760200023651123,3.762900114059448,3.635200023651123,3.6572999954223633,0,43.58237132275978,0.1737890785928601,3.769599914550781,3.7551000118255615,-5.306342456100524e-05,0.185808407412312,251.233,-0.3193962815131068,1.910158848631372,0,0,0,0,2,6,0.8660254037844386,0.5000000000000001,0.6631226582407952,0.7485107481711011,15.729999542236328,-0.1820037158860638,17.867499828338627,1.0,386.2108739360047,0.3140899390570063,102.6500015258789,104.9499969482422,24.95357142857143,2.1714282857142857,26.73718909261671,54.2244470342844,400.1878075504338,371.1960399265444,7.247941905972346,386.5522056984743,69.96798924639799,0.2435789309799573,0.2664712999786499,0.2727990186310557,0.8928878236930351,0.0478219992872005,0.0498249579007229,0.0666850651431609,0.7171319697028946,1.184180842502948,0.6146171720117635,0.23011739736871,0.1710709641263104,1.3451574619479438
2019-02-11 00:00:00+00:00,100.1999969482422,106.1999969482422,99.8499984741211,105.8000030517578,171197,43.07692668846717,0.2829024660652827,103.63250007629397,102.36299987792968,103.50709614352536,107.05383883107103,100.21116132151688,-0.0345623778055568,0.2573095398075848,-0.2918719176131416,-0.051136378824875,-0.0388489501367654,27.342857142857145,28.05714285714285,4.646782026530612,30.77142857142857,15.50000008571427,5.508751409183674,0.0,0.0,0.0,0.0,3.667200088500977,3.771699905395508,3.6575000286102295,3.728600025177002,0,46.55172662472336,0.1267238790134041,3.6572999954223633,3.707900047302246,0.0039725268472293,0.1496013359615025,251.233,-0.3193962815131068,1.910158848631372,0,0,0,0,2,7,0.8660254037844386,0.5000000000000001,0.7485107481711011,0.6631226582407953,15.970000267028809,0.0151422909787008,17.092499971389774,1.0,373.6057111439514,0.7166489662360368,105.5999984741211,102.6500015258789,24.353571428571428,14.385712592857145,26.99746260737877,51.726095618247626,401.77037992647394,368.4043721229816,8.341501950873097,381.3736078766652,46.77895376885911,0.2123132825972885,0.2654838431670824,0.2746177477587523,0.773122919399126,0.0633732401948192,0.0545190736299619,0.0654121027874196,0.9688303510509362,1.648420901611365,0.6150054301555904,0.1549041009438559,0.1712068013875972,0.9047776761239168
2019-02-18 00:00:00+00:00,97.9499969482422,101.25,97.0500030517578,100.1999969482422,100109,37.016571791072806,0.2916480925517571,102.9474994659424,101.75899978637696,101.9155767180156,108.2828329107351,97.61216602114968,-1.130871470009012,-0.3671750635442649,-0.7636964064647472,-0.0453216529730433,-0.0434570753059225,24.885714285714283,57.18571508571428,3.566717230612245,27.59642857142857,73.3285721142857,4.142428176530612,0.0,0.0,0.0,0.0,3.75600004196167,3.791300058364868,3.6468000411987305,3.6468000411987305,0,36.82243542501195,0.1298044087133763,3.728600025177002,3.7488999366760254,0.0036810704063977,0.1176376799578101,251.712,0.1906596665246951,1.5512351381991252,0,0,0,0,2,8,0.8660254037844386,0.5000000000000001,0.8229838658936564,0.5680647467311559,14.90999984741211,-0.0686798604048553,16.370000123977665,0.0,357.2040529062652,0.1774473741150749,100.1999969482422,105.5999984741211,21.882142857142856,8.72857157857143,27.03610557280134,53.11980377928235,403.8773327481007,348.1077047353052,13.942407003198872,371.70578588850526,0.0,0.2540554678590361,0.2784863954404545,0.2732477945860351,0.9297621557981957,0.0428789900877845,0.0527785788545976,0.0641803213218858,0.6681017253203634,0.9689513375600428,0.6095377241814081,0.1767004152235005,0.1734035160226177,1.019012815232216
2019-02-25 00:00:00+00:00,96.4000015258789,98.3000030517578,96.0,97.6500015258789,21336,13.49209328686267,0.2675567102034376,100.9424991607666,101.44399963378906,99.85706232860726,107.81274651238604,94.07225180914716,-1.883714389528507,-1.2687195464094223,-0.6149948431190844,-0.0158243539627911,-0.0845204298949953,28.392857142857142,56.00000129999999,3.312308559183674,24.05,145.7857183142857,3.1737921479591837,1.0,0.0,0.0,0.0,3.731800079345703,3.769700050354004,3.691400051116944,3.746299982070923,0,58.88414983989678,0.1631198767439162,3.6468000411987305,3.769799947738648,-0.0204110449346105,0.149927583402784,251.712,0.1906596665246951,1.5512351381991252,0,0,0,0,2,9,0.8660254037844386,0.5000000000000001,0.8854560256532099,0.4647231720437686,14.850000381469728,-0.0040322276058119,15.365000009536748,0.0,361.1433239880371,-2.231764159985745,97.9499969482422,100.1999969482422,23.978571428571428,3.5142858428571437,26.843453600362544,59.09824987831482,395.7993935859354,343.2825874011937,13.1292015461854,367.480801128318,11.69455665648647,0.1632329966556854,0.2539902045111343,0.2655849620702953,0.6146168413944775,0.02385895244141,0.0464974954200273,0.0600759964201383,0.3971461131180013,0.2237480632043999,0.6006603567528659,0.1813760361164888,0.1588053614766776,1.1421278413314
2019-03-04 00:00:00+00:00,94.0999984741211,97.5,93.5500030517578,96.4000015258789,144,30.93749567866124,0.2440152577698558,98.86999893188477,101.3029995727539,97.99947108357772,106.50622874570934,91.2337691180602,-2.1208824439007685,-1.8402677207921283,-0.28061472310864,-0.0238589524414101,-0.1114259006773878,24.90714285714285,53.98571399999999,3.416600167346939,28.960714285714285,86.27142719999998,3.6978138071428575,0.0,0.0,0.0,0.0,3.750099897384644,3.79390001296997,3.716599941253662,3.721400022506714,0,46.084353488968205,0.1548872320861151,3.746299982070923,3.642800092697144,-0.0053775058169423,0.1625938613101292,251.712,0.1906596665246951,1.5512351381991252,0,0,0,0,3,10,1.0,6.123233995736766e-17,0.9350162426854148,0.3546048870425355,14.630000114440918,-0.0149256680825268,15.090000152587894,0.0,350.183736439476,-0.7284102482189251,96.4000015258789,97.9499969482422,23.77857142857143,0.0,26.980051063933622,60.85135809261709,380.17964362886016,340.8887686100046,9.82271875471388,360.5619752527812,8.97212185819832,0.168988816673738,0.2087843887569468,0.2477037054352016,0.682221566103012,0.0419765888660296,0.0439819541754488,0.0580064148557096,0.7236541291838968,0.0016650276550685,-0.218664581193805,0.1808356769783749,0.1575678877586526,1.147668272222313
2019-03-11 00:00:00+00:00,94.0,96.4499969482422,93.6500015258789,96.4499969482422,17,42.15686787829465,0.2529198283242693,96.47249908447266,100.6179997253418,96.77168211926464,100.4338202007797,92.5111779681656,-1.920836295188508,-1.9080201016831388,-0.012816193505369,-0.0010626830578386,-0.0987536217678395,27.95,69.58571385714284,3.294879602040816,24.17142857142857,143.69999557142853,3.0049280234693883,0.0,0.0,0.0,0.0,3.7737998962402335,3.899699926376343,3.758800029754639,3.813400030136109,0,61.61502287584128,0.1656699173947677,3.721400022506714,3.714900016784668,-0.0069889881063274,0.1516022517479226,251.712,0.1906596665246951,1.5512351381991252,0,0,0,0,3,11,1.0,6.123233995736766e-17,0.970941817426052,0.239315664287558,14.329999923706056,-0.0207189863383695,14.680000066757206,0.0,358.45960283279425,-0.8895584771574351,94.0999984741211,96.4000015258789,24.275,1.7142857142857142,26.79884961280427,66.19643147834687,366.0961903063815,347.39916777690473,4.6742556323691815,359.72102628478643,30.864713924031665,0.2169343199678555,0.2211667749772136,0.2516372800209559,0.8620913059021962,0.0297871853442903,0.0403749913868667,0.0557983679030319,0.5338360444107432,0.0002183425743616,-0.3203515640028665,0.1563728467054575,0.1594325026666384,0.9808090212591806
2019-03-18 00:00:00+00:00,93.6500015258789,95.3000030517578,92.8000030517578,94.5500030517578,10,50.246301901074126,0.2585545828275038,95.17749938964845,99.8829997253418,95.6500368195938,97.95797009334387,92.397028685953,-1.7119190480000557,-1.8448585290356103,0.1329394810355548,-0.0037233880225647,-0.0429228105645089,27.585714285714285,25.342857628571416,3.841997797959184,28.97142857142857,92.4714329285714,3.8824051224489793,0.0,0.0,0.0,0.0,3.837100028991699,3.8685998916625977,3.800600051879883,3.812999963760376,0,58.254201087595504,0.1657588942931586,3.813400030136109,3.721999883651733,-0.0145523957893894,0.1773090792529167,252.776,0.4227053140096748,1.520135265933309,0,0,0,0,3,12,1.0,6.123233995736766e-17,0.992708874098054,0.120536680255323,13.100000381469728,-0.0897429771890769,14.22750020027161,0.0,357.0874524243354,-1.8779448929486149,94.0,94.0999984741211,24.471428571428568,10.285714285714285,26.939015997231643,67.89159286223232,366.0601752485404,347.376882593781,4.670823163689836,358.6675967406061,49.76249424849967,0.2051288236451364,0.1989582350648101,0.2431731598528386,0.843550395667723,0.0266951410492946,0.0330393715577618,0.0525817019682411,0.5076887010719299,0.0001438628469162,-0.1691898489801632,0.1511479541321172,0.155750670115825,0.9704481163081602
2019-03-25 00:00:00+00:00,94.25,96.8000030517578,92.5999984741211,93.4499969482422,105163,41.85186315465849,0.2616350768532185,94.54999961853028,98.92699966430663,95.09574443242546,96.65087446478458,92.44912477227598,-1.265678044938454,-1.5476519737593073,0.2819739288208531,0.0064068175584097,-0.0228097150632652,26.435714285714287,34.72857157857142,3.690996948979592,27.085714285714285,49.01428617142854,3.5850581448979595,0.0,0.0,0.0,0.0,3.79040002822876,3.930799961090088,3.740000009536743,3.9059998989105225,0,65.4196657123236,0.1332481512265437,3.812999963760376,3.766499996185303,-0.0071863253804843,0.1474514482399133,252.776,0.4227053140096748,1.520135265933309,0,0,0,0,3,13,1.0,6.123233995736766e-17,1.0,-1.6081226496766366e-16,16.329999923706055,0.2203916429834304,14.59750008583069,1.0,368.1404904723168,-1.1413378520581048,93.6500015258789,94.0,24.807142857142857,0.0,26.9484804029402,66.67370210798691,373.2593531051277,343.67628797933344,7.395766281448576,362.4567542332904,61.0502598087698,0.1758109480039907,0.2150857409576898,0.2382050135537393,0.7380656603336814,0.0445623827865963,0.0333760500975242,0.0505613135468148,0.8813531699844835,1.6106838778449049,0.3840305560328571,0.1142021449504843,0.1582483665144812,0.7216639277182961
2019-04-01 00:00:00+00:00,92.0999984741211,96.4000015258789,91.6500015258789,94.3499984741211,145368,47.13112985662377,0.2308371391836516,94.26499977111816,98.06899948120116,94.6020312579427,96.2154648571157,92.31453468512063,-1.060100627141125,-1.2026017801774835,0.1425011530363584,-0.0228116872772298,-0.0500257723237509,26.62142857142857,9.61428564285713,3.961701553061225,25.810714285714287,66.6571430285714,3.673029138775511,0.0,0.0,0.0,0.0,3.853800058364868,4.006400108337402,3.8285999298095694,3.922499895095825,0,57.67566299716739,0.1911126733633801,3.9059998989105225,3.747499942779541,0.0298839992210037,0.1595601217992543,252.776,0.4227053140096748,1.520135265933309,0,0,0,0,4,14,0.8660254037844387,-0.4999999999999998,0.992708874098054,-0.1205366802553228,13.399999618530272,-0.1977492238213873,14.28999996185303,0.0,361.2622343530657,2.5656946080906957,94.25,93.6500015258789,24.842857142857135,7.314285914285714,26.875076137312725,66.6726337802827,371.07556793025896,351.39932211099705,4.919061454815472,361.9789462812005,70.08479821348408,0.1906158675415871,0.1797183962888419,0.2265407609647027,0.8414196999942538,0.0515743765330755,0.0389191349158573,0.0492816574836584,1.0465225542576722,2.2805023543444145,0.550530024950908,0.1030498522039136,0.1580276027605855,0.6521002905994404
2019-04-08 00:00:00+00:00,92.9499969482422,96.9499969482422,91.25,92.3499984741211,189550,48.31081115912129,0.2291520317704637,93.94249954223632,96.96199935913089,94.24266352976974,96.00067345378169,91.88432563069098,-0.8174314213844269,-0.97706750658215,0.1596360851977231,0.0092290823909182,-0.0246590349240524,27.32857142857143,10.885714471428557,4.080187810204082,25.978571428571428,6.371428685714257,4.16239785510204,0.0,0.0,0.0,0.0,3.848999977111816,3.885400056838989,3.822000026702881,3.874000072479248,0,57.31454438403463,0.2138020716784623,3.922499895095825,3.86929988861084,0.0063425250003543,0.2113967817853503,252.776,0.4227053140096748,1.520135265933309,0,0,0,0,4,15,0.8660254037844387,-0.4999999999999998,0.970941817426052,-0.2393156642875575,13.18000030517578,-0.0165541262601544,14.00250005722046,0.0,360.0882949144362,0.2115471860257551,92.0999984741211,94.25,22.97142857142857,46.45714398571428,26.817237123845544,62.78223345160087,370.99216503195936,352.2970710501177,4.673773495460402,361.22268573449486,53.97680699962192,0.148673926656326,0.178723513268674,0.2209900605403473,0.672762926826533,0.0613232612736518,0.0427884693973817,0.0496108405829394,1.2360856657986874,2.7111395582504945,0.5341203108666106,0.1155269833257914,0.1598382071551269,0.7227744739774568
2019-04-15 00:00:00+00:00,91.4000015258789,94.8499984741211,89.3499984741211,93.3000030517578,212832,38.74644939777786,0.2528763972132483,93.46749992370606,95.82199951171876,93.29224124271182,96.59147752965872,90.34352231775338,-1.1208702514350648,-0.968233107359847,-0.1526371440752177,-0.0166755833593666,-0.0338266067638213,26.264285714285712,41.45714392857141,3.478377312244898,26.61428571428572,36.4142868285714,3.9086473724489794,0.0,0.0,0.0,0.0,3.845599889755249,3.888200044631958,3.8060998916625977,3.880300045013428,0,52.77835942128514,0.2048828040397327,3.874000072479248,3.8405001163482666,0.0046831281297402,0.2046919795797933,254.202,0.5641358356806014,1.8625227405691724,0,0,0,0,4,16,0.8660254037844387,-0.4999999999999998,0.9350162426854148,-0.3546048870425354,12.31999969482422,-0.0674766188942085,13.807499885559084,0.0,354.65943003509534,-0.0958230227065813,92.9499969482422,92.0999984741211,22.77142857142857,16.014285314285715,26.804143484519106,61.0810756049538,372.1181506918013,349.95707419565565,5.540269124036409,358.5973834547351,45.051739132162325,0.1404938793364683,0.1790205342110621,0.2210138854486417,0.6356789424994126,0.0601750537000016,0.048866043068524,0.0495354782662967,1.2147867277800508,2.655769002801034,0.5520257898991365,0.0950809053346635,0.1502655290820903,0.6327525653285059
2019-04-22 00:00:00+00:00,91.0999984741211,93.1999969482422,86.3499984741211,91.0500030517578,72073,47.6635507354881,0.3069588285702964,92.56499977111817,94.5939994812012,92.13339625906136,96.98339353900656,88.14660600322976,-1.432397943466043,-1.248605267633401,-0.183792675832642,0.0077433289427744,-0.0390295828958636,26.02857142857143,29.25714467142856,3.224311375510204,26.62857142857143,82.22857434285712,3.3660008622448987,0.0,0.0,0.0,0.0,3.870699882507324,3.949199914932251,3.866400003433228,3.934499979019165,0,67.15878884286289,0.1996081986233044,3.880300045013428,3.7909998893737793,0.006333996109095,0.2047913926059199,254.202,0.5641358356806014,1.8625227405691724,0,0,0,0,4,17,0.8660254037844387,-0.4999999999999998,0.8854560256532099,-0.4647231720437685,12.420000076293944,0.0080841493135502,12.829999923706056,0.0,358.4329420850754,0.0692637752288986,91.4000015258789,92.9499969482422,22.717857142857145,3.900000171428571,26.792816255103126,62.445430362237886,364.3678141211559,352.8536365726804,2.878544387118907,358.5316069068713,21.869635151952096,0.1458151053874369,0.1718640009624056,0.2178912076137062,0.6692105674766058,0.0751920811070814,0.0585654310800813,0.0498409753043179,1.508639539286298,0.8608434648730454,0.5105032180799778,0.098842313578094,0.1518447003665109,0.6509434101426131
2019-04-29 00:00:00+00:00,91.3499984741211,92.6999969482422,90.0999984741211,92.0,562,45.97990363960426,0.3317651795673595,91.86999969482422,93.75499954223636,91.94194469449448,95.77376260702974,87.9662367826187,-0.8672726864159159,-1.111003288647728,0.2437306022318119,0.0027442371480501,-0.0281915055944564,26.62142857142857,3.385714314285696,3.614166228571429,26.29642857142857,40.85714491428569,3.3912057326530616,0.0,0.0,0.0,0.0,3.9337000846862793,4.002600193023682,3.900000095367432,3.929199934005737,0,62.56198946049768,0.1487523827376878,3.934499979019165,3.897700071334839,0.0019843958381321,0.177425041142323,254.202,0.5641358356806014,1.8625227405691724,0,0,0,0,4,18,0.8660254037844387,-0.4999999999999998,0.8229838658936565,-0.5680647467311557,13.109999656677246,0.0540671889395927,12.757499933242798,0.0,358.93240797594075,-0.3656962518673914,91.0999984741211,91.4000015258789,24.142857142857142,2.457142857142857,26.76079124325316,61.05263775269258,362.7291921134372,353.3273453918366,2.3504616804001524,358.6919273344991,39.2889250553155,0.0870360511184588,0.1374164054632372,0.2168240029878252,0.4014133394134068,0.0284619432682056,0.0553453431764032,0.0493228111362351,0.5770542441112719,0.0067108083419399,0.5531244849692811,0.0686400282661058,0.1510009644405328,0.4545667901841103
2019-05-06 00:00:00+00:00,88.80000305175781,93.8499984741211,88.80000305175781,91.3499984741211,137,42.73742885797253,0.3094287517278879,90.9875,93.04899978637695,91.12189406788596,94.36745098126624,87.60754901873376,-1.0517722434968846,-0.9914924279909056,-0.0602798155059789,-0.0279145644768201,-0.0682056641327683,25.728571428571428,10.514285714285696,3.3235958918367348,26.764285714285712,7.199999999999964,3.4405754530612245,0.0,0.0,0.0,0.0,3.944499969482422,3.97320008277893,3.90720009803772,3.936599969863892,0,59.36614744017449,0.1120640119228519,3.929199934005737,3.8559000492095934,-0.0059630383023246,0.1277241799878287,254.202,0.5641358356806014,1.8625227405691724,0,1,0,1,5,19,0.4999999999999999,-0.8660254037844387,0.7485107481711013,-0.663122658240795,15.4399995803833,0.1635862458316272,13.322499752044678,1.0,349.57008933746334,-1.1604396659130614,91.3499984741211,91.0999984741211,28.292857142857144,0.8857142857142857,26.761016692997195,57.578274026712414,364.0561180017888,346.7413167149986,4.328700321697553,355.0431921356848,22.413668443327023,0.1043359724188976,0.1470537925043291,0.2020060131847522,0.5164993140995267,0.0568693158649989,0.0564043310427879,0.0492095682262228,1.1556554214621235,0.0016358580075247,0.5813311298473979,0.0677065938138217,0.1509803721645957,0.4484463003942416
2019-05-13 00:00:00+00:00,88.25,89.5,86.6500015258789,87.6500015258789,52,39.413674467706514,0.2962176083035374,89.96499977111816,92.31399978637695,90.01584454551777,93.4019649737226,86.52803456851372,-1.2195817970800815,-1.177947576107131,-0.0416342209729507,-0.006193727847478,-0.0221606648199446,26.014285714285712,3.685714299999982,2.935315855102041,26.110714285714288,23.47142857142853,3.1570553102040817,0.0,0.0,0.0,0.0,3.96779990196228,4.000800132751465,3.9059998989105225,3.959700107574463,0,53.39705077463832,0.1199228187796188,3.936599969863892,3.855799913406372,-0.0074910870937125,0.1188747489872514,255.548,0.5295001612890538,1.9964397755302563,0,1,0,2,5,20,0.4999999999999999,-0.8660254037844387,0.6631226582407952,-0.7485107481711012,20.549999237060547,0.2858993863968531,15.37999963760376,1.0,349.44353449344635,-1.2786088706603036,88.80000305175781,91.3499984741211,27.053571428571427,4.8857143,26.719061698978944,55.37783238443604,364.6984664077762,343.4910205381867,5.301861467397377,352.80332907878943,31.049441019240533,0.1059391910739427,0.1294174392154263,0.1741279532905381,0.6083984965538235,0.0322946002733268,0.0505985988427229,0.0467147083295621,0.6913153162028175,0.0006506217504101,0.6008982443396897,0.0424921665777368,0.1477353392445588,0.2876235565490556
2019-05-20 00:00:00+00:00,88.25,90.0,86.75,89.55000305175781,18773,38.38709598029155,0.2556810187637304,89.70499992370605,91.71499984741212,89.57882296772684,93.0304833261509,86.37951652126121,-0.9758112707619232,-1.0391652986608304,0.0633540278989071,0.0,-0.0216185921753537,23.585714285714285,47.85714365714284,2.5418601795918367,25.60714285714285,26.742857228571395,2.809159295918367,0.0,0.0,0.0,0.0,3.9890999794006334,4.11929988861084,3.9688000679016113,4.097400188446045,0,70.00263524967279,0.1223455295511262,3.959700107574463,3.9267001152038574,0.0036179487572637,0.1197518654908069,255.548,0.5295001612890538,1.9964397755302563,0,1,0,3,5,21,0.4999999999999999,-0.8660254037844387,0.5680647467311558,-0.8229838658936564,16.309999465942383,-0.2310825199274961,16.35249948501587,1.0,361.59556663036346,-0.1677052855626837,88.25,88.80000305175781,25.725,34.57142867142857,26.64732499950565,53.53041463244477,367.4960320224776,342.27476719612935,6.305316206587057,356.3202240994191,57.14221200809586,0.157417450575777,0.1425027761490038,0.1851765048686257,0.850094034264861,0.036827195467422,0.0459290271962069,0.0462487548880801,0.7962849506693241,0.239363143329059,0.5485632887247762,0.1024781695560956,0.1566583265110185,0.6541507578748476
2019-05-27 00:00:00+00:00,93.3000030517578,95.0,88.5,89.5999984741211,118615,61.65802924469001,0.3004702621159222,89.94250030517578,91.64,90.6746323056432,93.91268926110368,85.97231134924789,0.1565386442391059,-0.5157922416902779,0.6723308859293838,0.0681168252040609,0.0135795758670116,23.57857142857143,28.88571377142856,2.784597806122449,22.092857142857145,130.15714337142853,2.482961317346939,0.0,0.0,0.0,0.0,4.095099925994873,4.110599994659424,4.00629997253418,4.021200180053711,0,61.86870798494294,0.129610514705588,4.046199798583984,3.9895999431610094,0.0115087328202536,0.1232686130899003,255.548,0.5295001612890538,1.9964397755302563,0,1,0,4,5,22,0.4999999999999999,-0.8660254037844387,0.464723172043769,-0.8854560256532096,15.850000381469728,-0.0286088594979593,17.03749966621399,1.0,375.1779890707402,0.6213731207363062,88.25,88.25,28.310714285714287,39.84285722857143,26.353488363592845,58.47407455108889,383.4063457496621,334.4872440163446,12.22977543332937,363.8633300879476,73.0608264318808,0.1911943519432132,0.1634345394863006,0.1811452139293029,1.0554755339165456,0.0696677361992598,0.0448241582146426,0.0477370086206119,1.459406938521682,1.473936920743477,0.4131123519286355,0.1380291285742454,0.1264131941419432,1.0918885373656009
2019-06-03 00:00:00+00:00,103.75,105.6500015258789,92.6500015258789,93.1999969482422,234271,80.75397197832038,0.3266494598966541,92.63000030517578,92.34,94.9956101110036,103.9835247707441,81.27647583960747,2.922661784897912,1.2047688353788588,1.717892949519053,0.1120042508728011,0.1495844875346259,25.65714285714285,0.3142857142857016,3.108420116326531,22.110714285714288,0.2571428571428267,3.0605250255102043,0.0,0.0,2.0,0.0,4.041500091552734,4.050600051879883,3.8898000717163086,3.9242000579833984,0,45.56803177487085,0.1259559018737289,4.021200180053711,3.919300079345703,-0.0043424733779826,0.1222027642753235,255.548,0.5295001612890538,1.9964397755302563,0,1,0,5,6,23,1.2246467991473532e-16,-1.0,0.3546048870425358,-0.9350162426854148,18.86000061035156,0.1738737851767555,17.892499923706055,1.0,407.1357560157776,-0.9637474990873138,93.3000030517578,88.25,27.325,21.50000002857143,26.079761003729715,54.71814347406011,423.0641818911962,323.61224121396765,24.862985169307123,381.1723004590796,99.78111808659678,0.2958650691047641,0.2355962456995507,0.2241384975079391,1.3200099902257283,0.1253012048192771,0.0641920105248569,0.0514229956633455,2.436676020837736,2.723725094100746,0.2667257986865451,0.1673633002214583,0.1347161048234154,1.2423406096652698
2019-06-10 00:00:00+00:00,98.5999984741211,106.1500015258789,97.9000015258789,103.25,224748,64.89208086585596,0.3949117362412245,95.86750030517578,93.04,97.37138992463466,108.07462758085526,83.6603730294963,2.843483757871596,2.482285888211715,0.3611978696598807,-0.0496385689241339,0.1016759606047048,20.785714285714285,1.5428571428571276,2.887747993877551,25.38214285714286,0.5142857142857092,3.074925216326531,0.0,0.0,1.0,1.0,3.879499912261963,3.894399881362915,3.837100028991699,3.876499891281128,0,16.661593165670325,0.1318587514888674,3.9242000579833984,3.926300048828125,-0.0141193005089635,0.1314072892031197,255.548,0.5295001612890538,1.9964397755302563,0,1,0,6,6,24,1.2246467991473532e-16,-1.0,0.2393156642875576,-0.970941817426052,15.9399995803833,-0.1682116625302286,16.740000009536743,1.0,382.2228833652498,-1.941430212185404,103.75,93.3000030517578,26.14642857142857,60.88571478285715,26.034753381369278,51.22112039278434,419.7231778255846,343.34291971548095,19.09506452752591,381.5925336215477,69.84099721695706,0.3883792572438975,0.2837346838245703,0.2370574782079529,1.638333638729865,0.0836714008891726,0.0695524275296917,0.052843347227091,1.583385410764119,2.423211282183721,0.2617767333416268,0.1711656394996258,0.1320518885210454,1.29619976249222
2019-06-17 00:00:00+00:00,96.0500030517578,100.4499969482422,94.8499984741211,98.0999984741211,155083,50.0,0.4292656768410126,97.88750038146972,93.37100006103516,97.22040799219148,107.05660535426712,88.71839540867232,1.327612411965731,2.0279839966718525,-0.7003715847061214,-0.0258620229394078,0.0672222561306421,23.67142857142857,0.1428571428571301,2.808280534693877,21.535714285714285,3.142857142857108,2.794111496938776,0.0,0.0,2.0,0.0,3.852099895477295,3.9040000438690186,3.830199956893921,3.8945000171661377,0,28.458860281606743,0.1255321929431581,3.876499891281128,3.999900102615357,-0.0004900633454213,0.1285321982393583,256.092,0.2128758589384327,1.7902284687663972,0,1,0,7,6,25,1.2246467991473532e-16,-1.0,0.120536680255323,-0.992708874098054,15.350000381469728,-0.0377161481526531,16.50000023841858,1.0,374.0667385338783,-0.2618821934805627,98.5999984741211,103.75,29.185714285714287,58.05714518285716,25.744492794552823,48.11929695730517,415.48857902245646,353.81310447036657,15.418868638022468,378.58221558648,57.932386294499366,0.4068950200234699,0.2900553503708936,0.2379899169294787,1.7097153029675969,0.0583029494658472,0.0747540973681958,0.0530307799459373,1.099416952402268,1.6415615703345838,0.2724401543680126,0.1703828849275847,0.1320163486131501,1.2906194862324665
2019-06-24 00:00:00+00:00,102.0,102.4000015258789,94.0,95.8499984741211,24394,44.23380791436568,0.4209296244659756,99.57250061035155,93.95300033569336,97.94162006525497,105.94616880431713,93.19883241638604,1.3419282580169067,1.3997164281119572,-0.0577881700950504,0.0619468689140589,0.0909090909090908,22.77857142857143,0.057142857142852,2.794131712244898,23.192857142857143,0.3428571428571124,2.817443960204082,0.0,0.0,5.0,5.0,3.887700080871582,3.887900114059448,3.7920000553131104,3.820499897003174,0,37.27998733520515,0.1080712791720057,3.8945000171661377,4.038700103759766,0.0119597777697994,0.1241862649644618,256.092,0.2128758589384327,1.7902284687663972,0,1,0,8,6,26,1.2246467991473532e-16,-1.0,-3.216245299353273e-16,-1.0,15.260000228881836,-0.0058804580295333,16.352500200271606,1.0,389.6909894943237,0.9831019180415072,96.0500030517578,98.5999984741211,25.03571428571428,52.54285851428571,25.57987113960472,45.036946001534325,416.4745025051507,360.083681199464,14.097705326421664,383.0257251496175,58.99740490241373,0.4118700405664767,0.2969591387759899,0.2477049689783525,1.6627442947058038,0.0823529561360677,0.0838592495019249,0.0547573277883806,1.5039620160924392,0.2718851738207957,0.2171646939034845,0.0813041677438867,0.1257648840074504,0.6464774481428034
2019-07-01 00:00:00+00:00,110.1500015258789,112.5500030517578,103.0,103.0,256,73.19224379832454,0.4302783777358883,101.02500076293946,95.66800033569334,101.61954631173626,110.04553276626106,92.00446875961784,3.1365716906326497,2.193216258152931,0.9433554324797186,0.0799019757439107,0.0530593033720829,24.385714285714283,0.0571428571428469,2.883710297959184,22.214285714285715,0.0285714285714234,2.7697294816326528,0.0,0.0,3.0,0.0,3.825500011444092,3.871000051498413,3.7973999977111816,3.849499940872192,0,43.53764734988116,0.1006020271040931,3.820499897003174,3.9800000190734863,-0.0044919230452326,0.1053533152511485,256.092,0.2128758589384327,1.7902284687663972,0,1,0,9,7,27,-0.4999999999999997,-0.8660254037844388,-0.1205366802553228,-0.992708874098054,14.0600004196167,-0.0819011246278866,15.152500152587892,0.0,424.0224243609427,-0.6620681634616927,102.0,96.0500030517578,25.37142857142857,74.31428034285713,25.362736596035752,42.13317990005285,436.4242990192268,348.5772188579704,21.961770040314093,399.4244048341476,60.16966497448595,0.4693075561001544,0.3428365149600461,0.2750871795542465,1.706032028829202,0.0866999811117941,0.0872656984844317,0.0559236648342294,1.5503269656150591,0.00315369391799,0.1317127775779543,0.1027192675258851,0.1227782977058706,0.8366239073107347
2019-07-08 00:00:00+00:00,104.75,113.0500030517578,104.75,110.3499984741211,135,61.88524470559494,0.3962429271643991,102.37250061035157,97.06000030517576,103.8888706030431,113.49002828596876,91.25497293473438,3.310067545571058,2.9551597523247906,0.3549077932462681,-0.0323325635103926,0.0264575881185697,21.02857142857143,6.399999999999983,3.003983459183673,22.85,3.257142857142822,2.968557742857143,0.0,0.0,0.0,0.0,3.839499950408936,3.878200054168701,3.783499956130981,3.8190999031066895,0,35.53464039008533,0.0866446348087725,3.849499940872192,3.878400087356568,0.0087405047886943,0.0961271092118486,256.092,0.2128758589384327,1.7902284687663972,0,1,0,10,7,28,-0.4999999999999997,-0.8660254037844388,-0.2393156642875574,-0.970941817426052,13.960000038146973,-0.0071378161604162,14.65750026702881,0.0,400.0507148504257,0.6611746199309974,110.1500015258789,102.0,27.439285714285717,84.68571295714285,25.200624557581836,39.62504847792963,438.8920661989753,355.0233674208099,20.96717469454133,399.6749288406589,60.85956541864596,0.4642701863430242,0.3829001767714341,0.2825992481824121,1.6428570596011514,0.079236305983368,0.0780527187172499,0.0577415306290085,1.372258258442809,0.0017722128834623,0.1580216803974909,0.0815605912255541,0.1172498548400102,0.6956135202104086
2019-07-15 00:00:00+00:00,108.8000030517578,108.8000030517578,104.3499984741211,105.9000015258789,4,60.49382890475361,0.3948443270962498,104.46000061035156,98.53600036621091,104.75605426567796,114.2517032939966,94.66829792670651,2.3567443758350493,2.64956214140743,-0.2928177655723813,0.0386635136205995,0.1176168952964133,22.535714285714285,4.442857142857136,2.8570678122448974,18.25,18.514285714285684,2.978933108163265,0.0,0.0,4.0,4.0,3.7992000579833984,3.820499897003174,3.719599962234497,3.7344000339508057,0,31.91911151614373,0.089066507667732,3.8190999031066895,3.84820008277893,0.0048031741228786,0.0882422735598061,256.143,0.0199147181481507,1.6484846560762545,0,1,0,11,7,29,-0.4999999999999997,-0.8660254037844388,-0.3546048870425356,-0.9350162426854148,12.68000030517578,-0.0961701269902475,13.990000247955324,0.0,406.3027350903321,0.4604026941397093,104.75,110.1500015258789,24.978571428571428,153.67142935714287,24.752197166770102,38.26306378350099,433.82435048677166,376.2090814112405,14.4038172688828,402.3260513405282,70.10241426947042,0.3974147430116851,0.3710711928137678,0.2829270115483805,1.4046546025782385,0.0409007762207485,0.0694985937835651,0.0585936218179755,0.6980413220980933,5.3255686542347485e-05,0.1336148967073916,0.0976560606464334,0.1158932949344763,0.8426376372789272
2019-07-22 00:00:00+00:00,105.0999984741211,108.0,104.0999984741211,104.0999984741211,41677,41.84168243899816,0.4154547222883021,106.49499969482422,100.27100021362304,105.11205682466915,111.3033154809504,101.68668390869804,1.5067119226584538,2.038529816166032,-0.5318178935075784,-0.0340073940611614,0.0400791222172343,21.0,0.0,2.8568010000000004,24.267857142857142,0.0,2.868793131632653,0.0,0.0,7.0,11.0,3.7246999740600586,3.767800092697144,3.70199990272522,3.7458999156951904,0,32.68015621956417,0.0881826804747922,3.7344000339508057,3.837699890136719,-0.0054478709190131,0.0815459595455064,256.143,0.0199147181481507,1.6484846560762545,0,1,0,12,7,30,-0.4999999999999997,-0.8660254037844388,-0.464723172043768,-0.8854560256532101,13.529999732971191,0.0648834493700726,13.557500123977665,0.0,393.6940754237749,-0.5647018100494606,108.8000030517578,104.75,26.325,70.95714577142857,24.72094942329185,35.79447902327512,432.1384363321092,379.89653853062856,13.06047445037014,398.87326097382686,52.59388772304664,0.409529397479268,0.385083817749764,0.2831804106585386,1.4461783640511008,0.037107531707902,0.0652595102319761,0.0583501689600691,0.6359454652794794,0.5399554323322183,-0.2816389021699372,0.0952457426253302,0.1154595578611245,0.8249272398099777
2019-07-29 00:00:00+00:00,101.1500015258789,105.5999984741211,98.75,105.1500015258789,130824,39.74083155369241,0.3723509373353769,105.37999992370604,101.42500030517576,103.4553022479793,112.09607608899572,98.6639237584164,-0.2218556500094877,0.817710521931978,-1.0395661719414655,-0.0375832255527082,-0.0416864177987876,23.478571428571428,0.0,3.046454318367347,21.17142857142857,0.0,2.867600676530613,0.0,0.0,7.0,18.0,3.730700016021729,3.802900075912476,3.716799974441528,3.7734999656677246,0,44.439611154956,0.0965563919556333,3.7458999156951904,3.815999984741211,0.0076373669183208,0.0961446675289603,256.143,0.0199147181481507,1.6484846560762545,0,1,0,13,7,31,-0.4999999999999997,-0.8660254037844388,-0.5680647467311556,-0.8229838658936566,12.829999923706056,-0.0531232497656247,13.250000000000002,0.0,381.6895272851944,0.7438219736839293,105.0999984741211,108.8000030517578,23.610714285714288,198.89999925714284,24.491948078010346,33.485157795967055,416.4542957008072,374.4142306240563,10.510016269187718,391.9997674983739,11.401111219188309,0.4050844989400409,0.3919212846725887,0.2875061670401825,1.4089592895370224,0.0677211900226076,0.062333157009284,0.0602468691939849,1.1240613775952868,1.5625188486060166,-0.238722142957337,0.0923289951405145,0.1087975627959488,0.8486310196798111
2019-08-05 00:00:00+00:00,95.6500015258789,101.1500015258789,94.3000030517578,101.0500030517578,116761,28.27765643975411,0.3269312310367935,102.64750022888184,102.15400039672848,101.25018583305965,109.90548772118017,95.38951273658353,-1.5121183448773223,-0.4629235905258426,-1.0491947543514797,-0.0543746902326327,-0.1260849319976608,23.47142857142857,4.199999999999992,3.234296459183674,23.257142857142856,2.128571428571424,3.1569377510204086,0.0,0.0,4.0,0.0,3.746299982070923,3.945199966430664,3.746299982070923,3.883899927139282,0,76.29248169967228,0.0938654086876697,3.7734999656677246,3.800800085067749,-0.0004503886841978,0.0907517963418625,256.143,0.0199147181481507,1.6484846560762545,0,1,0,14,8,32,-0.8660254037844385,-0.5000000000000004,-0.663122658240795,-0.7485107481711013,24.59000015258789,0.6505536897523655,15.907500028610231,1.0,371.49503395723326,-0.0649535865679307,101.1500015258789,105.0999984741211,24.432142857142857,68.85714798999999,24.41228322505115,31.462152223877016,418.39073941697313,358.1999464612942,15.047698238919748,383.79787408191766,15.226650427337688,0.1912876480076545,0.3893768854074919,0.2914631946749841,0.6563011897881341,0.0716152468880806,0.0593162101645413,0.0624928744859242,1.1459744173628446,1.3036614082234803,-0.1987627200980162,0.1370553784966256,0.11866519642405,1.1549752671971794
2019-08-12 00:00:00+00:00,93.75,98.9000015258789,93.4000015258789,95.75,159331,25.217404380551187,0.291610607899932,100.28000068664552,101.8860005187988,99.32044155760418,107.84448667882052,92.7155146944705,-2.0010677627924025,-1.364421683938874,-0.6366460788535284,-0.0198641034560239,-0.1088402783307639,24.87142857142857,10.442857142857124,2.838327924489796,22.23928571428572,14.84285714285711,3.154245868367347,0.0,0.0,0.0,0.0,3.973000049591065,4.011300086975098,3.898099899291992,3.940200090408325,0,79.9641373901573,0.1223042363437985,3.883899927139282,3.754800081253052,0.0120707741897047,0.1007530173088704,256.143,0.0199147181481507,1.6484846560762545,0,1,0,15,8,33,-0.8660254037844385,-0.5000000000000004,-0.7485107481711011,-0.6631226582407952,21.09000015258789,-0.1535408607076176,18.009999990463257,1.0,369.3937584757805,1.1871627008223191,95.6500015258789,101.1500015258789,25.142857142857142,49.61428786142856,24.272089837259838,30.389939638004765,401.33122978194,356.80496778905155,11.131565498222098,378.03622783946287,0.0,0.1480888394632452,0.328296752094332,0.2875901763152415,0.5149300863170551,0.0586666666666666,0.0552022823012011,0.0631980886799278,0.9282979692757696,1.726747897256086,-0.1683435116422858,0.1353945770224091,0.114433718595411,1.1831701953984806
2019-08-19 00:00:00+00:00,91.1500015258789,96.5999984741211,91.0500030517578,93.6999969482422,73781,28.753202692843843,0.2627313111120734,97.34000091552734,101.04300048828124,97.07973707596854,103.34987089636545,91.33013093468924,-2.5220850636451644,-1.967446011202195,-0.5546390524429694,-0.0277333170572916,-0.1388757407666485,24.22142857142857,0.0571428571428495,3.5889118877551023,26.375,12.4285714285714,2.994938275510204,0.0,0.0,4.0,4.0,3.983299970626831,4.05049991607666,3.941999912261963,4.0046000480651855,0,71.74119138886999,0.1402190873675937,3.940200090408325,3.717400074005127,0.0057523063067425,0.1227874457507624,256.571,0.1670941622453403,1.8114648063935144,0,1,0,16,8,34,-0.8660254037844385,-0.5000000000000004,-0.8229838658936564,-0.5680647467311559,16.8799991607666,-0.2226695622755743,18.84749984741211,1.0,365.0193004916764,0.4081364684289096,93.75,95.6500015258789,29.307142857142853,34.70000093714284,24.407761460662428,29.231141689009068,386.0238100711586,357.77500003378367,7.062202509343723,372.8294569003483,0.0,0.0855933153723538,0.2996754428932797,0.2865482536648966,0.2987047078130293,0.0608885938502981,0.059199845827111,0.0636637995457889,0.9564082684449664,0.831869951332002,-0.2277277402092126,0.0711014737921014,0.1171215844164748,0.6070739913194007
2019-08-26 00:00:00+00:00,94.1500015258789,94.8499984741211,89.5999984741211,91.3499984741211,28790,41.52047018448397,0.2640298635982693,95.32500038146972,100.57400039672852,95.47799087623072,100.42035605343344,90.229644709506,-2.2584127875541924,-2.29085852363786,0.0324457360836674,0.0329127805790354,-0.0561403355801612,23.592857142857145,1.4142858142856969,3.3870418632653063,24.38214285714286,0.4285714571428521,3.6158910357142857,0.0,0.0,0.0,0.0,4.073299884796143,4.156000137329102,4.011000156402588,4.126200199127197,0,64.08980981414979,0.1616429687420702,4.0046000480651855,3.775199890136719,0.0036274424619439,0.1495634083137409,256.571,0.1670941622453403,1.8114648063935144,0,1,0,17,8,35,-0.8660254037844385,-0.5000000000000004,-0.8854560256532096,-0.4647231720437691,19.31999969482422,0.1350113735383326,20.46999979019165,1.0,388.4817550439074,0.1956500839490497,91.1500015258789,93.75,29.85,44.82857392285713,24.406108647532136,27.372911351469316,394.16340021612257,353.03152376817627,10.282969111986574,379.090376157772,58.4622152457209,0.2724800240506886,0.331570423793005,0.3031969712100372,0.8986897658520234,0.0557620808806565,0.0629307556616619,0.0633857405261391,0.8797258124704427,0.3569526730844967,-0.269927682187684,0.0703060485482103,0.1235198144540824,0.5691883781323386
2019-09-02 00:00:00+00:00,93.5999984741211,94.1999969482422,91.9000015258789,93.8499984741211,38,49.57264511394754,0.2673883873512587,94.27250022888184,100.29100021362304,94.77283355126146,98.15613498729545,90.38886547046825,-1.8364546202755747,-2.086408139197793,0.2499535189222181,0.0107991362470645,-0.037532149366364,25.942857142857143,0.1714285714285536,3.5988069816326527,24.0,2.6000001714285363,3.344322462244898,0.0,0.0,0.0,0.0,4.151500225067139,4.18120002746582,4.102000236511231,4.143899917602539,0,65.16295211756409,0.1724246735567389,4.126200199127197,3.837300062179565,0.0142054960293954,0.1674718415924319,256.571,0.1670941622453403,1.8114648063935144,1,1,1,18,9,36,-1.0,-1.8369701987210292e-16,-0.9350162426854148,-0.3546048870425359,18.979999542236328,-0.0177550439249548,19.06749963760376,1.0,387.8690259645082,1.2534554406941998,94.1500015258789,91.1500015258789,27.25,160.1428712642857,24.37990808962684,25.774659017273137,402.1708508511801,353.2110691367562,12.23994542860599,382.60183608046657,76.79787312961295,0.2481992532359125,0.3179500170782864,0.3016546151001552,0.8227927987296916,0.0245726010668601,0.0543010378705124,0.0616056178944821,0.3988694199976015,0.0005427389033102,-0.2476036189634742,0.0774281535664666,0.1235040919303884,0.6269277890875887
2019-09-09 00:00:00+00:00,95.0,95.0,92.1999969482422,92.3499984741211,12,62.14510676580546,0.2666608730786691,93.3974994659424,99.25300003051758,94.26291110739886,95.9242981979874,90.87070073389737,-1.2524313512531648,-1.7060676689468428,0.4536363176936779,0.0149572815032255,-0.0246406723642733,28.15,0.3571428571428394,4.168680624489796,28.5,0.2857142857142501,3.822882858163265,0.0,0.0,0.0,0.0,4.184500217437744,4.184800148010254,4.04670000076294,4.061299800872803,0,48.71790393192567,0.168541395871701,4.143899917602539,3.91759991645813,-0.0058229142401886,0.1749017267395997,256.571,0.1670941622453403,1.8114648063935144,1,0,2,0,9,37,-1.0,-1.8369701987210292e-16,-0.970941817426052,-0.2393156642875577,15.270000457763672,-0.2174956198550538,17.612499713897705,1.0,385.82348108291626,-0.7493855862642003,93.5999984741211,94.1500015258789,26.464285714285715,86.05714583571428,24.64572047094124,24.130210970075797,404.2856964656339,359.31108482587024,11.243652909940906,383.8904940814465,76.93822287097053,0.2222287413777855,0.2343679128426805,0.3018605725052211,0.7361966227370604,0.0294737163342926,0.0458727317597548,0.0593196996558426,0.4968621138790354,0.0001806896925564,-0.238840639886997,0.1344008921479669,0.1276306712442131,1.0530453245078228
2019-09-16 00:00:00+00:00,100.8000030517578,101.1500015258789,98.3499984741211,98.3499984741211,5,67.92453683805726,0.2534703183747323,94.75749969482422,98.26900009155274,96.48740429611269,101.11949928103547,88.39550010861295,0.735634506611305,-0.4130719022428875,1.1487064088541925,0.0610526637027135,0.0661025890880053,30.514285714285712,0.057142857142852,4.698641863265307,27.85,0.6857142857142553,4.321865321428571,3.0,0.0,5.0,5.0,4.093299865722656,4.126299858093262,4.024600028991699,4.0854997634887695,0,41.329429437330326,0.1573543404286854,4.061299800872803,3.9900999069213854,-0.010946235214547,0.1743935787521637,256.558,-0.0050668236082906,1.7497798894291483,1,0,3,0,9,38,-1.0,-1.8369701987210292e-16,-0.992708874098054,-0.1205366802553235,14.670000076293944,-0.040085551852947,17.05999994277954,0.0,411.8183886276237,-1.0895566978464093,95.0,93.5999984741211,29.071428571428577,12.214285899999986,24.85244818249342,22.617662796891175,418.0306701510268,368.9656552084511,12.266253735643906,395.06165189991736,94.89927752577675,0.2778976564728865,0.2541421969939473,0.3176580301972292,0.8748327487645016,0.0277778072121693,0.0396949598688553,0.0592854928530408,0.4685429974512665,7.531895695294519e-05,-0.3433180080939985,0.1326908211853245,0.1277132212182533,1.0389747398886555
2019-09-23 00:00:00+00:00,99.0,100.9000015258789,96.8499984741211,96.8499984741211,75031,67.82840627614297,0.2759196475460282,96.15249977111816,97.54400009155272,97.0854301605326,102.1776647622644,90.1273347799719,0.7475852505488092,0.3162707087297909,0.4313145418190183,-0.0178571725918852,0.0588235294117647,30.65,0.0857142857142806,5.233035102040817,29.492857142857144,0.0428571428571403,4.917035978571429,6.0,0.0,5.0,0.0,4.074399948120117,4.181099891662598,4.040200233459473,4.1483001708984375,0,44.99029252133726,0.1306638975621482,4.0854997634887695,4.067999839782715,0.0065320907077452,0.1448143850433321,256.558,-0.0050668236082906,1.7497798894291483,1,0,4,0,9,39,-1.0,-1.8369701987210292e-16,-1.0,-1.8369701987210292e-16,14.90999984741211,0.0162275211871492,15.957499980926515,0.0,410.6817169189453,0.6582758943828105,100.8000030517578,95.0,29.664285714285715,22.80000067142856,25.15182940574269,21.16122372243737,427.291938447952,370.8043678490448,14.121892649726828,401.30967790752857,87.26094538848508,0.2647481009954038,0.2523137118599853,0.3131274881646348,0.8454961718379832,0.0409091217349273,0.0356990654457812,0.0584874831465372,0.6994507634723168,1.069898993355668,-0.2307344428495596,0.1318827651086338,0.1295013732885589,1.0183888523782687
2019-09-30 00:00:00+00:00,101.1500015258789,102.9000015258789,97.25,98.8499984741211,91737,61.111117838968994,0.2628736928011986,97.9199996948242,96.96700012207032,98.49906730961816,103.96512941170784,91.8748699779406,1.2737657561858242,0.8598598692611961,0.4139058869246281,0.0217171871300898,0.1006528818978877,24.65,40.17142857142856,4.624138526530612,29.607142857142858,15.042857142857123,5.172982873469388,0.0,0.0,0.0,0.0,4.122300148010254,4.192999839782715,4.121399879455566,4.157100200653076,0,63.17760254419685,0.1196388528302842,4.1483001708984375,4.168099880218506,-0.0044017571176266,0.1262859617657654,256.558,-0.0050668236082906,1.7497798894291483,1,0,5,0,9,40,-1.0,-1.8369701987210292e-16,-0.992708874098054,0.1205366802553232,16.239999771118164,0.0854452020971053,15.272500038146974,1.0,420.49069163929016,-0.4351088881543694,99.0,100.8000030517578,29.182142857142857,31.514287699999983,25.43926898325238,20.76649039472252,437.02637651121273,377.38076262317503,14.91140347200943,408.9820834002333,91.83756086475968,0.2161173777662683,0.2422819209165082,0.313748163175281,0.6888243382552877,0.0558576514151942,0.0357181795526887,0.0596656357036306,0.9361777746049812,1.227853675316011,-0.0978496121351842,0.0943709297537182,0.1293862376837996,0.7293737274485805
2019-10-07 00:00:00+00:00,97.0,102.9000015258789,96.5999984741211,101.0500030517578,106018,50.62762120677184,0.2499208988634983,99.57999992370604,96.79100006103516,99.00643392528336,102.73301115730936,96.42698869010276,0.8598221572785718,1.0639561410356555,-0.2041339837570839,-0.041028190442658,0.0335642149930084,29.207142857142856,12.214285728571411,4.699871334693877,25.732142857142858,88.79999999999998,4.448221186734694,1.0,0.0,0.0,0.0,4.1458001136779785,4.182600021362305,4.0518999099731445,4.054599761962891,0,45.53986567935253,0.1018453196375108,4.157100200653076,4.105999946594238,-0.0029063932832572,0.1166400216895603,256.558,-0.0050668236082906,1.7497798894291483,1,0,6,0,10,41,-0.8660254037844386,0.5000000000000001,-0.970941817426052,0.2393156642875573,17.860000610351562,0.0950862889827494,15.920000076293949,1.0,393.2961769104004,-0.2855725047174294,101.1500015258789,99.0,30.77142857142857,15.50000008571427,25.45816407189048,25.155749078933965,431.8576149271173,386.2858721210125,11.392935701526206,402.70772080430015,55.82574867279966,0.3472515939350866,0.2845601923949951,0.3334591033832982,1.0413618341746578,0.0649484850696681,0.0437933563532503,0.0610717001837429,1.0634790621428711,1.3407178325030504,-0.0513172673593288,0.1252246824512309,0.1247286425133397,1.0039768724178115
2019-10-14 00:00:00+00:00,94.8499984741211,97.8000030517578,92.1999969482422,97.0999984741211,125952,35.17240326980064,0.2407908445060587,98.28249931335448,96.34099975585936,97.2621789945749,103.62648673105346,92.93851189565552,-0.6654205329484881,0.1592662775156749,-0.824686810464163,-0.0221649641843185,-0.0467336836771749,27.214285714285715,13.714284742857126,4.042912563265306,29.342857142857145,5.085713971428537,4.819121449999999,2.0,0.0,0.0,0.0,4.104800224304199,4.135499954223633,4.0706000328063965,4.108500003814697,0,38.665551737148654,0.1006116702030814,4.054599761962891,4.058899879455566,-0.0069555514836737,0.0950775960656545,256.759,0.0783448576930023,1.7113045131695204,1,0,7,0,10,42,-0.8660254037844386,0.5000000000000001,-0.9350162426854148,0.3546048870425355,14.56999969482422,-0.203599010360948,15.894999980926515,0.0,389.69121909275054,-0.7739000060603722,97.0,101.1500015258789,27.59642857142857,73.3285721142857,25.70878943130768,23.8609081042562,432.6387417612401,374.4411605194531,14.549395310446757,397.5011201196804,23.497297315374556,0.3486628752393468,0.2764546607479903,0.3293554527047839,1.0586218075024585,0.0590406557048443,0.0497067442273607,0.0605403461590221,0.9752280866957816,1.5854505906163985,-0.0691945781208833,0.1164696076066239,0.1225644516416439,0.9502722571177258
2019-10-21 00:00:00+00:00,96.3499984741211,97.0,92.25,94.9000015258789,112518,35.714285714285694,0.206968257132893,97.45749931335448,96.11399948120118,96.25930013689216,103.84599926755584,91.06899935915314,-0.8853802458277045,-0.5982446803022302,-0.2871355655254742,0.0158144441131358,-0.0208333640240713,28.635714285714283,2.499999885714268,4.755435767346938,29.875,27.542855257142826,3.8616786102040814,1.0,0.0,0.0,0.0,4.085912227630615,4.185699939727783,4.085912227630615,4.111100196838379,0,43.668537998444165,0.1039952734240205,4.108500003814697,4.166600227355957,2.4373134585953664e-05,0.0984872219935491,256.759,0.0783448576930023,1.7113045131695204,1,0,8,0,10,43,-0.8660254037844386,0.5000000000000001,-0.8854560256532101,0.464723172043768,14.0,-0.0399072696463653,15.667500019073488,0.0,396.1044976923368,-0.0759075442344069,94.8499984741211,97.0,24.05,145.7857183142857,25.97757720993299,24.098453081861788,427.8530432355273,371.9382494318616,13.978698450916424,396.9424711487429,34.499485123106666,0.2570708174168654,0.2761988680029058,0.3016775923317029,0.8521375648372094,0.0492994299452512,0.054011068773977,0.0567402574153208,0.8688614310608544,1.533888398501592,-0.0894302912113472,0.1155734537796616,0.1147092951482488,1.007533378659177
2019-10-28 00:00:00+00:00,100.5,100.8000030517578,95.5500030517578,95.5500030517578,122014,63.333341810438334,0.2516349958246745,96.95999908447266,96.53599945068362,97.22665342059668,102.64030736575404,91.27969080319126,0.2120542723485385,-0.2980735358537714,0.51012780820231,0.043072149367948,-0.0039643361727433,29.00714285714286,9.485714071428552,4.346786634693878,29.07857142857143,4.17142848571425,4.898511424489796,2.0,0.0,0.0,0.0,4.124374866485596,4.1305999755859375,3.97160005569458,4.002900123596191,0,35.07273185673432,0.1139217102309479,4.111100196838379,4.1691999435424805,-0.0120887604630908,0.1054359040974879,256.759,0.0783448576930023,1.7113045131695204,1,0,9,0,10,44,-0.8660254037844386,0.5000000000000001,-0.822983865893657,0.5680647467311548,13.109999656677246,-0.0656820580275035,14.88499999046326,0.0,402.2914624214173,-1.2872209040020823,96.3499984741211,94.8499984741211,28.960714285714285,86.27142719999998,26.177641353070957,22.812838591787752,405.99121916650927,384.7004588919432,5.322690068641533,399.0820676578127,29.033008798716693,0.2682094153626893,0.2724117345155109,0.2837250107013278,0.945314638447162,0.0522388059701492,0.0562770056210214,0.0551686276693696,0.9468931657007886,1.7885882108911368,-0.116171305437811,0.1279511634371975,0.1218652796252699,1.0499393537785973
2019-11-04 00:00:00+00:00,103.6500015258789,104.75,97.0500030517578,100.5,159919,71.90476484579729,0.2728645117930239,97.35499877929688,97.46299942016604,99.05003820789956,104.10527391685068,90.60472364174308,1.3609747148838809,0.5129675612130138,0.8480071536708669,0.0313432987649642,0.0469697123826151,28.607142857142858,46.6571433142857,4.700736418367347,30.285714285714285,36.77142834285711,4.388883858163266,1.0,0.0,0.0,0.0,3.988800048828125,4.02899980545044,3.955399990081787,3.989399909973145,0,32.52326937873856,0.1180213501214079,4.002900123596191,4.082900047302246,-0.0090522716343594,0.1185422497668181,256.759,0.0783448576930023,1.7113045131695204,1,0,10,0,11,45,-0.5000000000000004,0.8660254037844384,-0.7485107481711011,0.6631226582407952,12.829999923706056,-0.0215890989067372,13.627499818801883,0.0,413.50130675605766,-0.9835720211289424,100.5,96.3499984741211,24.17142857142857,143.69999557142853,26.4426783164673,23.713392769276098,420.6735828603879,380.1206601208932,10.13823068487366,404.84976329711066,86.85044013458258,0.2736612138887826,0.2436413229292746,0.283332991371344,0.9658642394788128,0.0742884402786979,0.0599631633937221,0.0559679022100122,1.3273398514480992,2.335953117045636,-0.0936654836129676,0.1239474033254041,0.1220049675463103,1.0159208732148362
2019-12-23 00:00:00+00:00,125.3000030517578,133.35000610351562,124.9000015258789,132.89999389648438,106430,52.533613914122505,0.4357684291084553,126.1699996948242,112.1209994506836,125.396119574433,138.93167682138989,113.40832256825855,5.234659557140915,6.168602385232061,-0.933942828091146,-0.077319585891306,0.0872017618373779,27.0,26.3857154142857,4.637628412244898,27.5,121.2000050285714,3.3892334459183675,0.0,0.0,0.0,0.0,4.0619001388549805,4.102700233459473,4.037999153137207,4.079899787902832,0,22.086482505154905,0.1148350774709466,4.0858001708984375,4.191699981689453,-0.0003542564839963,0.1162555042884801,257.208,-0.0536243034669148,2.05127798189162,0,0,0,0,12,52,-2.4492935982947064e-16,1.0,6.432490598706546e-16,1.0,12.609999656677246,0.0379843088389537,13.879999876022342,0.0,511.2114558750909,0.0181986550672847,135.8000030517578,127.3000030517578,26.29642857142857,40.85714491428569,26.81958945424681,47.41963059384365,565.9634224762173,486.57921022790686,19.84605306207761,516.521670753159,58.16731306196479,0.5079133827192945,0.3510717590318462,0.3184758206762924,1.5948255214241096,0.0674381833346505,0.0761865049894545,0.057332003300095,1.1762744660937767,1.4079550851345968,-0.7874808868176748,0.1016722270138838,0.1269093898327307,0.8011402397922455
2019-12-30 00:00:00+00:00,132.14999389648438,132.8000030517578,125.3499984741211,126.0500030517578,63272,54.78775211280845,0.4498743506762296,128.76999893188477,115.03299926757816,127.08231985928236,138.0550407567677,119.48495710700182,4.397245609606472,5.19928805418711,-0.8020424445806382,0.0110940855554602,0.1265983841294029,27.814285714285717,37.81428845714285,4.479862471428572,26.946428571428573,53.88571829714283,4.745448095918368,0.0,0.0,0.0,0.0,4.082200050354004,4.083600044250488,4.009399890899658,4.022299766540527,0,18.583771732935205,0.0998608201143048,4.079899787902832,4.188000202178955,0.0027243173905341,0.1157399316035629,257.208,-0.0536243034669148,2.05127798189162,0,0,0,0,12,1,-2.4492935982947064e-16,1.0,0.120536680255323,0.992708874098054,14.81999969482422,0.1614874765251844,13.85749983787537,0.0,531.5468895981612,0.3260560425203248,125.3000030517578,135.8000030517578,26.764285714285712,7.199999999999964,26.827772623097243,47.8367975424436,567.0768889282855,493.8961016169877,18.295196827824427,522.5317582911599,58.0951260988098,0.4009862220403966,0.3508434435307079,0.318317775303273,1.259704108767791,0.0563753683066565,0.0614853432426502,0.0572174383820945,0.9852828097154102,0.8938118166746515,-0.8043545579782335,0.1018620409373385,0.1279293824514542,0.796236415927579
2020-01-06 00:00:00+00:00,122.1500015258789,134.64999389648438,121.5500030517578,131.5,80916,41.995616108134,0.4641661274786819,129.58999900817872,117.36499923706054,126.73549263976324,137.15046341528722,122.02953460107022,2.358173161901618,3.97849177587898,-1.6203186139773615,-0.0781131960311025,0.0128524301108545,27.164285714285715,42.91428572571427,5.03055967755102,27.88214285714286,72.02857492571425,4.769199785714286,0.0,0.0,0.0,0.0,4.015711784362793,4.067005157470703,4.000820159912109,4.057000160217285,0,48.38524152236085,0.0778219196375085,4.022299766540527,4.184599876403809,-0.008022856595649,0.0795651589597172,257.208,-0.0536243034669148,2.05127798189162,0,0,0,0,1,2,0.4999999999999999,0.8660254037844387,0.2393156642875577,0.970941817426052,13.850000381469728,-0.0676923390994949,13.35500001907349,0.0,495.5625757610324,-0.7486613560979852,132.14999389648438,125.3000030517578,26.110714285714288,23.47142857142853,26.895796509164704,49.39755737362235,574.6613214852379,471.9249769703445,25.684086128723347,511.7440852791089,38.97366026523527,0.4617932969075388,0.4182719957911462,0.3460026493555108,1.3346524496884151,0.107245114048985,0.0714117323075912,0.0595352643920288,1.801370954348772,1.1373280465297078,-0.6232019849634642,0.099208728676673,0.1260301682538316,0.7871823245132707
2020-01-13 00:00:00+00:00,114.5500030517578,123.4000015258789,114.1500015258789,122.5999984741211,112451,28.99868921133228,0.4522710230170739,126.56999893188475,119.31899948120116,123.36066602033394,138.13284114710845,115.00715671666109,-0.8860956386210432,1.3810577791265064,-2.26715341774755,-0.062218570439485,-0.1441912750966315,29.035714285714285,61.65714289999998,4.230480140816327,26.817857142857143,132.41428574285712,4.636608342857143,1.0,0.0,0.0,0.0,4.060500144958496,4.138800144195557,4.037520885467529,4.070499897003174,0,46.696400930382914,0.0654172398632479,4.057000160217285,4.087247848510742,0.0083165496900408,0.069915340176308,256.974,-0.0909769525053838,2.2851297401217163,0,0,0,0,1,3,0.4999999999999999,0.8660254037844387,0.3546048870425356,0.9350162426854148,12.31999969482422,-0.1170613268416757,13.399999856948856,0.0,466.27577562389337,0.9226319215094638,122.1500015258789,132.14999389648438,25.60714285714285,26.742857228571395,26.890768162951314,54.75347533292782,556.1962404312827,446.1021079978061,27.523533108369158,493.5567614170227,15.73380450169293,0.4742652938319933,0.4569601051851052,0.3570507463954928,1.328285363738779,0.0807507617072739,0.075543029436971,0.0607846984333597,1.3284716467103512,1.4928032125846384,-0.5218013212393355,0.0651236852406199,0.1160289913559874,0.5612707554106634
2020-01-20 00:00:00+00:00,112.1500015258789,116.3499984741211,111.3499984741211,115.0,78217,8.888879298625781,0.3815461549922717,122.82749938964844,120.09699951171876,120.09275250929228,136.46666134579533,109.18833743350156,-2.637297163368302,-0.7025395125615623,-1.93475765080674,-0.0571668398219642,-0.1516641141089669,28.107142857142858,38.37142878857141,4.470177418367347,28.846428571428568,76.81428589714282,4.363514087755102,1.0,0.0,0.0,0.0,4.145899772644043,4.190499782562256,4.110199928283691,4.161600112915039,0,77.03042725377249,0.0945768610051696,4.070499897003174,4.06879997253418,-0.0052925040408864,0.0659842341966959,256.974,-0.0909769525053838,2.2851297401217163,0,0,0,0,1,4,0.4999999999999999,0.8660254037844387,0.4647231720437685,0.8854560256532099,12.100000381469728,-0.0180184492054933,13.272500038146976,0.0,466.72345901351946,-0.4382734515832562,114.5500030517578,122.1500015258789,22.092857142857145,130.15714337142853,27.01693980220791,56.17675343384492,551.7979287369263,428.2564212613769,30.885376868887366,482.8234404556215,24.15118565372288,0.3759854257239908,0.442143848752258,0.3568658848655252,1.0535762344722523,0.0445831469636336,0.0712785148722399,0.0617852257281984,0.7215825340500593,0.9871185054587668,-0.5068509269535414,0.0961680576286518,0.1215572695287771,0.7911336778961501
2020-01-27 00:00:00+00:00,106.5999984741211,113.6999969482422,106.1500015258789,111.5,122980,16.414671378986327,0.3150091461076653,118.40249977111816,120.36199966430664,116.14837117117202,133.9544977936582,102.85050174857813,-3.8224118584602,-2.537479905679599,-1.2849319527806005,-0.0494873203410267,-0.176197809101927,25.821428571428573,89.97142953714284,3.809103430612245,26.9,100.90000038285712,4.322617359183674,0.0,0.0,0.0,0.0,4.188700199127197,4.229700088500977,4.14739990234375,4.1595001220703125,0,65.25087911894377,0.1019557158666489,4.161600112915039,4.054699897766113,-0.0052724648347129,0.0990280454935624,256.974,-0.0909769525053838,2.2851297401217163,0,0,0,0,1,5,0.4999999999999999,0.8660254037844387,0.5680647467311558,0.8229838658936564,18.229999542236328,0.4098630794509934,14.125000000000004,1.0,443.4027066658018,-0.4362695309659062,112.1500015258789,114.5500030517578,22.110714285714288,0.2571428571428267,27.00939529883966,59.06212420474894,510.7201141792039,425.2621443529196,21.364492456571064,467.0551469396936,0.5027916145983369,0.336773841699522,0.4608062476978,0.3694683549888829,0.9115092755225616,0.0708254740190843,0.0719559730091267,0.0638528136124379,1.109198779508447,1.440281263577861,-0.4527436336842627,0.0955628865249089,0.1165836789958415,0.8196934523861014
2020-02-03 00:00:00+00:00,97.9000015258789,106.8000030517578,97.8000030517578,106.4000015258789,135595,13.566733834280242,0.2490165799777371,111.4700008392334,119.93699981689451,110.40256742270124,125.48782336840782,97.45217831005895,-5.644534134712984,-4.268152061232853,-1.3763820734801309,-0.081613480982875,-0.2297403406671764,28.335714285714285,64.02857378571427,4.497619863265306,27.378571428571423,198.95714562571425,3.8265288163265305,0.0,0.0,0.0,0.0,4.206099987030029,4.284200191497803,4.181700229644775,4.282599925994873,0,70.23669791037702,0.1051499151044434,4.1595001220703125,4.023399829864502,-0.0023052349737039,0.0979460316143201,256.974,-0.0909769525053838,2.2851297401217163,0,0,0,0,2,6,0.8660254037844386,0.5000000000000001,0.6631226582407952,0.7485107481711011,17.969999313354492,-0.0143649009953022,15.154999732971197,1.0,419.26653928962696,-0.1395465448650061,106.5999984741211,112.1500015258789,25.38214285714286,0.5142857142857092,27.033213113661063,68.08760945771445,494.0532745408304,403.7809657555904,22.568077196310004,447.939703879667,0.5799653468824317,0.2015526547322873,0.3809345700317315,0.3688485856378486,0.5464373651301098,0.0919305399359052,0.0790670073349764,0.0670604502486247,1.3708605576978654,1.4712105167219145,-0.4367399114568591,0.0911558736608659,0.1248899454648628,0.7298895521386604
2020-02-10 00:00:00+00:00,100.3000030517578,101.75,97.4000015258789,98.9499969482422,162368,25.40046453746673,0.2745756969622691,106.10500106811524,118.33,105.77223857254454,119.2010792209254,93.00892291530506,-5.752294008782741,-5.3969407807850205,-0.3553532279977203,0.0245148262356713,-0.14529182483222,25.571428571428573,79.82857003285713,3.700573175510204,28.817857142857147,89.57143329714283,4.54646772244898,0.0,0.0,0.0,0.0,4.246500015258789,4.325500011444092,4.207224845886231,4.320400238037109,0,67.73334495832313,0.1162028802316098,4.282599925994873,4.092100143432617,0.0094783060058419,0.106931026691076,256.974,-0.0909769525053838,2.2851297401217163,0,0,0,0,2,7,0.8660254037844386,0.5000000000000001,0.7485107481711011,0.6631226582407953,15.039999961853027,-0.177990346599484,15.834999799728395,1.0,433.3361570599372,1.0388075530895735,97.9000015258789,106.5999984741211,21.535714285714285,3.142857142857108,27.14835143812533,69.47366260864531,480.6512568278197,400.713174186623,19.98452066029918,442.0982851517752,23.42474169566266,0.3008116058548019,0.3746408727683646,0.3723700676312107,0.807829693965692,0.0433698737962785,0.0662919592844351,0.0671834878516923,0.6455435513646172,1.6820043415450785,-0.4383457723687679,0.0910466016937996,0.1234894615632498,0.7372823005981258
2020-02-17 00:00:00+00:00,109.0999984741211,109.4000015258789,99.5,100.6500015258789,111637,55.434782608695656,0.2922212283867236,104.0050006866455,117.01999984741212,105.2040119432966,114.6342498510426,93.3757515222484,-3.653462857339676,-4.886751734012257,1.2332888766725807,0.1093035095758405,-0.0454943520454852,26.585714285714285,61.20000115714284,3.305146693877551,26.014285714285712,170.7714254571428,3.410439601020408,0.0,0.0,0.0,0.0,4.323200225830078,4.380099773406982,4.294353008270264,4.296999931335449,0,63.24689276765004,0.1018311685260101,4.320400238037109,4.183599948883057,0.0092081690106525,0.1180771483215483,256.974,-0.0909769525053838,2.2851297401217163,0,0,0,0,2,8,0.8660254037844386,0.5000000000000001,0.8229838658936564,0.5680647467311559,13.68000030517578,-0.0947783814827506,16.22999978065491,0.0,468.802685951996,1.011793853570634,100.3000030517578,97.9000015258789,23.192857142857143,0.3428571428571124,27.075185907555035,76.00900214725806,482.990009296838,399.41403518684297,20.89399352749876,452.7800454718636,51.07184307906931,0.4116249763825253,0.4289282461311373,0.3909577934245509,1.0528629247886667,0.0907424533853428,0.0682902976200489,0.0689277279501997,1.3164867451606228,1.1446726024313008,-0.4186463270084061,0.1057987214112734,0.1240736703734987,0.8527088186051045
2020-02-24 00:00:00+00:00,105.9000015258789,111.5,102.9000015258789,109.6999969482422,33304,65.2671773508293,0.3792317922629991,102.74250068664551,115.1019999694824,105.65788721043552,110.27853801847706,95.20646335481396,-1.6957032775272154,-3.0919209903560074,1.396217712828792,-0.029330861530683,-0.0595026380020959,26.314285714285717,32.58571317142856,4.072131573469387,27.89642857142857,108.9142869428571,3.5773380173469387,0.0,0.0,0.0,0.0,4.326600074768066,4.403200149536133,4.321497917175293,4.389800071716309,0,73.58187008044287,0.1044322823806033,4.296999931335449,4.169099807739258,-0.0115152497709835,0.1071891922472752,256.974,-0.0909769525053838,2.2851297401217163,0,0,0,0,2,9,0.8660254037844386,0.5000000000000001,0.8854560256532099,0.4647231720437686,25.030000686645508,0.6041401983740081,17.930000066757202,2.0,464.8798342930604,-1.0605480245929662,109.0999984741211,100.3000030517578,22.214285714285715,0.0285714285714234,27.128169305224297,78.13192374697412,494.8780450916625,398.2645632056478,24.15337047150367,457.6199610003423,63.83921758153824,0.4127666481258234,0.3937699597887573,0.3722894944092,1.108724912298718,0.0812086718621954,0.0756154025997613,0.0697407372898261,1.1644365025902474,0.3547063506644242,-0.4142185816719475,0.1047568982480418,0.1192661361824907,0.87834562951126
2020-03-02 00:00:00+00:00,114.6500015258789,114.6500015258789,103.9000015258789,106.4499969482422,660,71.38599170203746,0.3953754171535122,104.30750007629396,112.74099990844726,107.43006027799773,114.39815520044718,94.21684495214072,0.2740897693092705,-1.329908184646448,1.6039979539557183,0.0826251168453642,0.1295566652795952,25.49285714285714,67.07142674857141,3.096160951020408,25.24642857142857,82.67142425714283,3.785250546938776,0.0,0.0,0.0,0.0,4.386799812316895,4.51230001449585,4.35047721862793,4.441299915313721,0,68.02758218645695,0.1016023489192168,4.389800071716309,4.242199897766113,-0.0005693529408395,0.10136124376413,256.974,-0.0909769525053838,2.2851297401217163,0,0,0,0,3,10,1.0,6.123233995736766e-17,0.9350162426854148,0.3546048870425355,33.41999816894531,0.2890793355014741,21.792499780654907,2.0,509.195042067604,0.0340416584214338,105.9000015258789,109.0999984741211,22.85,3.257142857142822,27.00676667723748,78.42479474763017,531.284765779994,406.8220939063048,31.11566796842232,478.2499934272469,95.98784606331655,0.4407595986349185,0.4269191794613236,0.393818835950451,1.1191937693362024,0.0937636271864636,0.0802030332332371,0.0714768858639071,1.311803290464527,0.0075319121984444,-0.7322713058461798,0.0947435712734585,0.118964808128344,0.7963999169169943
2020-03-09 00:00:00+00:00,108.9499969482422,121.0500030517578,103.6999969482422,118.6999969482422,341,52.531638642328616,0.4703727033105741,107.92249984741213,111.10700012207032,109.16060255351992,118.44658177682004,97.39841791800418,0.8233518052959568,0.3692503626963322,0.4541014425996245,-0.0497165678305734,0.1100356113546845,25.935714285714287,31.98571404142856,3.756729442857143,25.639285714285712,139.17142643999995,3.1733420551020406,0.0,0.0,0.0,0.0,4.472499847412109,4.788899898529053,4.448660850524902,4.589799880981445,0,83.37128684149454,0.1078104433308955,4.441299915313721,4.280799865722656,-0.0097467633236826,0.1097326840204819,256.974,-0.0909769525053838,2.2851297401217163,0,0,0,0,3,11,1.0,6.123233995736766e-17,0.970941817426052,0.239315664287558,54.459999084472656,0.4883120020565508,31.64749956130981,2.0,500.0586830259709,-0.8836993798628762,114.6500015258789,105.9000015258789,18.25,18.514285714285684,26.918542098982527,82.34393227617016,530.1139766327857,441.3541460365298,22.189957649063945,486.9734692667365,85.93378129919168,0.3561377271582372,0.4161932724891279,0.3970130418894068,0.8970428691534406,0.1592474216567247,0.093666409577401,0.0769742854494807,2.068838964057045,0.0041576087287831,-0.6769357348399133,0.1033201111997823,0.1276009151094928,0.8097128693316645
2020-03-16 00:00:00+00:00,103.9000015258789,114.4499969482422,103.9000015258789,111.3000030517578,270,46.81275281861985,0.5541902978873476,109.46750030517578,109.05000045776366,108.9702392900256,118.29886150100069,100.63613910935088,0.024659729250402,0.5311911560275749,-0.5065314267771729,-0.0463514966848722,-0.0052656336853301,27.935714285714287,5.842857199999986,4.552938042857143,25.835714285714285,20.6714291685714,4.095983857142857,0.0,0.0,0.0,0.0,4.7230000495910645,4.988125801086426,4.615200042724609,4.85260009765625,0,79.32293445079414,0.1784796004713594,4.589799880981445,4.346766948699951,-0.0035668452435772,0.1089284618449371,256.974,-0.0909769525053838,2.2851297401217163,0,0,0,0,3,12,1.0,6.123233995736766e-17,0.992708874098054,0.120536680255323,82.69000244140625,0.4176322348242732,48.90000009536743,2.0,504.1851575509645,-0.2657075718523362,108.9499969482422,114.6500015258789,24.267857142857142,0.0,26.848682240062,78.36506110793799,534.8781377082024,454.2812207605974,20.14922923690126,493.8581445804278,78.76581938323051,0.3669691530915974,0.3836657857530248,0.396993562426114,0.9243705152427762,0.101539896702846,0.1053004141587145,0.0794393399861156,1.278206540217074,0.0035558552424495,-0.6429671578302519,0.1654197311176353,0.1393163087585077,1.1873679450601586
2020-03-23 00:00:00+00:00,121.25,124.9000015258789,102.8000030517578,104.4000015258789,75351,50.18587075919847,0.5818726299747231,111.31000022888183,108.27300048828124,111.21071964785394,122.35696248625082,100.26303797151284,1.819088658238656,0.6637421500071252,1.1553465082315302,0.1669874708307837,0.113918251719838,26.7,26.9714294142857,3.998319012244898,27.925,21.385714742857115,4.508565891836735,0.0,0.0,0.0,0.0,4.9994001388549805,5.2104997634887695,4.983500003814697,5.045499801635742,0,80.75809837149656,0.2147237016107446,4.85260009765625,4.392300128936768,0.0129424509657606,0.1922734471937471,256.974,-0.0909769525053838,2.2851297401217163,0,0,0,0,3,13,1.0,6.123233995736766e-17,1.0,-1.6081226496766366e-16,61.59000015258789,-0.2945991830824512,58.03999996185303,2.0,611.7668509483337,1.3852220490814438,103.9000015258789,108.9499969482422,21.17142857142857,0.0,26.918122095541868,74.68897424567471,638.848494884951,423.7543719114855,53.7735307433664,541.0216271275901,94.46816800953536,0.6449178598384102,0.5472158918076812,0.4938549882026775,1.305885051655864,0.1822680286525452,0.123605529212155,0.0848383194048079,2.148416051226672,1.0508809291698848,0.767910903396951,0.1215652372723285,0.1451188653955757,0.8376941796231331
2020-03-30 00:00:00+00:00,119.3000030517578,130.64999389648438,115.6500015258789,121.4499969482422,98647,54.512960971588086,0.6375604141468614,114.62000045776368,109.06700042724609,115.66873568218702,130.04183622107786,99.19816469444947,3.457300013191613,2.615477334385279,0.8418226788063343,-0.0160824490576676,0.0835604423718421,25.428571428571427,18.61428617142856,3.750082320408164,25.635714285714283,66.65714508571426,3.632584671428571,0.0,0.0,0.0,0.0,5.14169979095459,5.175600051879883,4.973899841308594,5.104629039764404,0,70.18338261455362,0.2351323485968603,5.045499801635742,4.484799861907959,-0.0096059464147616,0.2231135753169457,256.974,-0.0909769525053838,2.2851297401217163,0,0,0,0,3,14,1.0,6.123233995736766e-17,0.992708874098054,-0.1205366802553228,57.08000183105469,-0.0760456974890514,63.95500087738037,2.0,608.9822600219849,-0.8696176889707762,121.25,103.9000015258789,23.257142857142856,2.128571428571424,26.835386107811058,74.17079171922565,681.3136815358297,431.1827942377973,62.5327218245081,568.205880285348,90.35749007078137,0.6402477602467159,0.5488855834564921,0.4908579587430249,1.3043442319704903,0.1257333779287313,0.1325104704254622,0.0877759324172251,1.4324355223790506,1.5139718605996195,0.7679997200062911,0.1359231411454933,0.1394364297975386,0.974803583215789
2020-04-06 00:00:00+00:00,116.6500015258789,120.4000015258789,112.4000015258789,118.6500015258789,82512,61.863676207162506,0.623448294762012,115.81250076293944,109.65700042724607,116.25400926519544,130.10301343932463,101.52198808655426,2.084154743578708,2.574984526332772,-0.4908297827540639,-0.0222129208557454,0.1046401819263831,27.664285714285715,29.514285457142844,3.568960681632653,25.732142857142858,30.04285699999997,3.855032073469388,0.0,0.0,0.0,0.0,5.190701007843018,5.348700046539307,5.166500091552734,5.348499774932861,0,74.80046721192771,0.2398595197515679,5.104629039764404,4.606200218200684,0.016200020371037,0.2375123878625016,256.974,-0.0909769525053838,2.2851297401217163,0,0,0,0,4,15,0.8660254037844387,-0.4999999999999998,0.970941817426052,-0.2393156642875575,45.2400016784668,-0.2324721363380716,61.650001525878906,2.0,623.9025069070813,1.7109789896090837,119.3000030517578,121.25,22.23928571428572,14.84285714285711,26.76420912389698,71.32382818895302,698.6634281668271,475.7549595473551,55.72711715486801,590.4845309340413,97.8482912821942,0.6260957924839429,0.5128246162009845,0.4908994521154017,1.275405334090097,0.0685812249923133,0.1274739899866321,0.0889548753046126,0.770966369721767,1.2837139834461877,0.7856136854100119,0.1198864403711755,0.1510787253864762,0.7935361655264895
2020-04-13 00:00:00+00:00,119.75,122.0,116.5999984741211,117.0500030517578,78016,48.34437097246311,0.5755103214221932,117.6150005340576,110.9140003967285,117.32273529589835,130.747205137216,104.4827959308992,1.974070145445168,2.258477216621392,-0.2844070711762239,0.0422106040880141,0.0971140478784866,26.05,11.285713657142844,3.515546816326531,27.45357142857143,51.17142759999997,3.608879846938776,0.0,0.0,0.0,0.0,5.284900188446045,5.286399841308594,5.050000190734863,5.105500221252441,0,47.36921262123676,0.2218000965263162,5.348499774932861,4.790200233459473,0.017579005931702,0.2395395432259829,256.974,-0.0909769525053838,2.2851297401217163,0,0,0,0,4,16,0.8660254037844387,-0.4999999999999998,0.9350162426854148,-0.3546048870425354,41.16999816894531,-0.0942718970429547,51.27000045776367,2.0,611.3836514949799,1.848877545675584,116.6500015258789,119.3000030517578,26.375,12.4285714285714,26.80868411129533,70.02367331224637,627.4286673539758,600.5889673322141,6.709925005440425,598.8441791584168,88.89488523366072,0.6287679541349105,0.4821164094991291,0.4679499052190011,1.3436650668921402,0.0450939584624543,0.104643297347778,0.0847155143757014,0.5322986405947152,1.1614881865144395,0.8172484848016637,0.297926255458195,0.1775967148980148,1.6775436350488984
2020-04-20 00:00:00+00:00,113.6500015258789,121.1999969482422,113.0500030517578,119.9000015258789,47378,40.93097712822748,0.5231853595575899,119.34000015258788,112.73600021362304,117.15797857362308,127.0756714791151,111.60432882606068,0.8483146487467081,1.6482654263701249,-0.7999507776234167,-0.0509394444603014,-0.0257179593721175,25.12142857142857,10.52857124285713,3.0193866408163266,25.685714285714287,18.085713571428546,3.2506243693877552,0.0,0.0,0.0,0.0,5.198599815368652,5.298500061035156,5.071872234344482,5.232699871063232,0,53.27225151313255,0.1945759120899778,5.105500221252441,5.094200134277344,-5.87448339854542e-05,0.2124116730914613,256.974,-0.0909769525053838,2.2851297401217163,0,0,0,0,4,17,0.8660254037844387,-0.4999999999999998,0.8854560256532099,-0.4647231720437685,43.83000183105469,0.0626087649006523,46.83000087738037,2.0,594.6963483308027,0.0851024691068383,119.75,116.6500015258789,24.38214285714286,0.4285714571428521,26.73623444512882,66.67283719993554,633.6901321487168,585.7922512287076,11.9744702300023,597.1850468273711,31.805435897756567,0.6622625208167643,0.5048657484597396,0.4689212606759506,1.4123106846104725,0.071711339965346,0.098677586000278,0.0854204229377547,0.8395103782440625,0.6813880307657696,0.8108102785175807,0.2665060555585956,0.179189412645925,1.4872867584668017
2020-04-27 00:00:00+00:00,104.5999984741211,113.5999984741211,104.3000030517578,113.0,9024,29.67959640644048,0.4458104052639836,115.53000030517578,113.47300018310546,113.513675555652,125.31023905963104,105.7497615507205,-1.934784948106256,-0.1601841913761079,-1.7746007567301474,-0.0796304701297964,-0.1608504035805822,25.564285714285717,1.7142857857142717,3.3718679408163266,25.00357142857143,16.257142685714257,3.1237965408163264,0.0,0.0,0.0,0.0,5.315999984741211,5.713500022888184,5.303800106048584,5.5725998878479,0,69.60023474270045,0.1893116023622019,5.232699871063232,5.022600173950195,0.0003440613832151,0.189869456574838,256.974,-0.0909769525053838,2.2851297401217163,0,0,0,0,4,18,0.8660254037844387,-0.4999999999999998,0.8229838658936565,-0.5680647467311557,33.290000915527344,-0.2750614771184991,40.882500648498535,2.0,582.8939397657778,0.1253830908268938,113.6500015258789,119.75,24.0,2.6000001714285363,26.62444973438318,63.42021174740514,639.3708779615681,567.0673452877527,18.075883168453878,591.4686040027339,26.677209493578104,0.1494344372825087,0.5019276246322475,0.4704952169704915,0.3176109527076688,0.0889100913769534,0.0800059985451597,0.0868612137035837,1.0235878287918387,0.1289589607828242,0.8655558740950956,0.3031100920516342,0.1854716989716882,1.6342659143659652
2020-05-04 00:00:00+00:00,105.5500030517578,105.6999969482422,102.6500015258789,105.6999969482422,145,28.305416669981668,0.3545586994242772,112.275,113.2550001525879,110.08880200874624,125.05139720434003,99.49860279565996,-3.0639020068738745,-1.994070103623416,-1.0698319032504586,0.0090822618689783,-0.1156262722982403,24.642857142857142,0.1714285714285673,3.7716471816326527,25.803571428571427,1.8857142857142613,3.521434981632653,0.0,0.0,5.0,5.0,5.653200149536133,5.65399980545044,5.3310651779174805,5.477000236511231,0,63.67743878421317,0.235823147302775,5.5725998878479,5.255300045013428,0.0071134509626887,0.1900971186803232,256.974,-0.0909769525053838,2.2851297401217163,0,1,0,1,5,19,0.4999999999999999,-0.8660254037844387,0.7485107481711013,-0.663122658240795,35.970001220703125,0.0774282125557271,38.56500053405762,2.0,578.0973916782386,0.8023220487742538,104.5999984741211,113.6500015258789,28.5,0.2857142857142501,26.571489843685647,59.45024416923154,621.409773472193,562.1258921627065,14.820970327371644,586.1201190729358,0.0,0.1482622038836133,0.5018790365653639,0.4627074515937714,0.3204231964899204,0.0288962134929327,0.060638565658,0.0850107383888658,0.3399124703708334,0.0020721479027716,0.8656229227497444,0.3267796028167154,0.1891915961073434,1.727241549137795
2020-05-11 00:00:00+00:00,108.9499969482422,110.0999984741211,104.5999984741211,108.3000030517578,71,48.464902961174126,0.3361568669381566,109.77499923706054,113.34100006103516,109.64441296434303,119.82683837176968,99.7231601023514,-1.8167137864374323,-2.1144755553572057,0.2977617689197731,0.0322121629387084,-0.0813659498316482,23.235714285714288,2.071428642857129,3.3426041183673467,24.63928571428572,0.8285714571428532,3.696980928571429,0.0,0.0,0.0,0.0,5.539295196533203,5.870999813079834,5.481327056884766,5.822909593582153,0,71.62322853802266,0.2511656214813863,5.477000236511231,5.105800151824951,-0.001641854656825,0.2591523470857342,256.974,-0.0909769525053838,2.2851297401217163,0,1,0,2,5,20,0.4999999999999999,-0.8660254037844387,0.6631226582407952,-0.7485107481711012,27.56999969482422,-0.2659570776776525,35.165000915527344,2.0,634.4059824506659,-0.0732085131771162,105.5500030517578,104.5999984741211,27.85,0.6857142857142553,26.446831512756624,55.66820076845163,648.6403796737231,546.4064514390193,25.55848205867599,605.4344644240279,62.848021289333616,0.3646805171876897,0.5034058369566695,0.4617662522318357,0.7897513244581674,0.0504818738325695,0.0570186954260512,0.0841629229137618,0.5998112480739731,0.0010980895561628,0.8627910650413021,0.348341594218344,0.2012146558464299,1.7311938608103428
2020-05-18 00:00:00+00:00,105.6999969482422,107.75,103.5500030517578,107.75,17390,50.0,0.337820774769369,106.71749954223633,112.46600006103516,107.793454141028,111.70572444745495,101.72927463701768,-2.099993803291412,-2.11587256216854,0.015878758877128,-0.029830198173791,-0.0891857460693003,23.607142857142858,2.614285628571414,3.115358318367347,22.185714285714283,5.900000114285687,3.223801125510204,0.0,0.0,0.0,0.0,5.8171000480651855,5.966484069824219,5.706500053405762,5.855199813842773,0,59.80223109459476,0.2473937334835823,5.822909593582153,5.230899810791016,-0.0009972075375353,0.2502933508395498,256.974,-0.0909769525053838,2.2851297401217163,0,1,0,3,5,21,0.4999999999999999,-0.8660254037844387,0.5680647467311558,-0.8229838658936564,29.299999237060547,0.060859276017552,31.53250026702881,2.0,618.8946024545295,-0.0087438012481462,108.9499969482422,105.5500030517578,29.492857142857144,0.0428571428571403,26.171920723915186,52.45734911334415,658.4917610610502,548.6541971135556,27.45939098687364,610.8185196362285,63.68386545138332,0.3687191640554567,0.5066827114228298,0.462549468363118,0.7971453461806716,0.0397350716130938,0.0559469180561791,0.0833309080790836,0.4768346794809578,0.2788483355287449,0.5246175914400496,0.2521966956686018,0.1950427889414691,1.293032590986782
2020-05-25 00:00:00+00:00,103.5999984741211,108.6999969482422,102.3499984741211,107.5,43128,45.57821999441553,0.299456360112119,105.94499969482422,112.00900009155274,106.91228281348803,109.95418474518426,101.93581464446416,-1.904912755634797,-1.970773113799104,0.0658603581643064,-0.0114504250256944,-0.0670869371715769,22.57857142857143,10.3714279142857,2.6601894938775508,22.964285714285715,10.442856514285689,2.883639258163265,0.0,0.0,0.0,0.0,5.719200134277344,5.759300231933594,5.44068717956543,5.52869987487793,0,49.3320178542559,0.2674758663606532,5.855199813842773,5.533100128173828,0.0078528141519183,0.2507590785288707,256.974,-0.0909769525053838,2.2851297401217163,0,1,0,4,5,22,0.4999999999999999,-0.8660254037844387,0.464723172043769,-0.8854560256532096,28.15999984741211,-0.0396849641128945,30.25,2.0,572.773298601227,0.8762583676972139,105.6999969482422,108.9499969482422,29.607142857142858,15.042857142857123,25.964976529745545,49.74673668759844,661.677740158889,540.4078974334413,30.317460681361915,595.6004312222279,45.877130235350336,0.4479820285182053,0.5548478528348451,0.466065840695045,0.9611989976311904,0.0612934224676394,0.0538633345566378,0.0810333235000164,0.7563976430468218,0.7131630404675191,0.5358700370768262,0.3734488987167583,0.2302896869004807,1.621648314028324
2020-06-01 00:00:00+00:00,98.3000030517578,107.0999984741211,94.8000030517578,104.6500015258789,111134,28.57143295740002,0.2843513742588299,104.85750007629396,111.26399993896484,104.14168830291666,112.14925786215258,97.56574229043532,-2.919807548997668,-2.3083323854252664,-0.611475163572401,-0.0511582577261061,-0.0606784365172782,20.685714285714287,18.142855714285705,2.55709617755102,21.667857142857144,32.08571228571426,2.613566944897959,0.0,0.0,2.0,2.0,5.443299770355225,5.457499980926514,5.268927097320557,5.334799766540527,0,26.960932371368656,0.2498256363293221,5.52869987487793,5.486000061035156,-0.0042776030250767,0.2708232927671573,256.974,-0.0909769525053838,2.2851297401217163,0,1,0,5,6,23,1.2246467991473532e-16,-1.0,0.3546048870425358,-0.9350162426854148,28.229999542236328,0.0024827001786565,28.3149995803833,2.0,524.4108333314506,-0.3367833500022862,103.5999984741211,105.6999969482422,25.732142857142858,88.79999999999998,25.68774302091404,48.60731575844463,686.8371201353576,488.4052382835788,49.60797046294471,567.124592065917,33.85888423742958,0.520798383870688,0.3638329190141856,0.478893398440896,1.0875037632408,0.1251271112971074,0.0611067385406685,0.083252140979508,1.502989530299422,1.839711033564564,-0.0726145886342776,0.327828582111222,0.244107896252505,1.3429658512253038
2020-06-08 00:00:00+00:00,98.9000015258789,100.75,96.25,98.4499969482422,91972,32.828303651279725,0.2821972228261815,102.4550003051758,108.70600006103516,101.98888155471948,109.84994074230968,95.06005986804188,-2.8723420490437803,-2.7505999332511,-0.1217421157926801,0.0061037482756249,-0.0795718535616316,23.95,0.3714285857142756,2.7176474897959184,21.05714285714286,17.299998292857126,2.719868230612245,0.0,0.0,2.0,0.0,5.366000175476074,5.368500232696533,4.882454872131348,4.959499835968018,0,20.05835735439142,0.2467928934084548,5.334799766540527,5.828719139099121,-0.0128140860659444,0.2405406380344976,256.974,-0.0909769525053838,2.2851297401217163,0,1,0,6,6,24,1.2246467991473532e-16,-1.0,0.2393156642875576,-0.970941817426052,25.809999465942383,-0.0896232330112592,27.87499952316284,2.0,490.4945413448331,-1.190431654089056,98.3000030517578,103.5999984741211,29.342857142857145,5.085713971428537,25.38899462325138,46.58748882518092,663.8929956876344,439.3936421783857,56.12483837731218,536.4725717774834,0.0,0.5360168343826789,0.3804587752867043,0.4930747780595938,1.0870903306414748,0.0455005048591682,0.0644275968139157,0.0832980088742847,0.5462375393085713,1.5053649043349695,-0.0277947529904733,0.3899825132318429,0.2803793716471131,1.3909100980994276
2020-06-15 00:00:00+00:00,94.0,99.4499969482422,92.6999969482422,99.1999969482422,115019,19.83696316951556,0.2400783000446144,100.0525001525879,106.5,99.53929029918876,107.99396177918504,92.11103852599076,-3.144654881941392,-2.922120499952846,-0.2225343819885461,-0.0495450096084855,-0.1039084973053109,25.307142857142857,1.5285714642857,2.7140844653061227,24.178571428571438,1.357142907142829,2.6595073030612246,0.0,0.0,0.0,0.0,4.821499824523926,5.361299991607666,4.818515777587891,5.047800064086914,0,34.59982484296938,0.2734778295719832,4.959499835968018,5.8094000816345215,-0.0313024983526483,0.2525657030260237,256.974,-0.0909769525053838,2.2851297401217163,0,1,0,7,6,25,1.2246467991473532e-16,-1.0,0.120536680255323,-0.992708874098054,34.400001525878906,0.2872946156976618,29.15000009536743,2.0,474.4932060241699,-3.039272882759446,98.9000015258789,98.3000030517578,29.875,27.542855257142826,25.31090280423977,43.66940199175911,602.4640559701437,428.6218836806967,43.460543072361766,511.680825476158,0.0,0.2004727420138091,0.3625919684151775,0.4885199432014544,0.4103675616523666,0.0718085106382978,0.0686929241750613,0.0833471607052454,0.8615590671007456,1.8949357558141204,0.0111201357430644,0.282728486229187,0.2802637088623682,1.008794457508891
2020-06-22 00:00:00+00:00,95.9499969482422,97.0500030517578,92.75,94.6500015258789,56336,42.57425443411524,0.2465515310751297,97.425,104.18699981689451,97.70566699877855,103.16282451505684,91.68717548494315,-2.803250642287125,-2.963010972084763,0.159760329797638,0.0207446483855553,-0.0840095756731055,23.40714285714285,0.3142857142857061,2.770299408163265,25.392857142857142,2.628571471428543,2.8062006642857145,0.0,0.0,3.0,0.0,5.152804851531982,5.38070011138916,5.047800064086914,5.309999942779541,0,47.84400579788835,0.305245828967527,5.047800064086914,5.5524001121521,0.0145271660574719,0.2845910889197114,256.974,-0.0909769525053838,2.2851297401217163,0,1,0,8,6,26,1.2246467991473532e-16,-1.0,-3.216245299353273e-16,-1.0,31.770000457763672,-0.0795341460461948,30.05250024795532,2.0,509.4944783048632,1.543693558252574,94.0,98.9000015258789,29.07857142857143,4.17142848571425,25.316190180924767,41.02160647431843,543.3379084052872,456.1086210973713,21.80732182697896,510.8062866076401,26.261189865552268,0.4680017825540462,0.4271538766342485,0.4892552314164229,0.9565595683740724,0.0448150410476545,0.0697089180619735,0.0809913857608329,0.5533308893699402,0.9929646788629284,-0.0459940101979679,0.3756209957109586,0.286421495479187,1.3114273492925737
2020-06-29 00:00:00+00:00,98.6500015258789,101.4499969482422,93.4499969482422,96.25,144,52.39436086977644,0.2349342808018032,96.4625,101.99199996948242,97.22847802594278,100.06423648648992,92.86076351351008,-1.767208640078124,-2.4116404752367355,0.6444318351586116,0.0281397046744373,0.0244028909620912,23.12142857142857,0.6285714285714142,2.8756471653061224,24.2,1.085714285714257,2.7375831418367347,0.0,0.0,0.0,0.0,5.25190019607544,5.489799976348877,5.1458001136779785,5.480899810791016,0,78.83824575952319,0.3251613409896893,5.309999942779541,5.403600215911865,-0.0125759916728628,0.3148042019119546,256.974,-0.0909769525053838,2.2851297401217163,0,1,0,9,6,27,1.2246467991473532e-16,-1.0,-0.1205366802553228,-0.992708874098054,31.780000686645508,0.0003147200246827,30.940000534057617,2.0,540.6907746977231,-1.1666222147808962,95.9499969482422,94.0,30.285714285714285,36.77142834285711,25.244177911187688,38.4450973008601,560.7058094787208,446.8806907070739,28.456279692911725,522.7600818436733,57.01025444118429,0.5260264903700768,0.4608764666975172,0.4945198436646714,1.063711570874098,0.0810947782692264,0.0736691892222908,0.0828776309844803,0.9784880132436714,0.0029615035388932,-0.0921797265977324,0.3687534235549846,0.2883634243298809,1.278780107512312
2020-07-06 00:00:00+00:00,97.1999969482422,103.0500030517578,97.1999969482422,100.3499984741211,58,56.61156060762743,0.2610883032573188,96.87250022888183,101.14399993896484,98.3113333252554,102.09990699413424,91.64509346362942,-0.4297385143772914,-1.3634053725918562,0.9336668582145649,0.0162048656313291,-0.0096791091479119,23.164285714285715,0.514285714285702,2.689917259183673,22.835714285714285,1.3999999999999737,2.8753749132653064,0.0,0.0,1.0,0.0,5.402400016784668,5.504799842834473,5.140500068664551,5.311399936676025,0,56.67147555330684,0.3166763163620876,5.480899810791016,5.117199897766113,0.0223986121924997,0.3334527084447358,256.974,-0.0909769525053838,2.2851297401217163,0,1,0,10,7,28,-0.4999999999999997,-0.8660254037844388,-0.2393156642875574,-0.970941817426052,27.940000534057617,-0.1287778097715231,31.472500801086422,2.0,516.2680576358035,2.330838171755354,98.6500015258789,95.9499969482422,28.442857142857143,103.30000171428568,25.08879316115715,36.05509102338525,564.9111350497066,455.5621232815733,27.33725294203333,520.1632721605254,62.08643989636995,0.4596910879604323,0.4681384933421211,0.4887640919000241,0.940517288756328,0.0601852498681728,0.0606808169365039,0.0813497708086218,0.7398329690618436,0.0013474271111624,-0.076325351825857,0.3638462138945217,0.2955893046916627,1.230918019733087
2020-07-13 00:00:00+00:00,97.4000015258789,99.25,95.4499969482422,99.25,4,53.15904863693253,0.3211641202371059,97.1125,100.45699996948242,98.09559555823786,102.37516735835496,91.84983264164504,-0.4879438288250952,-0.712859162881488,0.2249153340563927,0.0020576603283557,0.0145833492279052,24.514285714285712,0.1428571428571326,3.014923248979592,23.714285714285715,0.1999999999999857,2.7192255020408163,0.0,0.0,2.0,2.0,5.354100227355957,5.395174026489258,5.241000175476074,5.326900005340576,0,54.06635180874393,0.2669773121675303,5.311399936676025,4.974999904632568,-0.0089033011736363,0.2943115254641068,256.974,-0.0909769525053838,2.2851297401217163,0,1,0,11,7,29,-0.4999999999999997,-0.8660254037844388,-0.3546048870425356,-0.9350162426854148,32.189998626708984,0.1415964297054161,30.920000076293945,2.0,518.8400686483765,-0.7993531648582461,97.1999969482422,98.6500015258789,28.435714285714287,60.89999957142855,25.000115261358992,33.741859344457175,548.3231475903659,494.3235420530172,13.499901384337171,519.6339907556659,73.79320189097955,0.382036096054957,0.4697410782788693,0.4882491520105791,0.7824613451086255,0.0390144044376441,0.0593835968521991,0.0792400574373942,0.4923570322358514,9.66650555823836e-05,-0.0834582323407153,0.2238093200621492,0.2952466002258974,0.7580419632622016
2020-07-20 00:00:00+00:00,98.5,101.0500030517578,95.9499969482422,96.6999969482422,8,49.708735160100105,0.3272759524939368,97.96499977111816,99.53,98.07065877649016,102.45898618760953,93.4710133546268,-0.240348658566134,-0.5247254497342367,0.2843767911681026,0.011293618653885,0.0412262324395893,23.61428571428572,0.3999999999999877,2.9587752653061226,23.95714285714286,0.3428571428571265,3.0146989877551023,0.0,0.0,1.0,0.0,5.401400089263916,5.4496002197265625,5.290160179138184,5.385300159454346,0,48.62946768948294,0.247385272462538,5.326900005340576,5.377200126647949,-0.0020441314547709,0.2644573989500955,256.974,-0.0909769525053838,2.2851297401217163,0,1,0,12,7,30,-0.4999999999999997,-0.8660254037844388,-0.464723172043768,-0.8854560256532101,24.459999084472656,-0.2746167098192243,29.09249973297119,1.0,530.452065706253,-0.1134361929717061,97.4000015258789,97.1999969482422,26.84642857142857,83.0428544285714,24.9328267191515,31.58708500887008,549.0823140970516,504.0431692470264,11.259786212506304,523.9612207359007,65.01194858292425,0.3375097812005159,0.4022757746158442,0.4673966590367487,0.722105662190715,0.0517767117108182,0.0553772370667032,0.077140711663612,0.6711981764521371,0.0001934825406191,-0.0504811230409174,0.2235517682882579,0.2952351318550326,0.7571990477950186
2020-07-27 00:00:00+00:00,110.4000015258789,110.75,100.5,100.5,120034,70.60997619799079,0.4115612550772597,100.75499992370604,99.57100006103516,101.75016830306826,109.75984805613837,91.75015179127374,2.309880090638416,0.820165436704776,1.4897146539336394,0.1208121982322731,0.1639431028140763,24.02142857142857,0.1999999999999938,3.2079163244897955,23.303571428571427,1.028571428571404,3.012790218367347,0.0,0.0,4.0,4.0,5.327700138092041,5.328999996185303,5.092899799346924,5.229100227355957,0,40.41198488195877,0.2219231173829384,5.385300159454346,5.359499931335449,0.0101905022198489,0.2332834748237796,256.974,-0.0909769525053838,2.2851297401217163,0,1,0,13,7,31,-0.4999999999999997,-0.8660254037844388,-0.5680647467311556,-0.8229838658936566,24.739999771118164,0.0113822648833998,27.332499504089355,1.0,577.2926730790714,1.110027174490274,98.5,97.4000015258789,26.73214285714286,78.62857085714283,24.82771347459795,29.61556800368952,592.5093222226471,478.9171103121051,28.3980529776355,545.293801673169,71.41781218221541,0.3645310740855309,0.4640729422958784,0.4843199051576009,0.7526658778153075,0.0928442016153169,0.0649830691802357,0.0738205506615416,1.257701117185989,2.5359983351655937,0.4998923088954159,0.1953956217643652,0.2988815246401909,0.6537560843281691
2020-08-10 00:00:00+00:00,112.5999984741211,127.25,111.5999984741211,116.9000015258789,146861,67.13881025952696,0.397579345474491,109.27749977111816,102.10199996948242,110.98191354294818,126.19427789771692,92.3607216445194,4.63735257002881,4.3746600063094165,0.2626925637193933,-0.0449533755993588,0.1710868090190789,23.12142857142857,0.1999999999999918,3.5016635408163266,22.635714285714283,0.6857142857142611,3.258889779591837,0.0,0.0,3.0,3.0,5.318699836730957,5.438199996948242,5.232500076293945,5.43720006942749,0,56.92287934477469,0.1926264959815563,5.221199989318848,5.337800025939941,0.0129735204286802,0.1796925095924864,256.974,-0.0909769525053838,2.2851297401217163,0,1,0,15,8,33,-0.8660254037844385,-0.5000000000000004,-0.7485107481711011,-0.6631226582407952,22.1299991607666,-0.0927188783315152,23.90249967575073,1.0,612.2287195210265,1.3883289953734037,117.9000015258789,110.4000015258789,28.010714285714283,81.77142965714282,24.65078032183115,25.968611392555403,663.104767554511,504.67170495247007,39.60826565051023,588.9363332205781,96.65225198818928,0.2796513390730205,0.385606606580465,0.3823543273429577,0.7313931391922032,0.138987582042248,0.0837781818733815,0.0713929339739284,1.946797180586978,2.5369063289210643,0.4542696382214402,0.1813441090119382,0.2876672423192646,0.6303953875524048
2020-08-17 00:00:00+00:00,115.5500030517578,119.1999969482422,109.6999969482422,112.0,94610,59.39490643179794,0.4209398177311737,113.30499992370603,103.64599990844728,112.24298749335048,123.51979343882692,103.0902064085852,3.306973970590022,3.817460315625166,-0.5104863450351442,0.0261989752896374,0.1434933158049793,26.192857142857143,0.0285714285714265,3.756775446938776,23.885714285714283,0.0,3.688789540816327,0.0,0.0,6.0,0.0,5.480000019073486,5.483699798583984,5.35699987411499,5.42080020904541,0,69.88807127810014,0.210443942372569,5.43720006942749,5.330699920654297,0.0196691652987537,0.2031660173041252,256.974,-0.0909769525053838,2.2851297401217163,0,1,0,16,8,34,-0.8660254037844385,-0.5000000000000004,-0.8229838658936564,-0.5680647467311559,21.350000381469727,-0.0358823585980067,23.125,1.0,626.3734806981664,2.057893482380754,112.5999984741211,117.9000015258789,27.5,121.2000050285714,24.60142122272684,24.293217109164733,650.3858231002462,565.3513569026916,21.25861654938865,603.9111922116135,96.73487537893288,0.2607542159548037,0.3243138269649839,0.3840016633152524,0.6790444783836483,0.0822154889580116,0.092418398777455,0.0692170395253924,1.1877924517405298,1.640030543640112,0.4700431755709182,0.1830976935965662,0.2875355039227931,0.6367828832640487
2020-08-24 00:00:00+00:00,120.25,122.5999984741211,115.6500015258789,115.6500015258789,23901,48.35390442605021,0.3458034894912534,116.37999992370604,105.88599990844726,115.06247483602174,123.43052533458408,109.329474512828,3.58072421849748,3.623097707657191,-0.0423734891597114,0.0406750049685151,0.1093173275582666,23.12857142857143,4.814285299999987,3.946422948979592,26.185714285714283,2.599999771428568,3.87615502244898,0.0,0.0,0.0,0.0,5.508500099182129,5.6678009033203125,5.416800022125244,5.618599891662598,0,69.22688442641197,0.1912288268280718,5.42080020904541,5.210599899291992,0.0099743322136596,0.2157292024754442,256.974,-0.0909769525053838,2.2851297401217163,0,1,0,17,8,35,-0.8660254037844385,-0.5000000000000004,-0.8854560256532096,-0.4647231720437691,22.3700008392334,0.046669055475991,22.53250026702881,1.0,675.6366369724274,1.0884101738713436,115.5500030517578,112.5999984741211,26.946428571428573,53.88571829714283,24.70363367840345,22.89365470027853,691.2822844126728,573.626877536943,29.41385171893245,632.6013701159391,96.8101753603159,0.2760473793418294,0.30712659189383,0.4009749767154525,0.6884403977491079,0.0577962324178144,0.0936223029188542,0.0686777898966675,0.8415562598798235,0.4364889494387176,0.4065303823841764,0.2116471987149281,0.2835372585099369,0.746452837848054
2020-08-31 00:00:00+00:00,129.8000030517578,130.8000030517578,120.0,120.5,250,88.51774749735202,0.3209838695584943,119.0,108.9579998779297,119.1833215537702,128.69671768896612,109.30328231103388,4.669578811045682,4.014748982611724,0.6548298284339573,0.0794179047963228,0.0912148497846259,26.064285714285717,4.257142471428564,3.969362728571429,20.139285714285712,15.599998628571406,3.7833468867346935,0.0,0.0,3.0,3.0,5.609700202941895,5.617400169372559,5.363297939300537,5.389999866485596,0,45.426033241288295,0.1945193024507182,5.618599891662598,5.153900146484375,0.0112220596605431,0.1826005095927688,256.974,-0.0909769525053838,2.2851297401217163,0,1,0,18,8,36,-0.8660254037844385,-0.5000000000000004,-0.9350162426854148,-0.3546048870425359,26.40999984741211,0.1660219075133261,23.06500005722046,2.0,699.6219991188045,1.2131829185596938,120.25,115.5500030517578,27.88214285714286,72.02857492571425,24.409159616202302,22.423096244039364,735.5743340218925,571.35608413332,41.05456247214312,659.4096217170853,96.30745232847389,0.2346741337821795,0.2935120772072199,0.4017067907732811,0.5841925835719844,0.0832049522175381,0.0916944530392984,0.0705833395844217,1.1788184140796585,0.0049145748597862,0.4567130625520282,0.241349518196316,0.2812969032466181,0.8579885054931993
2020-09-14 00:00:00+00:00,123.5500030517578,133.35000610351562,123.5500030517578,129.0,186,54.74138327926253,0.2864687718356782,125.98500061035156,114.92399993896484,126.1417481769484,138.2384260999048,113.73157512079834,4.515029185684256,5.115086659271306,-0.6000574735870501,-0.0834569714043734,0.0632530662353583,30.478571428571428,0.0,5.184956714285714,28.914285714285715,0.0,4.907422695918368,5.0,0.0,7.0,17.0,5.298399925231934,5.4045000076293945,5.258999824523926,5.316199779510498,0,33.01410369561728,0.2237157450323768,5.301000118255615,5.367000102996826,0.0020961950974463,0.2324705033025532,256.974,-0.0909769525053838,2.2851297401217163,1,0,2,0,9,38,-1.0,-1.8369701987210292e-16,-0.992708874098054,-0.1205366802553235,25.850000381469727,-0.1735793785410395,26.34500026702881,2.0,656.8164989822761,0.3005964622500138,134.8000030517578,129.8000030517578,28.846428571428568,76.81428589714282,24.900367572555812,19.62312584936224,737.7754429804584,635.5495406154084,25.556475591262465,671.6120231194354,60.428570867604186,0.4271157644379216,0.3487628100048045,0.4235261506102737,1.0084755185428815,0.0793201360557829,0.0676290280174997,0.0682986913420134,1.1613710729077908,0.0038698200845734,0.4397822884352965,0.2040567990946282,0.2598279061800268,0.7853536374946083
2020-09-21 00:00:00+00:00,112.0,123.8499984741211,110.8000030517578,122.1999969482422,53468,25.27778401786633,0.3912983108673957,125.71000022888184,116.86800003051758,122.44129512960002,139.21573555882233,112.20426489894132,-0.1218864273080555,2.625546630795268,-2.7474330581033235,-0.0934844416549245,-0.0552509732867584,29.36428571428572,2.0428574285714247,5.2805829183673465,30.22857142857143,0.0285714285714265,5.276222658163265,3.0,0.0,5.0,0.0,5.268099784851074,5.494699954986572,5.192558765411377,5.389800071716309,0,41.453951250656985,0.2073155770515598,5.316199779510498,5.555900096893311,-0.0008085436004995,0.217392548188035,256.974,-0.0909769525053838,2.2851297401217163,1,0,3,0,9,39,-1.0,-1.8369701987210292e-16,-1.0,-1.8369701987210292e-16,27.780000686645508,0.0720057463319708,27.69750022888184,2.0,603.6576080322266,0.0101225924554338,123.5500030517578,134.8000030517578,26.9,100.90000038285712,25.24412266004069,18.35896104802089,768.2160239268712,569.1194451988952,49.77414468199401,644.430257084552,25.983841855974745,0.5268255025260732,0.4276657996218494,0.447634459488174,1.176910042536372,0.1165178162711008,0.0744894934801176,0.0726797714809218,1.603166849114513,1.0539636982950944,0.4011007244707108,0.2126254574542378,0.2597629725577162,0.8185364033037117
2020-09-28 00:00:00+00:00,109.5500030517578,114.8000030517578,108.6999969482422,112.5500030517578,104065,18.538589015249286,0.3978307056502532,122.6700008392334,118.21400024414062,117.98094058806588,141.6114178838155,103.72858379465129,-2.7010057977424964,-0.5749275418997126,-2.126078255842784,-0.0218749727521625,-0.1089873463122195,28.47142857142857,18.628572742857127,4.46236468367347,29.760714285714283,6.057143314285698,5.095647417346939,3.0,0.0,0.0,0.0,5.413000106811523,5.621200084686279,5.38100004196167,5.561100006103516,0,68.35195616298233,0.2183527757003767,5.389800071716309,5.568699836730957,0.0286067057828846,0.2225537395516846,256.974,-0.0909769525053838,2.2851297401217163,1,0,4,0,9,40,-1.0,-1.8369701987210292e-16,-0.992708874098054,0.1205366802553232,26.190000534057617,-0.0589386831321764,27.642500400543213,2.0,609.2185226397704,2.951647530793844,112.0,123.5500030517578,27.378571428571423,198.95714562571425,25.53551566814867,17.565295387779916,749.1218126035571,543.0119182826922,51.527473580216245,630.3455633066394,15.608001175618654,0.424066627654079,0.4274627686809483,0.4207070848404121,1.0079854436848548,0.0556823909957683,0.0740667251957084,0.0729397973390818,0.7634019478131147,1.860626031421031,0.4091317564827928,0.2026035700672062,0.2442061695614696,0.8296414547372604
2020-10-05 00:00:00+00:00,107.1999969482422,112.75,104.9000015258789,109.0999984741211,112964,23.118258987242346,0.3871306403342273,116.87500038146972,118.62300018310548,114.28982766002623,135.07105332063068,98.67894744230878,-3.652960653714644,-2.4753097356104075,-1.177650918104236,-0.0214514471752713,-0.1854103953162476,34.02142857142857,0.257142857142851,5.747124785714286,31.72142857142857,35.428574171428544,4.61849193265306,7.0,0.0,4.0,0.0,5.660099983215332,5.687300205230713,5.576708793640137,5.681600093841553,0,77.13720183621238,0.182629745894493,5.561100006103516,5.289899826049805,0.0095217382959468,0.1971481559928267,256.974,-0.0909769525053838,2.2851297401217163,1,0,5,0,10,41,-0.8660254037844386,0.5000000000000001,-0.970941817426052,0.2393156642875573,27.959999084472656,0.0653972057101445,26.945000171661377,2.0,609.0675127209471,1.0431507821000638,109.5500030517578,112.0,28.817857142857147,89.57143329714283,25.934606823198987,18.71776498672499,669.4615614961155,569.9185096914947,24.88576295115521,621.8343430723626,4.768031554467029,0.3766952759294549,0.3882897737066271,0.4189356838566398,0.8991720721184487,0.0732275997909887,0.0720712547103985,0.0746144237479765,0.9814133286641016,1.8607516537961777,-0.5885506160101454,0.1328551979470265,0.2469338114750548,0.5380194464792968
2020-10-12 00:00:00+00:00,109.1500015258789,113.3499984741211,106.1999969482422,107.5,85608,46.75324546645344,0.3693337121564792,111.69250030517578,118.26800033569336,112.4947363948092,120.00939902263124,103.37560158772034,-2.9227240887393435,-2.968242578695087,0.0455184899557434,0.0181903417271382,-0.1814773413572323,32.59285714285714,2.0428571428571285,5.541575285714286,33.857142857142854,1.6999999999999835,5.902459206122448,6.0,0.0,0.0,0.0,5.573400020599365,5.643099784851074,5.484499931335449,5.52899980545044,0,57.56824529116179,0.1894236589517406,5.681600093841553,5.320499897003174,0.0069942519851297,0.1758371380161649,256.974,-0.0909769525053838,2.2851297401217163,1,0,6,0,10,42,-0.8660254037844386,0.5000000000000001,-0.9350162426854148,0.3546048870425355,25.06999969482422,-0.1091029846241715,26.75,2.0,603.4903372014998,0.7904021510183539,107.1999969482422,109.5500030517578,26.014285714285712,170.7714254571428,26.44573818022762,17.619844665000798,612.7917063407594,599.9252839564624,3.2166055960742503,614.4967407240174,8.62853057421249,0.3360327961687436,0.3589769301330302,0.3987298463125097,0.8427580499649706,0.065506197214149,0.0780508280655579,0.074825062485302,0.8754578517383526,1.3624731032197577,-0.5850907975376751,0.1621411057485273,0.2326344912254263,0.6969778983531344
2020-10-19 00:00:00+00:00,106.0500030517578,111.6999969482422,105.5999984741211,109.3000030517578,82787,41.545886241572674,0.2880350599433052,109.49500045776368,117.25900024414062,110.83853759791648,113.09688586472473,105.8931150508026,-2.653213193368672,-2.721739303649198,0.0685261102805268,-0.02840126826188,-0.0664612282022454,27.75,3.9714285999999857,4.64464642244898,31.54642857142857,6.928571442857114,5.191819885714286,2.0,0.0,0.0,0.0,5.53000020980835,5.645899772644043,5.521699905395508,5.644800186157227,0,48.35891974072801,0.1819785488601128,5.52899980545044,5.237800121307373,-0.0125096183732429,0.1930843575020779,256.974,-0.0909769525053838,2.2851297401217163,1,0,7,0,10,43,-0.8660254037844386,0.5000000000000001,-0.8854560256532101,0.464723172043768,29.18000030517578,0.1518116535557732,27.09999990463257,2.0,598.6310769685368,-1.1599848848189065,109.1500015258789,107.1999969482422,27.89642857142857,108.9142869428571,26.774814979659944,16.93008510228185,615.2436144708188,594.9601102945583,5.07087604406511,608.1504752218252,34.436404139757386,0.2706858690986032,0.3591737196414297,0.3685681653620942,0.7344255071200112,0.0575200216745302,0.0736908051893074,0.0714447080041731,0.8050983093133692,1.3479832843362138,-0.5828990326768326,0.1643982137016978,0.226648978933021,0.725342806405726
2020-10-26 00:00:00+00:00,106.6500015258789,107.4499969482422,103.1999969482422,107.0500030517578,82541,47.20670295816021,0.2692012982587365,108.12000007629396,116.48100036621094,108.81481457725516,112.28051548812402,103.95948466446389,-2.6273387236175694,-2.7529253673938414,0.125586643776272,0.0056576940768995,-0.0615926080599835,26.042857142857144,14.699999742857129,3.895408291836735,26.21428571428571,10.428571442857114,4.400146263265306,0.0,0.0,0.0,0.0,5.605599880218506,5.660200119018555,5.563704013824463,5.616199970245361,0,56.65420211551411,0.14347967933977,5.644800186157227,5.508399963378906,0.005970225662848,0.1604094889480437,256.974,-0.0909769525053838,2.2851297401217163,1,0,8,0,10,44,-0.8660254037844386,0.5000000000000001,-0.822983865893657,0.5680647467311548,32.459999084472656,0.1065249803286308,28.667499542236328,2.0,598.9677353963089,0.6879995187901838,106.0500030517578,109.1500015258789,25.24642857142857,82.67142425714283,26.738651801248707,16.510632608125416,612.3066158701654,592.7717152734808,4.88372514917113,604.4773792916187,3.081794394495617,0.0537554227258708,0.3537347740181516,0.3471942343012181,0.1548280929427903,0.0398499759886897,0.0583572371328252,0.0711621815606492,0.5599880373938019,1.3543767300744858,-0.575820832537708,0.1727862261831193,0.1876105456114552,0.920983500208606
2020-11-02 00:00:00+00:00,102.8000030517578,108.1999969482422,102.3499984741211,106.75,85554,25.827802858247267,0.2235922208078393,107.12250022888183,115.1170002746582,107.14487420920044,112.04767386848488,102.19732658927876,-2.5284213030527525,-2.563887987865042,0.0354666848122895,-0.0360993757059336,-0.0564478574460723,27.571428571428573,17.4428573142857,4.636302089795919,24.892857142857142,38.35714252142854,3.920694553061224,2.0,0.0,0.0,0.0,5.622700214385986,5.803500175476074,5.599400043487549,5.741399765014648,0,76.54869955521643,0.1164632882738506,5.616199970245361,5.642000198364258,0.0044434531476024,0.1251301197871666,256.974,-0.0909769525053838,2.2851297401217163,1,0,9,0,11,45,-0.5000000000000004,0.8660254037844384,-0.7485107481711011,0.6631226582407952,37.130001068115234,0.1344167630742356,30.960000038146973,2.0,590.2159133648673,0.5353222672656238,106.6500015258789,106.0500030517578,25.639285714285712,139.17142643999995,26.619568274900868,17.920084860596585,608.8987447015,586.7537867641064,5.536239484348424,598.7727929209182,1.724250307264299,0.0464801301688605,0.2895919064398667,0.3421562104798409,0.1358447615059481,0.0569065982534625,0.058602078584364,0.0704170859414075,0.808136113718937,1.4385919777232234,-0.6226915300530744,0.1587562507788277,0.1884763921954019,0.8423136739114853
2020-11-09 00:00:00+00:00,106.8499984741211,109.3499984741211,102.1500015258789,102.8000030517578,116662,56.4784069997921,0.2068497580562273,106.0224994659424,113.31500015258791,106.478677449443,110.20447391157862,101.84052502030616,-1.6812435397972507,-2.2393574934457234,0.5581139536484727,0.0393968414604444,-0.0421336122730177,28.214285714285715,30.328571718571418,4.781141895918367,25.375,43.02857202714283,4.751923252040816,3.0,0.0,0.0,0.0,5.741199970245361,5.761799812316895,5.223599910736084,5.36269998550415,0,31.33550927805436,0.1232006681808288,5.741399765014648,5.598599910736084,-0.0063199596818462,0.1193685556505446,256.974,-0.0909769525053838,2.2851297401217163,1,0,10,0,11,46,-0.5000000000000004,0.8660254037844384,-0.6631226582407955,0.7485107481711007,25.75,-0.3659906698461495,31.13000011444092,2.0,573.0044852682877,-0.5410190156792362,102.8000030517578,106.6500015258789,25.835714285714285,20.6714291685714,26.53927354748791,19.53998725843828,614.5260453352688,565.8835601637317,12.160621292884262,588.465469859866,1.0804473959315146,0.080440607266793,0.2634753763384349,0.3320149694067597,0.2422800543834597,0.0673841558358657,0.0574333897933394,0.071545541680818,0.9418357151885928,1.8669818258049296,-0.6210729757445194,0.2715321428966383,0.2085740984073494,1.3018497116925494
2020-11-16 00:00:00+00:00,115.6500015258789,116.1999969482422,105.3499984741211,106.75,105851,71.96973053953346,0.22114335300375,106.46749954223633,111.15100006103516,108.11057332259864,112.39551279667944,100.5394862877932,0.2477361640487032,-1.0694822910395814,1.3172184550882846,0.0823584761574813,0.0783216925489875,26.728571428571428,70.91428729999998,4.313673271428571,29.85714285714286,64.44285768285712,4.897101552040816,0.0,0.0,0.0,0.0,5.384099960327148,5.522600173950195,5.335908889770508,5.456999778747559,0,38.80251314218175,0.1742188915231394,5.36269998550415,5.611199855804443,-0.0295260050080153,0.1723043807620736,256.974,-0.0909769525053838,2.2851297401217163,1,0,11,0,11,47,-0.5000000000000004,0.8660254037844384,-0.5680647467311559,0.8229838658936564,22.450000762939453,-0.1371439789375423,29.44750022888184,1.0,631.102032738876,-2.861623548296146,106.8499984741211,102.8000030517578,27.925,21.385714742857115,26.753329631981774,22.43694664065885,647.0617485262346,549.5833348579354,24.36960341707484,605.5200950114701,69.23692804211373,0.3620741883267006,0.3672002767314675,0.3531434401380775,1.02528926470286,0.0938175385297614,0.0630956580564619,0.0721816796938447,1.2997415123930187,1.5618622947721177,-0.497825049757979,0.2761750084555643,0.2039587882972273,1.3540725419116122
2020-11-23 00:00:00+00:00,114.4499969482422,121.1999969482422,114.1999969482422,115.9499969482422,28174,70.99236885739028,0.2947552058906421,109.39499931335448,109.84499984741213,111.66590960823986,120.67557900238614,98.11441962432284,2.19430939849191,0.961048226961962,1.2332611715299482,-0.0103761743346642,0.0838068049431832,26.821428571428573,47.328571057142845,4.15369176122449,26.960714285714285,169.54285900571426,3.922993269387755,0.0,0.0,0.0,0.0,5.414899826049805,5.446000099182129,5.275786876678467,5.378099918365479,0,28.47485576689268,0.1859405879306126,5.456999778747559,5.591300010681152,5.496405120874092e-05,0.1758277131412661,256.974,-0.0909769525053838,2.2851297401217163,1,0,12,0,11,48,-0.5000000000000004,0.8660254037844384,-0.4647231720437684,0.88545602565321,22.65999984741211,0.0093106006938583,26.9975004196167,1.0,615.5235192442708,0.0964733576262579,115.6500015258789,106.8499984741211,25.635714285714283,66.65714508571426,26.766709287061296,31.927650664210816,654.2117413893147,550.7112339188361,25.875126867619645,609.5214647045905,58.30785744417364,0.3762443053009693,0.3223070659467176,0.3458512439200586,1.0878789683033383,0.0611620811415627,0.0638240699498684,0.0722305212575143,0.8467621665900449,0.4072676179310494,-0.6121814609758283,0.2603859385778024,0.1986459272775268,1.3108042487373854
2020-11-30 00:00:00+00:00,120.6999969482422,121.6999969482422,113.0500030517578,114.5,275,71.2749622456253,0.3512745852202704,111.84999923706054,109.75699981689456,113.71654618868382,124.24732449218232,99.45267398193876,2.7582182738490104,1.7972839110771195,0.9609343627718908,0.0450216185994996,0.1539196817302477,28.1,13.642857328571417,4.913626673469388,26.803571428571427,51.42857211428569,4.5471950306122455,0.0,0.0,0.0,0.0,5.43940019607544,5.444399833679199,5.275783061981201,5.34250020980835,0,46.57248179134584,0.19464286880791,5.378099918365479,5.7778000831604,0.0137796004336355,0.1957838483814554,256.974,-0.0909769525053838,2.2851297401217163,1,0,13,0,11,49,-0.5000000000000004,0.8660254037844384,-0.3546048870425359,0.9350162426854148,20.56999969482422,-0.0967675600371594,22.857500076293945,1.0,644.8397590198512,1.4689369958689338,114.4499969482422,115.6500015258789,25.732142857142858,30.04285699999997,26.76908748973937,33.18577462873178,678.3919942901958,553.842903845447,31.137272611187207,623.6487824306947,72.72136071955588,0.3969313736434378,0.2741442605736596,0.3510471313497135,1.1307067538488067,0.0716652370769623,0.0701871221675229,0.0738630628894802,0.9702444573920384,0.0039744680174552,-0.1771799390057211,0.2600757422616236,0.1989417586245326,1.3072958185692551
2020-12-07 00:00:00+00:00,116.9499969482422,120.1999969482422,114.75,120.1999969482422,179,51.969690489263954,0.4118790615899556,114.86499938964845,110.24699966430666,114.81631554195909,123.69050588082784,106.03949289846902,2.089474485827651,2.124899582961945,-0.0354250971342944,-0.03106876631992,0.1038225608007674,27.307142857142857,40.442857657142845,4.562723942857143,28.817857142857147,30.02857188571426,5.028676120408163,1.0,0.0,0.0,0.0,5.331099987030029,5.359700202941895,5.055500030517578,5.154399871826172,0,30.59158732414388,0.1884618908838805,5.34250020980835,5.523399829864502,0.001348637745568,0.1919192171318511,256.974,-0.0909769525053838,2.2851297401217163,0,0,0,0,12,50,-2.4492935982947064e-16,1.0,-0.2393156642875578,0.970941817426052,21.299999237060547,0.0348733480677235,21.74499988555908,1.0,602.8070492800908,0.2258407270621838,120.6999969482422,114.4499969482422,27.45357142857143,51.17142759999997,26.901266177037293,32.98208412918226,660.1737385693318,586.9624415722126,18.302824249279787,615.3120891704532,60.27497392106838,0.4762373789270037,0.3215146583699829,0.3722342637990035,1.2794022808983976,0.0466010867076308,0.0681260198583566,0.0736042816393208,0.6331300209502414,0.0025866977263067,-0.1484725959844215,0.2329547633929409,0.20617204366746,1.129904656082436
2020-12-14 00:00:00+00:00,123.5500030517578,123.8499984741211,114.9000015258789,117.0999984741211,17,63.87196568632006,0.4274339559610552,117.39499969482422,111.18999969482424,116.4599387137372,122.91929072811315,111.87070866153528,2.28465086950078,2.0321979877947216,0.2524528817060583,0.0564344273256929,0.122161714478117,26.307142857142857,96.21428842857142,3.4623919632653064,27.175,118.22857494285712,4.166916471428571,0.0,0.0,0.0,0.0,5.098400115966797,5.170100212097168,5.009974002838135,5.064199924468994,0,21.85167434768411,0.1717651093424908,5.154399871826172,5.456699848175049,0.000659818948526,0.1604323019119674,256.974,-0.0909769525053838,2.2851297401217163,0,0,0,0,12,51,-2.4492935982947064e-16,1.0,-0.1205366802553236,0.992708874098054,24.71999931335449,0.1489055679159425,22.31249952316284,1.0,625.6819161228558,0.1569588473579838,116.9499969482422,120.6999969482422,25.685714285714287,18.085713571428546,26.91892642368005,38.48185773006451,657.715993733075,586.7101281004593,17.751466408153924,619.4600199514143,47.531875405881294,0.4631381667507397,0.3332151881076421,0.3522903026757311,1.3146491688434234,0.0724402810778793,0.0691372449067593,0.0725840856124489,0.9980186494939958,0.0002689901082842,-0.2571762596945138,0.1396648389566207,0.2027588751092178,0.6888222870301792
2020-12-21 00:00:00+00:00,124.3000030517578,126.3000030517578,120.4000015258789,124.5500030517578,37272,70.35292284482409,0.3888264574487737,119.06749992370604,112.68899978637695,119.52983698378596,127.04096192219178,111.09403792522032,3.1296039836755085,2.6787659440991938,0.4508380395763147,0.0060704166853464,0.03025280961224,29.164285714285715,47.857145542857126,4.669567732653062,26.889285714285712,194.04286223571427,3.418022924489796,1.0,0.0,0.0,0.0,5.117800235748291,5.220300197601318,5.0416998863220215,5.100599765777588,0,33.19803073192705,0.1848552799984312,5.064199924468994,5.304500102996826,0.0079299337681186,0.1868691894887025,256.974,-0.0909769525053838,2.2851297401217163,0,0,0,0,12,52,-2.4492935982947064e-16,1.0,6.432490598706546e-16,1.0,25.15999984741211,0.0176428209549705,22.93749952316284,2.0,634.0045664519492,0.8839703293172438,123.5500030517578,116.9499969482422,25.00357142857143,16.257142685714257,26.91701411984816,48.51805156913869,662.5030304540468,591.1636149833267,17.834853867680007,625.2778385516284,59.01105996370007,0.3399676937254176,0.3325131685937852,0.3377402561118141,1.0065950904795762,0.0474658196381714,0.0598669011284413,0.0701439761163135,0.67669122138943,0.6418769976853298,0.0629402430185197,0.1135354550527543,0.2032512238977145,0.5585966337104289
2020-12-28 00:00:00+00:00,123.3499984741211,127.6500015258789,121.5,123.9000015258789,48158,66.16159884156664,0.3345432840847132,120.77999992370606,113.88299972534182,121.16766836126418,128.47568621197283,113.0843136354393,2.9565197639117287,2.907527863491051,0.0489919004206775,-0.0028294137652045,0.0772925630927605,24.85,70.29999830714284,3.978760569387755,28.103571428571428,84.42857350714283,4.808393530612245,0.0,0.0,0.0,0.0,5.121799945831299,5.305500030517578,5.102396011352539,5.2153000831604,0,60.86892195383409,0.1730178527672286,5.100599765777588,5.335299968719482,0.0086044817883744,0.1772372213034565,256.974,-0.0909769525053838,2.2851297401217163,0,0,0,0,12,53,-2.4492935982947064e-16,1.0,0.1205366802553231,0.992708874098054,21.700000762939453,-0.1479431300626248,23.21999979019165,1.0,643.307257299919,0.9514251313428238,124.3000030517578,123.5500030517578,25.803571428571427,1.8857142857142613,26.99356620428192,50.834859436106704,661.1069459221793,591.7934486552282,17.328374316737786,632.4896060509448,49.07158152072352,0.3243484321848255,0.3313997238381057,0.3381584592533628,0.95916104925886,0.0498581402671778,0.0576061129535643,0.06568750402756,0.759020051303194,0.906383247023048,0.0458642513091966,0.1611398393362366,0.1949471948584911,0.8265819428044908
2021-01-25 00:00:00+00:00,123.25,128.75,122.1500015258789,126.0,89644,44.08162401000729,0.2681773250202299,124.74999923706056,120.82599960327148,124.23511709045243,129.34060658886528,120.1593918852558,1.1781866165717076,1.5678495391295129,-0.3896629225578052,-0.0382363958631355,-0.0076489289177527,28.02142857142857,12.257142942857127,4.840720565306122,25.557142857142857,90.27142688571423,3.790769771428572,0.0,0.0,0.0,0.0,5.295000076293945,5.467299938201904,5.233826160430908,5.465499877929688,0,59.36399300904411,0.2011613551231603,5.291299819946289,5.2153000831604,0.0182133546078633,0.19388191830069,256.974,-0.0909769525053838,2.2851297401217163,0,0,0,0,1,4,0.4999999999999999,0.8660254037844387,0.4647231720437685,0.8854560256532099,23.190000534057617,-0.0483999195313073,24.64499998092651,1.0,673.6228599548341,1.9123124132917135,128.14999389648438,121.4499969482422,21.667857142857144,32.08571228571426,26.735379192354213,63.21138173947204,689.1292145132201,642.856428908773,11.568196401111798,665.4000639146955,88.63832782957459,0.1034769110258227,0.2407082486505761,0.3102019166471784,0.3335792016002423,0.0535496833600088,0.0615377466158602,0.0656377834665803,0.8158361293371905,1.380746500154583,0.0703563970408629,0.1923521812287359,0.1953009623131673,0.984901298495826
2021-02-01 00:00:00+00:00,125.3499984741211,127.3000030517578,122.0500030517578,123.4000015258789,93518,59.112158945346025,0.2657501295297925,124.44749908447264,122.06599960327148,124.31835508599684,128.71641568533877,120.17858248360658,0.7134423378617782,1.0777452561409429,-0.3643029182791646,0.0170385271733963,-0.0003987484142693,29.66619997142857,3.2023808857142764,5.546270891156462,27.841114271428573,6.584285885714261,5.407834753877551,1.8,0.0,1.0,0.6,5.463791847229004,5.503699779510498,5.341590881347656,5.4608001708984375,0,48.52636082987517,0.2254447209607707,5.465499877929688,5.1921000480651855,0.0214524543051015,0.2145447635760471,256.974,-0.0909769525053838,2.2851297401217163,0,0,0,0,2,5,0.8660254037844386,0.5000000000000001,0.5680647467311558,0.8229838658936564,30.239999771118164,0.2654443694453969,25.46250009536743,2.0,684.5112930895993,2.2362223830155337,123.25,128.14999389648438,21.05714285714286,17.299998292857126,26.80671693939127,59.55802071664896,696.5987058092761,650.1635017962764,11.60880100324992,673.0445555846571,88.41312510878123,0.1040345452113293,0.2274918118285504,0.2788020787953086,0.3731483708061801,0.0418827288704265,0.05994266433651,0.0637659131073125,0.6568199255884926,1.3438251265608947,0.0286573858812367,0.1936288324217484,0.1953235771943332,0.9913233481069614
2021-02-08 00:00:00+00:00,124.0999984741211,126.0999984741211,120.1999969482422,125.4499969482422,115189,41.05571112656378,0.2376503678991093,124.59999923706054,122.79599960327148,124.2076992725749,128.1555716896349,121.04442678448616,0.3638346196333941,0.642829112192396,-0.2789944925590019,-0.0099720783024824,0.0247729152584679,27.51065708571429,41.66980856771429,4.831824673911564,29.892799914285717,19.61428525142857,5.6208724070408165,0.6000000000000001,0.0,0.0,0.0,5.43120002746582,5.453100204467773,5.307300090789795,5.369200229644775,0,54.88961857408872,0.223411353848894,5.4608001708984375,5.40880012512207,0.0041859638594815,0.2286270827553218,256.974,-0.0909769525053838,2.2851297401217163,0,0,0,0,2,6,0.8660254037844386,0.5000000000000001,0.6631226582407952,0.7485107481711011,21.239999771118164,-0.3532793581447314,24.75250005722046,1.0,666.3177403061673,0.5095733384535338,125.3499984741211,123.25,24.178571428571438,1.357142907142829,27.005819066803813,56.98100552534442,690.9355676589066,660.3303988316866,7.651292206805025,670.3538294732613,58.29284339733861,0.1591265343330438,0.2221194051709797,0.243148204633919,0.654442536510592,0.0475423174731886,0.0596215648137104,0.0603171381674169,0.7882056582189472,1.5849454331804536,0.1133064051859912,0.2086120005049339,0.1962488970932918,1.0629970051540971
2021-02-15 00:00:00+00:00,121.1500015258789,124.3000030517578,120.25,124.0500030517578,95162,42.39130735247207,0.1917516295090759,124.14749908447266,123.0729995727539,123.32632847950605,127.88190079932076,120.41309736962457,-0.3685666006628878,0.1751896135962105,-0.5437562142590984,-0.0269076182660328,-0.0327345187554578,26.050656971428573,68.51999940285714,3.7155116157142856,26.370657114285716,122.23428308857144,4.332607509897959,0.0,0.0,0.0,0.0,5.364299774169922,5.444799900054932,5.333690166473389,5.368599891662598,0,40.42303516087427,0.1851037088480477,5.369200229644775,5.195799827575684,-0.010467993550037,0.2243842859627866,256.974,-0.0909769525053838,2.2851297401217163,0,0,0,0,2,7,0.8660254037844386,0.5000000000000001,0.7485107481711011,0.6631226582407953,19.96999931335449,-0.0616550725538851,23.65999984741211,1.0,650.405885066757,-0.9558224024983162,124.0999984741211,125.3499984741211,25.392857142857142,2.628571471428543,26.96484087631877,61.19089440039133,697.3403188478266,640.0885703608523,14.3129371217436,662.3746517106597,22.01862155982026,0.1822842156305674,0.1540931897994073,0.2474647258512358,0.736606834115339,0.0334296574556185,0.0534626988610238,0.0592045014904094,0.564647129316046,1.3174529777741495,0.092074253402698,0.1543809577876686,0.188856296076199,0.8174519612036654
2021-02-22 00:00:00+00:00,133.4499969482422,134.10000610351562,121.1500015258789,121.4000015258789,31810,71.20420312102425,0.2027717810319186,124.52749900817872,124.16699951171876,125.21606396905054,130.03438159622996,119.02061642012744,1.217842677682313,0.4116384738292142,0.8062042038530988,0.101526993540614,0.055357850288167,27.20351417142857,56.56285688571428,3.786183110612245,26.76065697142857,116.56000043142856,3.6484574626530617,0.2,0.0,0.0,0.0,5.367800235748291,5.528031826019287,5.3643999099731445,5.38070011138916,0,43.09102504055228,0.1475512224679525,5.368599891662598,5.349500179290772,0.0005962463842464,0.1605758672117618,256.974,-0.0909769525053838,2.2851297401217163,0,0,0,0,2,8,0.8660254037844386,0.5000000000000001,0.8229838658936564,0.5680647467311559,23.450000762939453,0.1606394143831474,23.72499990463257,1.0,718.0544134442898,0.1506015909300238,121.1500015258789,124.0999984741211,24.2,1.085714285714257,26.95166772116457,64.76309478949051,737.9185721510903,621.7260938023164,29.048119587193483,684.6465564041118,69.7223982737662,0.3737468872399911,0.2543236151185706,0.2913967633293103,1.2826047556045383,0.0970401264427102,0.0546889027203905,0.0603951278229955,1.6067539530601431,0.4665994857283826,-0.0058598335451964,0.1292508896152584,0.1848986883290543,0.6990362332634572
2021-03-01 00:00:00+00:00,135.14999389648438,139.3000030517578,132.60000610351562,133.25,273,69.83840210697198,0.2583633134502189,127.7024990081787,125.85699935913084,129.7332653654896,139.77776648838486,115.62723152797254,3.432823663579569,2.1795912381028093,1.2532324254767595,0.0127388309263245,0.0899193056168095,26.412085628571425,42.13714215771428,3.990580250204082,27.028514285714287,122.38285442514288,3.8950831663265313,0.2,0.0,0.0,0.0,5.464799880981445,5.606900215148926,5.389699935913086,5.597599983215332,0,74.07283855857983,0.1304573480037667,5.38070011138916,5.437989234924316,-0.0083468277933882,0.1263500069175283,256.974,-0.0909769525053838,2.2851297401217163,0,0,0,0,3,9,1.0,6.123233995736766e-17,0.8854560256532099,0.4647231720437686,23.350000381469727,-0.0042735269750798,22.00250005722046,1.0,756.5156035665132,-0.7437058268334361,133.4499969482422,121.1500015258789,22.835714285714285,1.3999999999999737,26.956625564038745,68.48049863695196,795.0865997935119,600.5602213983517,48.63159459879008,713.3941752690724,75.67637039692322,0.3847431628741709,0.268932234720584,0.2980786546515764,1.2907437146630285,0.0495745264581656,0.0538938713400219,0.0595985442851963,0.8318075338025337,0.0042718091111579,-0.603774106920554,0.1503863685463284,0.1918790361428065,0.7837560774322537
2021-03-08 00:00:00+00:00,129.0500030517578,134.64999389648438,128.25,136.14999389648438,33,58.13148679311032,0.2793321617697114,129.16749839782716,126.42199905395508,129.8006966106286,140.71571699559053,117.6192798000638,1.7228111093403695,2.265212383940317,-0.5424012745999471,-0.0451349694429046,0.0403063271019337,26.513514,28.80857220742857,3.876711756734694,25.01208567142857,70.94571533371428,3.82030135,0.2,0.0,0.0,0.0,5.640699863433838,5.769100189208984,5.545100212097168,5.689499855041504,0,74.81585956006519,0.137581137388575,5.597599983215332,5.4257001876831055,0.0125072953760355,0.1446508808241036,256.974,-0.0909769525053838,2.2851297401217163,0,0,0,0,3,10,1.0,6.123233995736766e-17,0.9350162426854148,0.3546048870425355,25.46999931335449,0.0869042615804343,23.05999994277954,2.0,734.2299736560817,1.3417064901089335,135.14999389648438,133.4499969482422,23.714285714285715,0.1999999999999857,26.831171377418737,68.63954487545277,806.2702883453844,623.3326495214365,45.73440970598699,721.7284946238761,73.5304377163377,0.4225427631743952,0.2901719733840502,0.3039788453022345,1.390039984045197,0.0495931324691061,0.0554359520597578,0.0592021998249251,0.8376905628314326,0.0005521196794693,-0.3398854556735736,0.1521854075353618,0.1907347657126285,0.7978901957797813
2021-03-15 00:00:00+00:00,131.4499969482422,132.60000610351562,128.8000030517578,129.5500030517578,13,37.0813423328381,0.2805834419990719,131.339998626709,127.00799896240234,130.2526540492109,139.35193781573582,123.32805943768216,1.286280963897099,1.623183514106833,-0.3369025502097342,0.0185973951160762,0.0845709592251655,27.31779991428571,33.622857681142854,3.7534723636734695,25.830656871428573,47.56285831371428,4.038942694081633,0.0,0.0,0.0,0.0,5.874599933624268,5.877500057220459,5.495155811309815,5.495155811309815,0,51.54648080814465,0.1961804746349347,5.689499855041504,5.3653998374938965,0.0037330694013475,0.1293286742622181,256.974,-0.0909769525053838,2.2851297401217163,0,0,0,0,3,11,1.0,6.123233995736766e-17,0.970941817426052,0.239315664287558,20.030000686645508,-0.2402700780737934,23.07500028610229,1.0,722.3382146267905,0.4642838926401337,129.0500030517578,135.14999389648438,23.95714285714286,0.3428571428571265,26.76662205445163,67.2797586456632,767.2587928882243,698.3103097586132,17.237120782402773,721.9723826250421,75.63754106594072,0.410382326739947,0.2973826882610598,0.3066542481413513,1.3382573887194569,0.028908354050811,0.0517091593752823,0.0586551187280312,0.4928529640579535,0.00023363121313,-0.2909649145060246,0.1952481888051807,0.1988934935313213,0.9816720271832984
2021-03-22 00:00:00+00:00,130.10000610351562,134.39999389648438,125.4499969482422,131.5,37009,43.92159749062184,0.3036490935285477,131.83999977111816,127.54999923706056,129.93351897472954,139.16720998083713,124.5127895613992,0.3983787005851411,1.0587255773731907,-0.6603468767880496,-0.0102699952534659,0.0203922047334559,27.48351417142857,13.391429313999996,4.3648698020408165,27.76779988571428,55.991429470857135,3.908525118979592,0.0,0.0,0.0,0.0,5.614500045776367,5.6774001121521,5.46019983291626,5.493563175201416,0,42.54343909247672,0.2350665273040942,5.495155811309815,5.42579984664917,-0.0071884987643211,0.2221806448199411,256.974,-0.0909769525053838,2.2851297401217163,0,0,0,0,3,12,1.0,6.123233995736766e-17,0.992708874098054,0.120536680255323,18.8799991607666,-0.0591280676921483,21.93249988555908,1.0,714.7126026237529,-0.6278729239267261,131.4499969482422,129.0500030517578,23.303571428571427,1.028571428571404,26.83121417259761,66.55147934406281,768.4307184941721,695.467478742397,18.240809937943773,719.0684706245265,47.918243007126726,0.3951133791056068,0.300837270699698,0.3058420283581453,1.2918870840212082,0.0687932092879457,0.0587818697417477,0.0592494492797553,1.1610774195107525,0.6954487372217575,-0.1600593394821396,0.1953053285570993,0.1950050752674021,1.001539669025992
2021-03-29 00:00:00+00:00,127.0500030517578,130.60000610351562,125.1999969482422,130.10000610351562,85400,46.56773847990907,0.2923922529369558,129.46749992370604,127.89199935913086,128.8843790110175,134.50737088902508,124.427628958387,-0.3922075799108881,0.1936193259430847,-0.5858269058539729,-0.0234435273533427,-0.0716112723030859,29.343514171428573,3.220000094285711,4.63355460367347,27.434942685714283,18.282858657142853,4.404436919387755,1.4,0.0,0.0,0.0,5.505300045013428,5.802800178527832,5.474699974060059,5.752399921417236,0,43.183559172000535,0.2308682812865289,5.493563175201416,5.528025150299072,-0.0117872081254183,0.2378901334779495,256.974,-0.0909769525053838,2.2851297401217163,0,0,0,0,3,13,1.0,6.123233995736766e-17,1.0,-1.6081226496766366e-16,20.739999771118164,0.0939610754991808,21.27999973297119,1.0,730.8424275709912,-1.0877438600364462,130.10000610351562,131.4499969482422,24.23928571428571,0.1142857142857101,26.8701643992503,63.43737478361637,743.0851015516037,707.9765076872045,8.77714846609979,723.7780534031125,27.8422892366155,0.240022324031488,0.2976492275748954,0.2990274253050326,0.8026765965024095,0.0425030226333293,0.0478744489798715,0.0580053926196285,0.7327424811106586,1.6533437619181783,-0.154237513183969,0.2353921371648295,0.175152303098445,1.343928224530649
2021-04-05 00:00:00+00:00,122.0999984741211,127.0500030517578,120.5,126.5500030517578,96501,34.4942146982723,0.3047237545712003,127.88250045776368,127.54899948120118,126.74751714732956,135.15091154396936,120.614089371558,-1.6505170555218172,-0.7055756150762559,-0.9449414404455612,-0.0498054593453611,-0.0490653872417028,28.014942685714285,10.20285741685714,4.5272110955102045,29.514228542857136,6.44000018571428,4.726406617959183,0.6000000000000001,0.0,0.0,0.0,5.781099796295166,5.798600196838379,5.608099937438965,5.710599899291992,0,57.33840193422471,0.2377194245380396,5.752399921417236,5.668300151824951,0.0182448562772698,0.2292337245721213,256.974,-0.0909769525053838,2.2851297401217163,0,0,0,0,4,14,0.8660254037844387,-0.4999999999999998,0.992708874098054,-0.1205366802553228,17.90999984741211,-0.146704984212696,19.3899998664856,1.0,697.2642389898683,1.915462580232364,127.0500030517578,130.10000610351562,22.635714285714283,0.6857142857142611,27.040749182708804,59.76012480955818,744.874257665816,687.7044842398855,14.292443356482648,713.1725276378148,23.30044831039868,0.1857181353640338,0.3219964862209668,0.2769240502176406,0.6706464408259574,0.0536445793088692,0.0486884595500122,0.0559967446585839,0.9579944344264923,1.885322767820143,-0.1107966464012161,0.2153148716879187,0.1743081013751207,1.2352544582652796
2021-04-12 00:00:00+00:00,128.10000610351562,129.10000610351562,121.3499984741211,122.5,134047,45.49549797236924,0.3335696744338166,127.14500045776369,127.85899948120117,127.0122897429496,133.66782975054682,120.62217116498051,-0.6212299293097345,-0.8552235825648548,0.2339936532551202,0.0491401122389549,-0.0280728138283061,26.519228342857144,11.98571475085714,4.223459546122449,27.850656914285715,24.41714382685714,4.388316460612245,0.0,0.0,0.0,0.0,5.662700176239014,5.699900150299072,5.543353080749512,5.679299831390381,0,60.88154598948524,0.2016322016299446,5.710599899291992,5.534800052642822,0.000560527995116,0.2447516187813683,256.974,-0.0909769525053838,2.2851297401217163,0,0,0,0,4,15,0.8660254037844387,-0.4999999999999998,0.970941817426052,-0.2393156642875575,16.90999984741211,-0.0574540536659577,18.60999965667725,1.0,727.518343064803,0.1470297520169838,122.0999984741211,127.0500030517578,23.885714285714283,0.0,27.093001294423445,57.4799324880936,748.0390618966595,687.1297442280483,15.227329417152808,718.9108538086102,52.95710852495823,0.2517881703153404,0.3334098277834992,0.2782999785049379,0.9047365458690017,0.0604996663554556,0.0508697663272822,0.0559636239192786,1.081053214712965,2.3733933201775925,-0.1270492120409086,0.2105611795823125,0.1725151862261266,1.2205369972527906
2021-04-19 00:00:00+00:00,129.85000610351562,133.4499969482422,126.8000030517578,128.10000610351562,82154,55.833335982427016,0.3177431177891921,127.34000053405762,128.54199966430664,128.46290337294437,133.45689931922362,121.2231017488916,0.5496858720283626,-0.0405660778400386,0.5902519498684013,0.013661201534884,0.0272943396834561,26.207799914285715,3.0428572399999965,4.2126125171428574,26.512799657142857,17.185714659428566,4.20448949632653,0.0,0.0,0.0,0.0,5.732100009918213,5.753300189971924,5.538675785064697,5.5858001708984375,0,36.50707864975763,0.1830209909271122,5.679299831390381,5.558700084686279,0.0200435290638435,0.1935206545826429,256.974,-0.0909769525053838,2.2851297401217163,0,0,0,0,4,16,0.8660254037844387,-0.4999999999999998,0.9350162426854148,-0.3546048870425354,17.290000915527344,0.022223198759502,18.21250009536743,1.0,725.3161862841807,2.095329858889734,128.10000610351562,122.0999984741211,26.185714285714283,2.599999771428568,27.05556893072792,54.88030553140553,751.1984797131823,689.2721182417393,15.481590367860766,721.4729867988385,56.45267285565127,0.2454094630656802,0.3240506132319974,0.2710761692665122,0.90531548633199,0.0512128885938061,0.0553306732358812,0.0549410064951208,0.9321430847271313,1.356280851204108,-0.1493636943425134,0.1775602094700324,0.1747281137959773,1.0162085279262885
2021-04-26 00:00:00+00:00,141.75,142.35000610351562,129.89999389648438,130.0500030517578,23353,81.17154931924418,0.2717652619891981,129.25250053405762,129.81599990844725,131.42415991277062,139.41489289390438,119.09010817421088,2.3429434370772526,1.040159288755344,1.3027841483219087,0.0916441535397216,0.1196682599405858,26.686371228571428,12.46571474285714,3.899868792244898,25.98708567142857,8.380000187999993,4.098918901632653,0.0,0.0,0.8,0.8,5.544400215148926,5.583700180053711,5.424200057983398,5.477200031280518,0,36.10903611446364,0.1803833572762689,5.5858001708984375,5.648399829864502,-0.0052138537458649,0.1813852697867266,256.974,-0.0909769525053838,2.2851297401217163,0,0,0,0,4,17,0.8660254037844387,-0.4999999999999998,0.8854560256532099,-0.4647231720437685,17.639999389648438,0.0200406633317548,17.4375,1.0,776.3931044340134,-0.4304084220811062,129.85000610351562,128.10000610351562,20.139285714285712,15.599998628571406,26.98663452690216,51.88028583183099,797.3649975400625,665.8809388463702,32.87101467342308,743.4410338529085,69.44758984620898,0.3181074723769549,0.3382826129369936,0.258556131625008,1.2303226308130633,0.0878307739473104,0.0591381861677541,0.0570024908571047,1.540823167872699,0.3782983459064989,-0.212212039682977,0.1929005013810668,0.1668391668563081,1.156206264115078
2021-05-03 00:00:00+00:00,138.75,145.8000030517578,138.75,142.4499969482422,66,65.81816749258284,0.2619263935201342,133.84750061035157,131.465,135.36736796873737,145.83800067539778,121.85700054530535,3.516637244197625,2.7328425814144515,0.7837946627831736,-0.0211640211640211,0.1410361985286436,25.3763712,8.408571666857139,3.761486780816327,26.91065682857143,27.26000095342857,3.904353268571428,0.0,0.0,1.4,1.6,5.435100078582764,5.461400032043457,5.316003799438477,5.439700126647949,0,27.27982523654769,0.1701137456015958,5.477200031280518,5.707399845123291,0.0062268835036669,0.1749387174687064,256.974,-0.0909769525053838,2.2851297401217163,0,1,0,1,5,18,0.4999999999999999,-0.8660254037844387,0.8229838658936565,-0.5680647467311557,18.309999465942383,0.0372783135406652,17.53749990463257,1.0,754.758392572403,0.7136653028720739,141.75,129.85000610351562,27.732142857142858,0.0,26.98173273991308,50.29188035580503,794.5741692425739,697.4188439351261,24.28883132686196,747.9679773407063,77.3344616444026,0.3467286812039281,0.2813511880553273,0.2630406368879796,1.3181562823314852,0.0508108328054617,0.0607997482021806,0.0559210184434838,0.9086176384758954,0.0010691003277762,-0.1403970377594343,0.0465707903456552,0.1640617407172034,0.2838613518511713
2021-05-10 00:00:00+00:00,147.60000610351562,153.5,138.89999389648438,139.35000610351562,35,69.59897227243782,0.3177504357309214,139.04750061035156,132.64100006103516,140.5568502633001,154.17027923607446,123.92472198462865,5.219584971326697,4.072132494228423,1.147452477098274,0.0637838277730855,0.1599214625030698,25.95922842857143,0.8885714582857133,3.752545602857143,24.55065678571429,11.991429012285709,3.662532315306122,0.0,0.0,2.8000000000000003,2.0,5.438199996948242,5.478099822998047,5.198400020599365,5.235499858856201,0,26.880621510019907,0.1738018571423962,5.439700126647949,5.566599845886231,0.01917266124332,0.1763538812918532,256.974,-0.0909769525053838,2.2851297401217163,0,1,0,2,5,19,0.4999999999999999,-0.8660254037844387,0.7485107481711013,-0.663122658240795,19.65999984741211,0.071138777438802,18.22499990463257,1.0,772.7598111221305,2.008243076837384,138.75,141.75,28.914285714285715,0.0,26.82488912996477,47.820883494932815,803.9684397434709,710.6453074628929,23.330783070144467,757.884710853276,74.34556749398799,0.2718504673172728,0.2604101999998849,0.2639824229844704,1.0298051436372104,0.0989160264212744,0.0698540376246616,0.058493528782639,1.691059020874847,0.0005845775091318,-0.1237502542961702,0.0949440391747724,0.1771703720037004,0.5358911467086491
2021-05-17 00:00:00+00:00,145.0,149.1999969482422,144.25,149.1999969482422,49,51.050071536400736,0.3625793073432259,142.78249969482422,134.07900024414062,142.5302425052424,154.78799411980154,130.7770052698469,3.8882565033668186,4.285376918086194,-0.3971204147193754,-0.0176152167750737,0.12272556602844,24.76779988571429,0.7971428614285689,3.5678134236734698,25.420657057142854,1.2314286085714263,3.7462680493877554,0.0,0.0,2.6,0.6,5.222599983215332,5.319200038909912,5.204999923706055,5.269499778747559,0,35.84843151970587,0.1631331736904145,5.235499858856201,5.614999771118164,-0.0072188372513714,0.1621355997657041,256.974,-0.0909769525053838,2.2851297401217163,0,1,0,3,5,20,0.4999999999999999,-0.8660254037844387,0.6631226582407952,-0.7485107481711012,19.71999931335449,0.0030472073970535,18.832499504089355,1.0,764.077467918396,-0.6309067726317561,147.60000610351562,138.75,30.22857142857143,0.0285714285714265,26.73429351236336,44.81511221194176,786.3122641127667,747.6821239107047,9.6575350505155,760.3618136793241,69.4985305384657,0.2708084197675229,0.2504572442154491,0.2660167211239942,1.0180127340986505,0.0341379099878771,0.0645816863511459,0.057707517268674,0.5915677140165491,0.0008526654932363,-0.1476048704730604,0.1191645377679168,0.1738652685806074,0.6853843317121521
2021-05-24 00:00:00+00:00,149.0,153.64999389648438,147.14999389648438,147.14999389648438,76352,64.51150811259237,0.3768947764472298,146.5449996948242,136.10400024414062,145.6405787784169,155.50655172172435,137.58344766792408,3.971142178129611,4.191044871686881,-0.2199026935572696,0.0275862068965517,0.088783290862946,26.11637137142857,1.351428588571426,3.4560605767346937,24.718514257142857,2.585714271428566,3.4572984008163266,0.0,0.0,1.8,2.4,5.271699905395508,5.366300106048584,5.229190826416016,5.361800193786621,0,42.66773587499417,0.165243008798095,5.269499778747559,5.44320011138916,-0.0072231866164034,0.16903587331948,256.974,-0.0909769525053838,2.2851297401217163,0,1,0,4,5,21,0.4999999999999999,-0.8660254037844387,0.5680647467311558,-0.8229838658936564,18.39999961853028,-0.069282670471847,19.02249956130981,1.0,798.9082288742065,-0.6313417091349561,145.0,147.60000610351562,29.760714285714283,6.057143314285698,26.604243237833007,42.09063492545704,810.6277690434194,734.6241812001485,19.000896960817705,775.7803797572772,63.53898478824812,0.2846382191548494,0.2602337965351582,0.2719755851832665,1.0465579419471454,0.0436241610738255,0.0630639408471498,0.0574313345680059,0.7595880159512718,1.3092108760249543,-0.0162073131618887,0.1573703340360336,0.1757035618273806,0.8956581383026274
2021-05-31 00:00:00+00:00,162.35000610351562,163.14999389648438,148.89999389648438,150.5,87067,76.01413174993434,0.3730158930324699,149.2400001525879,138.0920002746582,149.1956048973594,160.3202660196132,138.1597342855626,4.972771152136971,4.33786856301888,0.6349025891180915,0.0816122551757383,0.1481613374210486,26.74922837142857,2.3657143622857117,3.468919084081633,26.606371242857143,3.1314286982857085,3.5426136677551017,0.6000000000000001,0.0,1.6,3.4,5.318600177764893,5.339399814605713,5.1975998878479,5.23799991607666,0,51.78087905071381,0.1535387623709358,5.361800193786621,5.336400032043457,0.0151274833539593,0.1638467086276903,256.974,-0.0909769525053838,2.2851297401217163,0,1,0,5,5,22,0.4999999999999999,-0.8660254037844387,0.464723172043769,-0.8854560256532096,16.760000228881836,-0.0933555351725185,18.63499975204468,1.0,850.3893183452601,1.6037252879013135,149.0,145.0,31.72142857142857,35.428574171428544,26.604380528479727,39.577137749510506,874.2054157692867,718.8619973607099,38.8358546021442,805.6239551924704,92.31621207567017,0.2724836302128079,0.2793073342068386,0.2844887089321553,0.957801178322961,0.0877733259271582,0.0630524512431194,0.0586088015034112,1.4976131348790345,1.526840311936924,0.2467977827607114,0.1613040382584581,0.1662374811376535,0.9703228625177566
2021-06-07 00:00:00+00:00,160.14999389648438,166.75,155.1999969482422,162.0,135417,72.1815668268655,0.3507156018849994,152.7224998474121,141.39900009155272,153.56701818815776,165.03293513781858,140.41206455700564,5.371621077315723,5.0526693364746045,0.3189517408411184,-0.0135510448064196,0.0433224358077157,25.722085628571428,5.111428648571426,3.223853496734694,26.856371328571424,4.311428639428566,3.408676233061225,0.0,0.0,1.4,4.8,5.216800212860107,5.21999979019165,5.01830005645752,5.044600009918213,0,27.88068387828528,0.1356344006043304,5.23799991607666,5.273430824279785,-3.823363518950426e-05,0.1362848537362734,256.974,-0.0909769525053838,2.2851297401217163,0,1,0,6,6,23,1.2246467991473532e-16,-1.0,0.3546048870425358,-0.9350162426854148,16.420000076293945,-0.0204950000396853,17.824999809265137,1.0,807.8926607986068,0.0871535889864333,162.35000610351562,149.0,33.857142857142854,1.6999999999999835,26.620637999453383,37.30193071015038,876.3091182099666,734.3247197582681,35.49609961292462,806.531437434925,62.77643180460909,0.3279380623901098,0.3193279301699053,0.3005917480027628,1.0909748975455795,0.072119909409571,0.0673142665639412,0.057669341616596,1.2505760406159394,2.289204896998325,0.2739731222415062,0.1849486536076729,0.1730504491923151,1.0687556361935742
2021-06-14 00:00:00+00:00,154.10000610351562,161.9499969482422,151.5500030517578,160.3000030517578,149911,57.58930720443087,0.3059650308638574,155.4224998474121,144.63699996948242,154.87255935210715,165.25191015806735,145.59308953675682,3.607627970348801,4.5123765765862975,-0.9047486062374964,-0.0377770092010072,0.0580158775223622,25.04208562857143,3.3257142399999973,3.1340071653061226,25.13208561428572,10.197142995428566,3.185605713061224,0.2,0.0,1.8,6.2,5.043357849121094,5.13640022277832,5.01830005645752,5.117000102996826,0,25.360689613351923,0.124250239299796,5.044600009918213,5.307700157165527,-0.0062643119600519,0.1307530175168121,256.974,-0.0909769525053838,2.2851297401217163,0,1,0,7,6,24,1.2246467991473532e-16,-1.0,0.2393156642875576,-0.970941817426052,16.389999389648438,-0.0018287531542136,16.992499828338623,1.0,788.529747103501,-0.5354542434998061,160.14999389648438,162.35000610351562,31.54642857142857,6.928571442857114,26.524602361700637,35.553234728555424,865.7323225473416,757.1276550134456,27.151166883473984,799.3307613023555,58.25134796904059,0.3448824574915477,0.299419140021703,0.3043864607168194,1.1330413493062346,0.0674886014572786,0.0610287815711421,0.0583662875214595,1.1562940313708463,2.4113872180114657,0.2729513596663544,0.1767351125131999,0.1653740004715607,1.0686994407963086
2021-06-21 00:00:00+00:00,152.35000610351562,154.75,147.0500030517578,154.3000030517578,56343,35.451499725698824,0.3000323452935703,155.8,147.14800018310547,153.44711386908645,164.53643141087835,147.06356858912167,1.0862090334071013,2.62768900722544,-1.541479973818339,-0.0113562617176306,0.0092746550750411,24.9535142,1.9171428228571417,3.157562525714286,24.04208561428572,8.508571291428566,3.018143721020408,0.0,0.0,3.2,9.4,5.058800220489502,5.101099967956543,4.980167865753174,5.0960001945495605,0,37.98327552620326,0.1290005150135861,5.117000102996826,5.281300067901611,0.0122893939620878,0.126057441156106,256.974,-0.0909769525053838,2.2851297401217163,0,1,0,8,6,25,1.2246467991473532e-16,-1.0,0.120536680255323,-0.992708874098054,17.889999389648438,0.0875705078872427,16.864999771118164,1.0,776.3756607431424,1.319916348714164,154.10000610351562,160.14999389648438,26.21428571428571,10.428571442857114,26.364439990899672,33.80841773261176,870.6725214467782,740.9211720484769,32.43783734957534,790.1487210786703,41.02250546075594,0.347590618107942,0.2948276471377922,0.3063204392356049,1.1347287423197607,0.0505414941894413,0.0643094984114549,0.0587992257874102,0.8595603924543352,0.9342355726819568,0.3269942779836208,0.1713444153655261,0.165326128383853,1.036402452996875
2021-06-28 00:00:00+00:00,162.25,163.1999969482422,150.25,153.6999969482422,629,57.142857142857146,0.2915749991969719,155.96999893188476,149.6319998168945,154.37036069932427,164.27360457329283,147.6663932904767,1.513524360519682,1.5305606830733052,-0.0170363225536231,0.0649819067926897,0.0444157941769673,25.100657057142858,0.1799999999999971,3.4761319877551022,25.20137134285714,0.577142857142857,3.3380550638775506,0.0,0.0,3.6,11.4,5.012899875640869,5.042500019073486,4.89300012588501,4.91540002822876,0,37.70368135184068,0.1403411634132712,5.0960001945495605,5.2382001876831055,0.0175391309722445,0.1316768724769617,256.974,-0.0909769525053838,2.2851297401217163,0,1,0,9,6,26,1.2246467991473532e-16,-1.0,-3.216245299353273e-16,-1.0,15.760000228881836,-0.1267667644510227,16.614999771118164,1.0,797.5236545801163,1.844890049729834,152.35000610351562,154.10000610351562,24.892857142857142,38.35714252142854,26.289403303929188,31.66446451483957,819.3610820275768,765.7997795851064,13.39032561061762,793.0986944792487,22.22323122514294,0.3240855552160942,0.2971200890572013,0.3026084494786332,1.0709732165930326,0.0798150813450982,0.0715476824657094,0.0604128639810057,1.321160144941833,0.0115241145302757,0.2988709404519977,0.1601024827304983,0.1723365494522696,0.9290105549243042
2021-07-05 00:00:00+00:00,152.5500030517578,162.75,152.5500030517578,162.6999969482422,117,47.78254387171276,0.2795353121510315,155.27749938964843,151.6079998779297,155.10156922218,162.78044342875015,147.7745553505467,1.328305002670703,1.6012039225395696,-0.2728989198688665,-0.0298886928346084,-0.032043165331103,23.21779982857143,0.4942857142857142,3.483510512653061,24.60565712857143,0.3599999999999951,3.50694888122449,0.0,0.0,5.800000000000001,16.2,4.924499988555908,5.090099811553955,4.922471046447754,5.059199810028076,0,50.059181284789,0.1393692098869844,4.91540002822876,5.076300144195557,0.0005494148414223,0.139742650164361,256.974,-0.0909769525053838,2.2851297401217163,0,1,0,10,7,27,-0.4999999999999997,-0.8660254037844388,-0.1205366802553228,-0.992708874098054,15.06999969482422,-0.0447691065648376,16.277499675750732,1.0,771.7809464592356,0.1459184366476138,162.25,152.35000610351562,25.375,43.02857202714283,26.18077451842224,29.64482164291444,806.9346219860387,760.1703824569589,11.691059882269965,784.5715952712435,26.97183222304044,0.2094687003287105,0.2700499905516638,0.3055064896652086,0.6856440061283745,0.0668633021579258,0.067365677711863,0.062084546216121,1.0769715728525069,0.0023480326195911,0.4237389555543554,0.214144393822443,0.1804449334922088,1.1867575210368215
2021-07-12 00:00:00+00:00,153.85000610351562,153.85000610351562,147.89999389648438,153.25,58,52.11864260664765,0.29661525849756,153.46000061035156,152.53199981689454,153.57982008239466,160.9270950517166,145.9929061689865,-0.0811520736087914,0.5576323493104319,-0.6387844229192233,0.0085218159669044,-0.0305607494517363,23.92494271428572,0.2142857142857143,3.638411854285714,23.53922845714286,1.1485714285714286,3.4929606377551017,0.0,0.0,5.6000000000000005,21.8,5.088779926300049,5.309000015258789,5.075799942016602,5.257900238037109,0,76.49354978877739,0.1562640252679396,5.059199810028076,5.054500102996826,0.0027904351687718,0.1420686309530976,256.974,-0.0909769525053838,2.2851297401217163,0,1,0,11,7,28,-0.4999999999999997,-0.8660254037844388,-0.2393156642875574,-0.970941817426052,16.170000076293945,0.0704516859194011,16.22249984741211,1.0,808.9279837136855,0.3700204693825638,152.5500030517578,162.25,29.85714285714286,64.44285768285712,26.010352191888085,27.806353887150376,823.7739960902325,753.5301266578574,17.56096735809374,794.3141506482204,60.60289504266437,0.2507902932949305,0.2798662526290176,0.2732202772684956,0.9179050933669396,0.0386741109586169,0.0606765180216721,0.0591662454419164,0.653651488838656,0.0012022880785879,0.3405529723283557,0.2131381640562312,0.1923989244915096,1.1077928504101815
2021-07-19 00:00:00+00:00,155.25,161.1999969482422,152.10000610351562,152.1999969482422,49,40.93264392079662,0.3067358117767967,154.65,153.7779998779297,154.76235622491842,162.44702990944643,146.85297009055358,0.84054557183822,0.539906271607039,0.300639300231181,0.0090997324728243,0.0381143218450452,25.70494277142857,0.0542857142857135,3.93725691877551,24.642085542857146,0.1228571428571425,3.7242506573469383,0.6000000000000001,0.0,4.8,13.2,5.172800064086914,5.23799991607666,5.055826187133789,5.1153998374938965,0,66.81369435459108,0.167368136904686,5.257900238037109,5.007400035858154,-1.8953958251394625e-05,0.1561746438989867,256.974,-0.0909769525053838,2.2851297401217163,0,1,0,12,7,29,-0.4999999999999997,-0.8660254037844388,-0.3546048870425356,-0.9350162426854148,22.5,0.3303576309031187,17.375,1.0,794.1658247709274,0.0890815566802443,153.85000610351562,152.5500030517578,26.960714285714285,169.54285900571426,25.92207692420867,26.02032183913146,824.2065536720582,761.9926510899242,15.553475645533506,794.2548202973032,59.00312872785764,0.2439822210893856,0.2818144667848858,0.2640964607631959,0.9238374915965996,0.0586150779048409,0.0589018133111846,0.0596182730142501,0.9831728614329698,0.0010159620071675,0.3759738898119933,0.2388749158016274,0.1837705774534621,1.2998539054141067
2021-07-26 00:00:00+00:00,207.8000030517578,215.1999969482422,165.64999389648438,165.64999389648438,202994,84.78514258108201,0.5131058722108112,162.93499984741212,157.6359997558594,167.98833852027116,195.3393212132572,130.530678481567,9.610998299254362,4.366085910092484,5.244912389161878,0.3384863320564111,0.363517135000039,24.85494268571429,0.1171428571428553,4.190901182857142,26.6670857,0.1457142857142832,4.042130390612245,0.2,0.0,2.8,16.0,5.250500202178955,5.291500091552734,5.157700061798096,5.19789981842041,0,58.87971524741749,0.1702953811380798,5.1153998374938965,4.912700176239014,0.0010561356028544,0.1627425721735862,256.974,-0.0909769525053838,2.2851297401217163,0,1,0,13,7,30,-0.4999999999999997,-0.8660254037844388,-0.464723172043768,-0.8854560256532101,17.579999923706055,-0.2467534212931584,17.829999923706055,1.0,1080.1235981304926,0.1965905127908238,155.25,153.85000610351562,26.803571428571427,51.42857211428569,25.97014200651779,24.35099231955616,1153.8604904846147,573.6386860525558,145.05545110801475,908.6023314305792,88.86034405840346,1.0012930571958385,0.7458826718092307,0.5532479557476957,1.8098449866736068,0.2384504442929009,0.0964836033318765,0.0690611386054399,3.4527436787247163,3.4772226618834643,0.9137461734712388,0.2432078949283135,0.1836827989288498,1.324064545542315
2021-08-02 00:00:00+00:00,172.8000030517578,209.6000061035156,171.60000610351562,206.3000030517578,154488,59.24933016085002,0.6792897731363874,170.99499969482423,161.7979998779297,176.10999838239724,211.835264459027,130.15473493062146,9.252494411493302,8.723786056810694,0.5287083546826086,-0.1684311813570203,0.1076923272548577,24.130657000000003,0.6171428742857119,4.192087996734694,24.23708561428571,0.3600000057142828,4.211055005714287,0.6000000000000001,0.0,3.4000000000000004,17.8,5.1753997802734375,5.214300155639648,5.042596817016602,5.208700180053711,0,52.96444922608156,0.1739905957747956,5.19789981842041,5.045102119445801,-0.0003270788776288,0.1666463479327422,256.974,-0.0909769525053838,2.2851297401217163,0,1,0,14,8,31,-0.8660254037844385,-0.5000000000000004,-0.5680647467311556,-0.8229838658936566,19.459999084472656,0.1015991417940156,18.927499771118164,1.0,900.0634070089727,0.0582690647425038,207.8000030517578,155.25,28.817857142857147,30.02857188571426,25.858331916696365,22.803186363824423,1158.8021207122065,632.8382860998327,131.49095865309343,905.1867616619368,62.384218311869816,1.292663057115936,0.8933277045619259,0.6404230008991055,2.018451921802645,0.2199074035237027,0.1245020677675974,0.0786110910790845,2.797409023726446,2.3371171349707027,0.8384207152583627,0.1859197640898759,0.1765517209710316,1.0530611230335736
2021-08-09 00:00:00+00:00,179.35000610351562,180.6000061035156,172.0500030517578,172.8000030517578,98388,57.22574576536356,0.7283029001571799,177.38999938964844,164.2399996948242,176.3578231899415,210.6212565938816,144.1587421854153,5.0922062333924885,6.9196302533341205,-1.827424019941632,0.0379051095837996,0.1853932748577822,24.51065697142857,0.2028571457142853,4.070352965714286,24.134228428571426,1.2657143199999952,4.168495352857143,0.0,0.0,5.2,23.0,5.174600124359131,5.296500205993652,5.110000133514404,5.23199987411499,0,48.10432433673353,0.1821950698183176,5.208700180053711,5.257999897003174,0.0249403423484931,0.1899373712926805,256.974,-0.0909769525053838,2.2851297401217163,0,1,0,15,8,32,-0.8660254037844385,-0.5000000000000004,-0.663122658240795,-0.7485107481711013,16.719999313354492,-0.1517554631219921,19.0649995803833,1.0,938.3592093561164,2.5850111873546937,172.8000030517578,207.8000030517578,27.175,118.22857494285712,25.747099433591533,21.4136720384164,1164.6544082552164,691.7016113780384,118.23819921929449,918.4557407396088,62.46746566508415,1.2721191218634256,0.8877764297094289,0.6411423964325705,1.9841444101969803,0.0476721648218008,0.1206638403003725,0.0775550388557772,0.6146880896233182,1.4223900513074976,0.8495656325094988,0.1726754601695535,0.1768936163516025,0.9761542217826168
2021-08-16 00:00:00+00:00,183.1999969482422,187.3500061035156,177.5500030517578,179.5,137777,30.97434988930722,0.7202530783986696,184.2125,166.53099975585937,179.24340301225348,206.09132643490088,162.33367356509913,4.603825688613512,5.517566421447232,-0.9137407328337206,0.0214663546903057,0.1364764293827109,27.972085657142856,0.2714285799999996,4.327610430204081,24.9556568,0.29428572,4.105013602448979,2.4000000000000004,0.0,5.4,26.0,5.231599807739258,5.29010009765625,5.158999919891357,5.247499942779541,0,57.05894490937119,0.1675101464476212,5.23199987411499,5.110000133514404,-0.0025198125445112,0.1835307968304788,256.974,-0.0909769525053838,2.2851297401217163,0,1,0,16,8,33,-0.8660254037844385,-0.5000000000000004,-0.7485107481711011,-0.6631226582407952,16.1200008392334,-0.0365447774491335,17.46999979019165,1.0,961.341973503113,-0.1610043019457362,179.35000610351562,172.8000030517578,26.889285714285712,194.04286223571427,25.69603861852111,20.05113098561534,1125.2972191785962,814.6468748207511,77.66258608946129,935.6102338450106,65.85219500903943,1.272399294702712,0.8743404316170518,0.6412194151184665,1.984343026519563,0.0534934673308236,0.1236277115748138,0.0781045610906519,0.6848954751795067,1.919173698194809,0.8407957440160689,0.1164491306490403,0.1571141801831323,0.7411751320062636
2021-08-23 00:00:00+00:00,179.9499969482422,184.25,175.0500030517578,184.1999969482422,53438,59.807680457294445,0.5632897312461778,182.3599998474121,168.6079998779297,179.157234706481,198.66413526091208,166.05586443391212,2.484476042860166,3.840154239963213,-1.3556781971030474,-0.017740174968006,-0.0478836140304645,27.84637137142857,0.7485714399999974,4.780132579591837,27.964942828571427,0.8171428914285706,4.501718515918368,1.2000000000000002,0.0,4.4,30.4,5.259600162506104,5.471799850463867,5.235044956207275,5.379000186920166,0,72.46150202367204,0.1390928294232615,5.247499942779541,5.1996002197265625,-0.0008952987516378,0.1625881372395735,256.974,-0.0909769525053838,2.2851297401217163,0,1,0,17,8,34,-0.8660254037844385,-0.5000000000000004,-0.8229838658936564,-0.5680647467311559,17.149999618530273,0.0619373622287098,17.362499713897705,1.0,967.951067220878,0.0014470773416038,183.1999969482422,179.35000610351562,28.103571428571428,84.42857350714283,25.84241953529855,18.810228527925872,1003.24212986111,880.61569868343,30.65660779442003,948.5465671953576,27.379813878933007,1.2612923077844165,0.8686375843863018,0.6330848662149181,1.992295749229422,0.0511252964949386,0.1221297552928333,0.0779785969499554,0.6556323393639165,0.7673838182793578,0.8372420825303073,0.0718038652748369,0.1639543360230085,0.4379503625037197
2021-09-06 00:00:00+00:00,190.5500030517578,195.3000030517578,190.5500030517578,193.1499938964844,9,61.29033619039224,0.2485299190735997,185.0874992370605,175.4429995727539,185.95227599217344,196.6047552082984,173.5702432658227,4.498394167499669,4.099068299314107,0.3993258681855618,0.0055409132018882,0.0771622929691051,28.84351405714286,2.50285716685714,4.683698316734694,27.81208552857143,3.1714285794285706,5.062312867959185,3.0,0.0,1.0,1.0,5.183199882507324,5.208700180053711,5.115799903869629,5.189799785614014,0,43.62574106396655,0.1448824579002365,5.2027997970581055,5.245200157165527,-0.0093358486347791,0.1490513880996437,256.974,-0.0909769525053838,2.2851297401217163,1,1,1,19,9,36,-1.0,-1.8369701987210292e-16,-0.9350162426854148,-0.3546048870425359,16.40999984741211,0.0134970951271045,16.46750020980835,1.0,988.9163649867623,-0.8426079109725262,197.3999938964844,179.9499969482422,26.05,104.41428661428569,26.070782762375888,16.758777366934986,1045.4778464926762,927.1431804546504,29.583666509506426,983.5311457491702,69.93740297841661,0.268282114750921,0.8803755318112644,0.6410367529880066,0.4185128377043493,0.0249278400625886,0.0528702962750172,0.0779959968388685,0.3196040550394706,0.0001529726408431,0.8231722415260943,0.1510098221874142,0.1698439537184589,0.8891091498414097
2021-09-13 00:00:00+00:00,184.3500061035156,191.5,184.3500061035156,191.5,6,56.54763445562661,0.2506586420860652,186.07249908447267,178.23599975585938,186.1759374104405,197.38720529319573,174.7577928757496,2.417846183606457,3.491116869743527,-1.0732706861370698,-0.0325373752240673,-0.011793068411968,32.36351417142857,0.8085714199999987,5.515085994285714,31.06708562857143,3.5885714708571377,4.793594618775511,6.0,0.0,4.2,2.8,5.169099807739258,5.330900192260742,5.1631622314453125,5.247000217437744,0,40.56510968346467,0.1659597345585329,5.189799785614014,5.252200126647949,0.0015426547188389,0.1392111237413537,256.974,-0.0909769525053838,2.2851297401217163,1,0,2,0,9,37,-1.0,-1.8369701987210292e-16,-0.970941817426052,-0.2393156642875577,19.3700008392334,0.1658346249418271,17.28000020980835,1.0,967.2845221097958,0.2452424243892738,190.5500030517578,197.3999938964844,27.47857142857143,74.61428619999997,26.3931248827756,15.909086663962222,1043.8355636673275,931.7567375833406,28.01970652099677,977.0324962934204,52.36870432869277,0.2764268521768767,0.8768941022979714,0.6372834408666672,0.4337580895925553,0.0387848855967466,0.0510928404300064,0.0755437024213403,0.5134098438322225,0.0001040461826322,0.8233435894440216,0.1553062394903699,0.1691402707911022,0.9182096586571344
2021-09-20 00:00:00+00:00,183.5,188.1499938964844,183.0,183.0,15538,23.872197919068697,0.2420726611129937,187.5875,181.73699981689447,186.0000010998035,196.3035361450403,178.8714638549597,1.2511028666315838,2.218525515317149,-0.9674226486855656,-0.0046108276396709,0.0297418807100047,32.71779991428571,0.6742857057142844,5.914922603265306,32.17851424285714,2.399999965714282,5.685942027959184,6.2,0.0,4.6,5.2,5.2129998207092285,5.344799995422363,5.192440986633301,5.289700031280518,0,59.35530059629716,0.1881123298558648,5.247000217437744,5.414100170135498,0.009671237866756,0.1931849696029895,256.974,-0.0909769525053838,2.2851297401217163,1,0,3,0,9,38,-1.0,-1.8369701987210292e-16,-0.992708874098054,-0.1205366802553235,25.709999084472656,0.2831544649226646,19.420000076293945,2.0,970.659955739975,1.0581007391809838,184.3500061035156,190.5500030517578,25.557142857142857,90.27142688571423,26.76637580923248,15.037532683430095,1043.285770150045,933.6609753601718,27.406198697468277,974.4834800720422,51.1083365660008,0.2666691766582655,0.8755039745990576,0.6339792209222205,0.4206276225647867,0.0280653618337024,0.0460072193305822,0.0744064288727523,0.3771899617679459,0.2658781696876529,0.7244868454872604,0.1572092798004618,0.1697183952296627,0.9262948210462288
2021-09-27 00:00:00+00:00,193.6499938964844,195.5500030517578,182.3500061035156,183.0500030517578,72580,53.50732819563101,0.2577162039397471,188.80500106811525,185.06300018310543,187.55646018294271,197.4082944343189,180.2017077019116,1.98704064647319,1.6783261555646127,0.3087144909085773,0.0553133182369722,0.0430918408996052,31.41208554285714,1.020000002857142,5.946992937551021,32.44422828571429,0.5314285714285708,6.031979145918368,4.4,0.0,3.8,4.6,5.323400020599365,5.362299919128418,5.248198986053467,5.336999893188477,0,63.38384069023677,0.1684244347957778,5.289700031280518,5.251599788665772,0.0062390295633557,0.1848717198040222,256.974,-0.0909769525053838,2.2851297401217163,1,0,4,0,9,39,-1.0,-1.8369701987210292e-16,-1.0,-1.8369701987210292e-16,18.76000022888184,-0.3151530298894183,20.0625,1.0,1033.5099967414865,0.7148799088409539,183.5,184.3500061035156,27.841114271428573,6.584285885714261,27.132688872231306,14.101654998784838,1051.0220673346114,929.1633524543986,30.4646787200532,998.09408673982,52.57091506525784,0.332790435084389,0.8754378884495242,0.6389642135561219,0.5208279631561549,0.0681642001770383,0.0494150000670021,0.0728688375605405,0.9354367807231544,1.1693711126021296,0.6906164246529597,0.1333725121062987,0.1583387640384273,0.8423237638175122
2021-10-04 00:00:00+00:00,200.3500061035156,206.8500061035156,192.5,194.0500030517578,95517,69.08689746304827,0.2666593795360802,190.0000022888184,187.28000061035155,191.81541930110748,202.18601666089504,177.81398791674167,3.895302343409924,2.749028322489832,1.146274020920092,0.0345985665799333,0.0440334157154238,31.84208545714286,7.245714528571426,5.322500203265307,30.791371214285714,6.377143011428567,5.791370629795919,5.6000000000000005,0.0,1.0,0.0,5.390399932861328,5.455031871795654,5.360000133514404,5.367899894714356,0,66.3911475505914,0.1621741429624495,5.336999893188477,5.18179988861084,0.0065984474367942,0.1603239512449179,256.974,-0.0909769525053838,2.2851297401217163,1,0,5,0,10,40,-0.8660254037844386,0.5000000000000001,-0.992708874098054,0.1205366802553232,22.959999084472656,0.2020265757978775,21.699999809265137,1.0,1075.458776669082,0.7508216961848039,193.6499938964844,183.5,29.892799914285717,19.61428525142857,27.36873289429933,13.603299386697335,1116.277339673746,907.1792859564237,52.27451342933057,1029.039962711525,83.3352644411871,0.3022281843375458,0.5188046119409689,0.6386204114737265,0.4732516752910942,0.0716246851327837,0.0463133945605719,0.0747431763177859,0.9582771174385948,1.4290191865912396,0.0196194766675853,0.037728165170999,0.158276067061986,0.2383693472275247
2021-10-18 00:00:00+00:00,201.6000061035156,215.1499938964844,200.5500030517578,204.0500030517578,92078,52.41935364785784,0.3804026123890475,198.1050003051758,190.53300018310543,199.23057447060265,213.8249776327384,182.3850229776132,4.862979254068307,4.569768923063307,0.2932103310049996,-0.012974266323057,0.0763481196944038,28.303514085714287,63.88000218428572,3.964161300408164,28.3963713,74.32857498571428,4.572864104489796,1.8,0.0,0.0,0.0,5.535399913787842,5.560800075531006,5.432799816131592,5.458399772644043,0,58.14173095280511,0.1071102916780191,5.506899833679199,5.256800174713135,-0.0018324490392706,0.1101500285195392,256.974,-0.0909769525053838,2.2851297401217163,1,0,7,0,10,42,-0.8660254037844386,0.5000000000000001,-0.9350162426854148,0.3546048870425355,16.309999465942383,-0.2039538896652516,19.50749969482422,1.0,1100.4134274804671,-0.0922679514216762,204.25,200.3500061035156,26.76065697142857,116.56000043142856,27.68246950836037,18.423580441089225,1161.4656157204213,1005.6176302395849,38.96199637020916,1080.5679874152902,86.34648791271142,0.2470965659223202,0.2582885265518652,0.6367422401148667,0.388063719468505,0.0724205873150119,0.0613230237355337,0.0751113455444439,0.9641762792066796,1.3592333332347208,-0.1213344910208371,0.0881746086265057,0.156684089219377,0.5627540322585669
2021-10-25 00:00:00+00:00,202.5500030517578,208.6499938964844,197.25,202.6000061035156,93163,61.48868528469741,0.383693710352062,201.54000015258788,192.55300018310547,200.68342697741056,212.7520992912543,190.32790101392143,3.412164942071428,4.163276005125885,-0.7511110630544575,0.0047122863069479,0.042191904763176,26.1749426,59.07428751542857,3.724163626530612,28.287799714285715,122.07143115942858,3.891313556734694,0.4,0.0,0.0,0.0,5.511300086975098,5.752200126647949,5.508457183837891,5.649199962615967,0,75.21866211181953,0.1146529108257423,5.458399772644043,5.3018999099731445,-0.0098081306496832,0.1127380081263831,256.974,-0.0909769525053838,2.2851297401217163,1,0,8,0,10,43,-0.8660254037844386,0.5000000000000001,-0.8854560256532101,0.464723172043768,15.239999771118164,-0.0678548486487325,18.6274995803833,1.0,1144.2454696678542,-0.8898361124629361,201.6000061035156,204.25,27.028514285714287,122.38285442514288,27.721523070032973,25.11053855194983,1170.894786733178,1051.556195690012,29.834647760791537,1106.038980316316,84.71827725534718,0.231488225920657,0.2632133100190317,0.6284388393498122,0.3683544169176627,0.0562823684261873,0.0669664250540307,0.0743194684952747,0.7573030592479978,1.4195206757893248,-0.1333867077640923,0.1228122420059898,0.1496200362916485,0.820827456279466
2021-11-01 00:00:00+00:00,208.6999969482422,210.3000030517578,198.6000061035156,203.3500061035156,101917,45.32071854611825,0.3760830003597802,203.1224998474121,195.02800048828124,202.1915383267427,213.4868353875341,192.7581643072901,2.8749547726104936,3.318975736363495,-0.4440209637530015,0.0303628427737563,0.0227885019698084,26.950657057142852,40.285714264,4.076744731836735,26.917085542857144,105.165717708,3.776785577551021,1.8,0.0,0.0,0.0,5.553699970245361,5.686200141906738,5.53280782699585,5.633699893951416,0,59.01791153034964,0.1363661334370795,5.649199962615967,5.441699981689453,-0.0015212234053217,0.1166665409151116,256.974,-0.0909769525053838,2.2851297401217163,1,0,9,0,11,44,-0.5000000000000004,0.8660254037844384,-0.822983865893657,0.5680647467311548,16.40999984741211,0.0739673605635226,16.989999771118164,1.0,1175.7531506749729,-0.0611453880267861,202.5500030517578,201.6000061035156,25.01208567142857,70.94571533371428,27.669623874731307,30.2753888200821,1199.9663366131267,1072.6318328130087,31.83362595002952,1133.9246484597788,83.64767773166501,0.1978710658089895,0.2625770640778921,0.6245667942695872,0.3168132927596016,0.0560613182526486,0.0645458486691528,0.0737481043350432,0.7601729041905791,1.6118405445496595,-0.1533498141335431,0.1333456704138319,0.1494593970788293,0.8921865342574355
2021-11-08 00:00:00+00:00,199.6499938964844,212.0,199.3000030517578,208.1999969482422,130722,44.7368365920325,0.3158159378358062,205.13750076293945,197.1620007324219,203.4414406199,212.849886879461,197.4251146464179,2.1486016411587343,2.950821138102313,-0.8022194969435792,-0.0433636951801307,-0.0084430700546251,28.47351414285714,58.25142878142857,4.275131481632653,26.073514257142858,92.07142837142857,4.134187890408163,1.2000000000000002,0.0,0.0,0.0,5.678800106048584,5.695700168609619,5.522600173950195,5.541100025177002,0,52.15069120142061,0.146986783915958,5.633699893951416,5.517000198364258,-0.0019860541401264,0.1370377084464315,256.974,-0.0909769525053838,2.2851297401217163,1,0,10,0,11,45,-0.5000000000000004,0.8660254037844384,-0.7485107481711011,0.6631226582407952,17.219999313354492,0.04818056332117,16.294999599456787,1.0,1106.280586206398,-0.1076284615072562,208.6999969482422,202.5500030517578,25.830656871428573,47.56285831371428,27.566649060693344,34.26223008145929,1202.1294071477118,1061.2169098671343,35.22812432014435,1122.8670235584266,44.53145756830224,0.3285624692512067,0.2979245758106774,0.6358101415182603,0.5167619115023999,0.0636113064687943,0.0629431729363549,0.0744015949490109,0.854972234972466,1.9525565298436276,-0.0327875803740719,0.160956705888468,0.1528083593315571,1.0533238892120562
2021-11-15 00:00:00+00:00,222.75,225.8999938964844,198.6999969482422,201.1999969482422,158549,63.23395870010022,0.3146121120507881,206.49750061035155,199.09700073242183,207.45909436845983,218.5840937402898,194.4109074804133,4.1777985782491385,2.97241141953086,1.2053871587182785,0.1157025134470708,0.0951327762249754,25.14922837142857,54.04285832942857,4.014833095918368,28.66994268571429,115.20571594228574,4.347441350204082,0.0,0.0,0.0,0.0,5.543000221252441,5.545199871063232,5.391600131988525,5.457600116729736,0,42.789033294828165,0.1702322081675507,5.541100025177002,5.512199878692627,-0.0108770510429457,0.1627824240868321,256.974,-0.0909769525053838,2.2851297401217163,1,0,11,0,11,46,-0.5000000000000004,0.8660254037844384,-0.6631226582407955,0.7485107481711007,16.489999771118164,-0.0433173364332308,16.339999675750732,1.0,1215.6804260015488,-0.9967281517891862,199.6499938964844,208.6999969482422,27.76779988571428,55.991429470857135,27.637829294565663,39.48439045957713,1253.45221017663,1067.527606098757,46.48115101946824,1159.9923845356757,72.67142006040227,0.4287046431839947,0.3323264404602153,0.6476561768712095,0.6619324448285482,0.1221099750762838,0.0740971111077852,0.0765163396355701,1.5958677545108415,2.1183603747200563,-0.1303783061221565,0.1510612937940523,0.1409942195108971,1.071400541129076
2021-11-22 00:00:00+00:00,231.3500061035156,239.0,221.3000030517578,223.8500061035156,34084,69.74576019138136,0.3539779914932066,213.1350006103516,203.37800079345703,216.34105670664664,236.0774506747437,190.1925505459594,7.926990603824208,5.65767058120164,2.2693200226225683,0.0386083326757153,0.157618208846509,26.40208551428572,33.99714396228571,3.878752505306122,24.982085700000003,111.96285937199998,3.6725198581632656,0.2,0.0,0.0,0.0,5.456200122833252,5.6143999099731445,5.429200172424316,5.611599922180176,0,44.58394731994843,0.17156607632113,5.457600116729736,5.657800197601318,0.0109806832895097,0.1787016385261601,256.974,-0.0909769525053838,2.2851297401217163,1,0,12,0,11,47,-0.5000000000000004,0.8660254037844384,-0.5680647467311559,0.8229838658936564,19.170000076293945,0.1505924383459457,17.322499752044678,1.0,1298.2436762468712,1.189045281456354,222.75,199.6499938964844,27.434942685714283,18.282858657142853,27.466490998142078,44.16042071199151,1359.2594367586828,1038.719482806213,80.13498848811749,1215.292901220154,76.28464073225491,0.4222738150100765,0.3273409629024388,0.6446970790536044,0.6549956905032123,0.0765074410256227,0.0749144818499073,0.076998546578955,0.9936217563659308,0.4452892799518646,-0.2005994778643235,0.1734548902793009,0.1405408187610163,1.2341957266685368
2021-11-29 00:00:00+00:00,233.8500061035156,247.5500030517578,231.5,233.8500061035156,231,72.64901470664316,0.370339137299446,220.7950012207031,207.80700103759764,224.5632871824688,250.67869075397684,190.9113116874294,10.073742887022036,8.239486370839652,1.834256516182384,0.0023574926899412,0.1695424339718723,28.482085542857146,31.980000848571425,4.580005351428571,26.453514185714287,75.30286024942858,3.9667932373469386,1.2,0.0,0.0,0.0,5.5858001708984375,5.660099983215332,5.546894073486328,5.607800006866455,0,55.97195838827632,0.1566015475514257,5.611599922180176,5.644899845123291,0.0098854854465299,0.1720896629312516,256.974,-0.0909769525053838,2.2851297401217163,1,0,13,0,11,48,-0.5000000000000004,0.8660254037844384,-0.4647231720437684,0.88545602565321,22.959999084472656,0.1804069705390658,18.95999956130981,1.0,1311.3840658330153,1.0795254971583736,231.3500061035156,222.75,29.514228542857136,6.44000018571428,27.4011376554048,46.1696103595681,1421.7835186284035,1044.010858515513,94.44316502822262,1253.729367065299,74.6982426316516,0.4272433570348921,0.3246581326364199,0.6441542789764313,0.663262457995563,0.0686337508353673,0.0773847583317433,0.0784965285727925,0.8743538515615037,0.0030175507807418,0.1943385375953321,0.128831754423342,0.1288132481788231,1.000143589602347
2021-12-13 00:00:00+00:00,236.6999969482422,246.75,232.6999969482422,244.0,27,53.925157832728345,0.3883634495672433,236.75500106811523,217.3510003662109,234.164604334744,252.06099865724224,221.44900347898823,6.916947197446575,8.378359559170008,-1.4614123617234327,-0.0539568351905003,0.1223328771854832,26.592085685714288,65.57714558571428,4.197212588163265,27.290657142857143,83.00571654,4.418304281020409,0.2,0.0,0.0,0.0,5.688000202178955,5.689799785614014,5.5152997970581055,5.60866117477417,0,52.0695737610073,0.1285087327511045,5.65009880065918,5.3979997634887695,0.0012001342429048,0.1242449645029708,256.974,-0.0909769525053838,2.2851297401217163,0,0,0,0,12,50,-2.4492935982947064e-16,1.0,-0.2393156642875578,0.970941817426052,20.309999465942383,-0.291368070653962,22.40499973297119,1.0,1327.5700829527705,0.2109903767958638,250.1999969482422,233.8500061035156,26.512799657142857,17.185714659428566,27.428641198538443,49.25548643642357,1441.7712007449718,1233.6550631124535,52.02903440812953,1321.6477339683424,69.69479892467399,0.4595935175977022,0.3944315370692665,0.4555342789885695,1.0089109178106996,0.0593578505826091,0.0805096534094508,0.0704081074684044,0.8430540783773398,0.0004065961950125,-0.0804153091279413,0.1188527712803517,0.1179211430566041,1.007900348661791
2021-12-20 00:00:00+00:00,224.3999938964844,238.1000061035156,224.3999938964844,238.1000061035156,22432,41.78272506923837,0.3638293706187656,238.3624992370605,221.0879998779297,234.0200656609314,250.61088994373443,226.11410853038663,3.4132352527417424,5.996993498634886,-2.583758245893144,-0.0519645256034682,-0.0198733483835179,26.183514114285718,63.62857186114285,3.7150247424489793,27.69351425714286,141.0914333257143,4.132744930612245,0.0,0.0,0.0,0.0,5.680399894714356,5.729899883270264,5.618000030517578,5.693059921264648,0,59.16177815870461,0.1254402028051753,5.60866117477417,5.556399822235107,0.0067194781246937,0.1224629035626974,256.974,-0.0909769525053838,2.2851297401217163,0,0,0,0,12,51,-2.4492935982947064e-16,1.0,-0.1205366802553236,0.992708874098054,22.8700008392334,0.1187126954335195,23.32999992370605,1.0,1277.5226115841072,0.7629247649747538,236.6999969482422,250.1999969482422,25.98708567142857,8.380000187999993,27.445729782964538,55.180386235732655,1448.4568721446217,1216.6088593814218,57.96200319079989,1303.9976850146484,45.88121017463099,0.4414399645029729,0.4107894611373509,0.3310169301712727,1.333587230534382,0.0610517494637321,0.0682980082869404,0.0624653247654059,0.9773700836314636,0.3751035706909575,-0.3157297817880231,0.0988535879488866,0.1192216934129934,0.829157654344612
2021-12-27 00:00:00+00:00,227.0500030517578,235.3500061035156,224.0,225.5500030517578,34034,27.97337218830411,0.3570149769632319,236.1624984741211,222.78300018310543,232.66960437601767,248.81726135048905,223.5077355977532,1.256769376168705,3.581839566080383,-2.3250701899116777,-0.0375158587270251,-0.0781567184794341,26.877799857142858,47.357143647428565,4.185545418367347,26.08137122857143,126.2828579785714,3.498091284489796,0.0,0.0,0.0,0.0,5.741000175476074,5.75190019607544,5.626999855041504,5.67110013961792,0,48.2457616548305,0.1279554711972941,5.693059921264648,5.565100193023682,0.0009946975150836,0.1209550070548343,256.974,-0.0909769525053838,2.2851297401217163,0,0,0,0,12,52,-2.4492935982947064e-16,1.0,6.432490598706546e-16,1.0,17.68000030517578,-0.2573919702599381,22.01000022888184,1.0,1287.6233040070729,0.1904467040137438,224.3999938964844,236.6999969482422,26.91065682857143,27.26000095342857,27.35770665042305,59.76764247720613,1450.4594585303716,1202.7258920827005,61.933391611917855,1297.4479326116184,45.21922841332674,0.3818018505073406,0.4017954521170684,0.3287444596767683,1.161393987502634,0.0499890154193403,0.0629943231656839,0.0625811672952828,0.7987867531394033,0.6014726660768813,-0.3415593638260685,0.065187520146584,0.1199722662435245,0.5433548665381976
2022-01-03 00:00:00+00:00,223.3000030517578,229.8999938964844,220.5500030517578,227.8999938964844,50168,33.12342559588102,0.3177622039215765,233.65999908447264,225.07600036621093,230.19632505090428,248.4451804272376,218.8748177417077,-0.7814771938722913,1.0761221439722,-1.8575993378444915,-0.0165161856401524,-0.0595914680073409,25.95208562857143,73.90571344828571,3.892691735918368,26.16708554285714,105.47714290257144,4.319285700204082,0.0,0.0,0.0,0.0,5.623899936676025,5.7027997970581055,5.460599899291992,5.569300174713135,0,37.34505515648339,0.1420684720012953,5.67110013961792,5.643321990966797,-0.0001226680409715,0.1296255214536419,256.974,-0.0909769525053838,2.2851297401217163,0,0,0,0,1,1,0.4999999999999999,0.8660254037844387,0.120536680255323,0.992708874098054,16.600000381469727,-0.0630313561279695,19.36500024795532,1.0,1243.6247460095983,0.0787101484082338,227.0500030517578,224.3999938964844,24.55065678571429,11.991429012285709,27.2808923854188,62.71664250464905,1353.208931496079,1214.9614407806953,34.56187267884589,1275.9186579708105,5.309688898967266,0.3911854648531919,0.4121447117811366,0.3382444710393018,1.1565169183284878,0.0418718796101377,0.057641948920638,0.0620000879092485,0.6753518304346368,0.9609991571525246,-0.2878877616113806,0.093137960314985,0.1251853597441658,0.7440003612668621
2022-01-10 00:00:00+00:00,234.8999938964844,240.5,223.75,224.75,94955,61.71875319310683,0.3137182486134279,231.49249877929688,228.21099975585932,231.68146677629403,241.0392911867873,221.94570637180647,0.7959690808308721,0.5148505533573617,0.2811185274735104,0.051948010238217,-0.0226753154509342,24.97208565714286,128.68856916285714,2.9346191053061226,25.26422857142857,187.268568124,3.434794283265306,0.0,0.0,0.0,0.0,5.680900096893311,5.721799850463867,5.619900226593018,5.632199764251709,0,40.784850422978565,0.158734504198558,5.569300174713135,5.571100234985352,-0.0001615497478496,0.1552248587206128,256.974,-0.0909769525053838,2.2851297401217163,0,0,0,0,1,2,0.4999999999999999,0.8660254037844387,0.2393156642875577,0.970941817426052,19.39999961853028,0.1558703280632932,19.13750028610229,1.0,1323.0036902465074,0.0748219777204238,223.3000030517578,227.0500030517578,25.420657057142854,1.2314286085714263,27.15078504258072,70.75225060912331,1348.2844363868355,1217.6027395368071,32.67042421250714,1294.7526708810892,48.755925314114975,0.3540949293219156,0.4285828394692197,0.3470841190217828,1.0201991382316786,0.0713069409758323,0.0567154872103303,0.0630091701332932,1.1316912999817732,1.7493600295502385,-0.297048387348325,0.0983741676221442,0.120561989921921,0.8159633025816901
2022-01-17 00:00:00+00:00,239.6499938964844,244.8999938964844,233.5500030517578,235.75,75573,65.14422309821713,0.3085438837902702,231.8099998474121,230.70199981689453,233.9921295813453,242.2973134547196,221.32268624010464,2.105248218438049,1.259912491731288,0.8453357267067614,0.0050324888387509,0.0094776750541158,27.69779977142857,95.49428704,3.519465837959184,24.56565711428571,263.4228540285714,3.0703238379591835,0.2,0.0,0.0,0.0,5.662099838256836,5.672999858856201,5.49370002746582,5.533299922943115,0,42.4818068110751,0.1590753581843357,5.632199764251709,5.687399864196777,-0.0088736308461169,0.1551636537078207,256.974,-0.0909769525053838,2.2851297401217163,0,0,0,0,1,3,0.4999999999999999,0.8660254037844387,0.3546048870425356,0.9350162426854148,19.190000534057617,-0.0108837085562906,18.21750020980835,1.0,1326.0552927607353,-0.796386132106306,234.8999938964844,223.3000030517578,24.718514257142857,2.585714271428566,26.98400259559395,83.18261212005544,1372.0394910115872,1218.11402550037,38.4813663778043,1307.2737196329476,67.77365900413557,0.292494073838259,0.3890429078130068,0.3395600034628206,0.86139139545736,0.0473606974078587,0.0543160565753802,0.0610205693704394,0.7761430307035385,1.3018279474498395,-0.36814098328758,0.1122651802801164,0.1101305812927824,1.0193823438363208
2022-01-24 00:00:00+00:00,232.9499969482422,245.0,230.4499969482422,239.0,100581,60.12591304570593,0.2707796874847962,234.0724998474121,234.23899963378904,236.07809924328532,246.48100221998743,221.66399747483675,2.230091562557533,2.1903592163129315,0.0397323462446013,-0.0279574259081193,-0.0025690691315582,28.92779988571429,21.50285839285714,5.043304881632653,28.067085528571425,109.28857626,4.22329505755102,0.8,0.0,0.0,0.0,5.5157999992370605,5.566299915313721,5.399700164794922,5.457099914550781,0,29.015697193651107,0.1675893222249405,5.533299922943115,5.671795845031738,0.0011934726806927,0.16158590703105,256.974,-0.0909769525053838,2.2851297401217163,0,0,0,0,1,4,0.4999999999999999,0.8660254037844387,0.4647231720437685,0.8854560256532099,29.89999961853028,0.443469129788852,21.272500038146976,2.0,1271.2314084408572,0.2103242205746538,239.6499938964844,234.8999938964844,26.606371242857143,3.1314286982857085,27.053878913850564,84.86686787101961,1371.7114282569664,1210.2461404718829,40.36632194627085,1292.8567951561115,45.4781723461615,0.2991182088569706,0.3579013759622387,0.3414247919351803,0.8760881083084245,0.0624597692310362,0.054597660528841,0.0628971658288618,0.9930456877902476,1.594497784957115,-0.3039786764601447,0.089555400185541,0.113189098973461,0.7912015652189538
2022-01-31 00:00:00+00:00,235.1000061035156,241.3500061035156,230.3000030517578,235.0,93059,50.21599610323777,0.2803088975870037,236.239998626709,235.6759994506836,235.9708821615487,245.92072047221612,226.55927678120185,1.065650538177124,1.7087112837586218,-0.6430607455814978,0.0092294878018439,0.0273104646419495,27.20208554285714,20.61999994428571,4.884135461632653,28.8220856,40.1542873142857,5.033615638571429,0.0,0.0,0.0,0.0,5.486100196838379,5.5177001953125,5.2826762199401855,5.362599849700928,0,22.69415271112796,0.1631152692718599,5.457099914550781,5.570199966430664,0.0071723190847604,0.1745912985537424,256.974,-0.0909769525053838,2.2851297401217163,0,0,0,0,1,5,0.4999999999999999,0.8660254037844387,0.5680647467311558,0.8229838658936564,24.82999992370605,-0.1858058711910326,23.32999992370605,1.0,1260.7472573954,0.8082088609814239,232.9499969482422,239.6499938964844,26.856371328571424,4.311428639428566,27.167956764569883,81.98218525445613,1363.4411792529932,1227.0776451687566,34.0908835210591,1280.012980051827,55.79486791483578,0.2974281788865762,0.3228014965444385,0.3382937930354495,0.879200790016863,0.0470012878132058,0.0540001150076141,0.0633079859396848,0.7424226136929872,1.3739154057048704,-0.2785534098452145,0.0911995187508628,0.1166115507803032,0.7820795651872218
2022-02-07 00:00:00+00:00,241.6499938964844,244.3999938964844,235.75,235.75,117091,52.28538495403311,0.2625561132494161,238.5374984741211,236.08499908447263,237.8825926350956,245.533802537922,231.5411944103202,1.9134877694131944,1.6324351275926317,0.2810526418205628,0.027860432254029,0.0429434487669193,26.7677998,56.30571439428571,3.7348977012244897,26.805656957142865,57.57428563714285,4.522895810204083,0.0,0.0,0.0,0.0,5.303100109100342,5.348599910736084,5.255267143249512,5.326900005340576,0,33.0339721418501,0.1289732786709169,5.362599849700928,5.682400226593018,-0.0075951786394369,0.149449548045687,256.974,-0.0909769525053838,2.2851297401217163,0,0,0,0,2,6,0.8660254037844386,0.5000000000000001,0.6631226582407952,0.7485107481711011,22.86000061035156,-0.0826639113812157,24.195000171661377,1.0,1287.245353777733,-0.6685409114383062,235.1000061035156,232.9499969482422,25.13208561428572,10.197142995428566,27.14458258344556,80.40748205333915,1343.6071801571989,1229.0324760301637,28.643676031758822,1282.9059295421896,31.15159678490329,0.2764781992169738,0.3262075329244103,0.3380780471448456,0.8177939779703595,0.0357955477548648,0.0527848486365596,0.0636944952357429,0.5619880022991014,1.6081642239047595,-0.2838564865575005,0.0872798723974458,0.1166140575803718,0.7484506304292274
2022-02-14 00:00:00+00:00,247.5500030517578,260.45001220703125,241.75,242.0,166448,59.45153217155247,0.2829760406101854,242.1499984741211,237.6669989013672,243.4896992438323,256.50537562318846,227.79462132505373,4.427442583391922,3.336394530752754,1.0910480526391684,0.0244155154326253,0.0445147808091046,25.880657028571427,95.55714286857145,3.3814070326530614,27.154228442857143,134.73714312857143,3.629547162857144,0.0,0.0,0.0,0.0,5.262800216674805,5.288000106811523,5.170000076293945,5.249956130981445,0,20.41219670156605,0.1268045979601551,5.326900005340576,5.526700019836426,0.0082942942554886,0.1336172254257423,256.974,-0.0909769525053838,2.2851297401217163,0,0,0,0,2,7,0.8660254037844386,0.5000000000000001,0.7485107481711011,0.6631226582407953,28.32999992370605,0.2145326260831731,26.480000019073486,2.0,1299.6266562460514,0.920406378054244,241.6499938964844,235.1000061035156,24.04208561428572,8.508571291428566,27.145204896955985,83.9126214775477,1314.062377280138,1245.3629606498828,17.174854157563782,1289.5942202237345,37.316783106542566,0.1735667156698298,0.2654637421318346,0.3278646937764493,0.5293851813587541,0.0755403432700481,0.0536315290954027,0.0640633023903934,1.179151380898246,2.1476122123120303,-0.285491183512564,0.0321950508214968,0.1180298356637375,0.2727704220949279
2022-02-21 00:00:00+00:00,246.8500061035156,254.5500030517578,244.3000030517578,249.4499969482422,33097,62.07605495799362,0.2913010808828448,243.99249954223632,238.0579992675781,245.77262967556115,259.78374727335864,228.201251811114,4.079066580232677,3.964678165233991,0.114388414998686,-0.0190740628229193,0.0131336436987177,26.463514142857143,57.70285709857143,3.788203198367347,25.94208544285714,198.76856986,3.262714651836735,0.0,0.0,0.0,0.0,5.213699817657471,5.219900131225586,5.07480001449585,5.137499809265137,0,29.20183542279763,0.1087662811968274,5.249956130981445,5.418099880218506,0.0002392666352821,0.1253695060815768,256.974,-0.0909769525053838,2.2851297401217163,0,0,0,0,2,8,0.8660254037844386,0.5000000000000001,0.8229838658936564,0.5680647467311559,27.75,-0.0206854709569372,25.942500114440914,2.0,1268.1918592739091,0.1149036160335938,247.5500030517578,241.6499938964844,25.20137134285714,0.577142857142857,27.067584287014125,91.32268266351235,1314.419468523071,1243.486094823476,17.73334342489874,1281.0332758438044,48.11905237869265,0.18303207137448,0.2323891311555183,0.3290419158772873,0.556257598135807,0.0415231911953111,0.0524640278528932,0.0625582276935198,0.6637525724228065,0.4449553155805015,-0.3683003149432183,0.0396536360145542,0.1220518768765752,0.3248916262528072
2022-02-28 00:00:00+00:00,234.25,252.75,233.9499969482422,246.6999969482422,174,43.28494276154695,0.2809072888527195,245.6425010681152,238.58599975585932,244.0517130568612,259.4839817942108,231.80102034201963,0.7555259815862883,2.7416242358546787,-1.9860982542683905,-0.0510431670730112,0.0094807020870906,28.457799942857143,25.58285703428572,4.308659913877551,25.59422848571429,87.7828583142857,3.9110519673469386,0.0,0.0,0.0,0.0,5.10230016708374,5.166500091552734,4.996500015258789,5.15939998626709,0,39.78446102985184,0.110307043748612,5.137499809265137,5.40348482131958,-0.0064221811494609,0.0970433064676979,256.974,-0.0909769525053838,2.2851297401217163,0,0,0,0,2,9,0.8660254037844386,0.5000000000000001,0.8854560256532099,0.4647231720437686,30.14999961853028,0.0829490703283553,27.272500038146973,2.0,1208.5894467830658,-0.5512411624407062,246.8500061035156,247.5500030517578,24.60565712857143,0.3599999999999951,26.97252907402704,91.09430689904616,1346.600898387038,1185.2257596533418,40.34378468342402,1252.055744219509,29.92642692517893,0.1974496533725406,0.2414407610648067,0.3348413645776101,0.5896811695436862,0.0802561496339714,0.0560233039334802,0.0632540209642617,1.2687910700792462,0.0024884604796003,0.6095937038599805,0.0738070315605008,0.1133112104680738,0.6513656040029719
2022-03-07 00:00:00+00:00,225.5,237.25,223.3999938964844,236.9499969482422,38,25.527190279627035,0.3072387080252768,242.9,238.2349996948242,237.62493784505523,264.10119499923064,221.69880500076937,-3.765124019830779,-0.7076936777504401,-3.057430342080339,-0.0373532550693703,-0.0754407312707589,28.494942771428573,5.14285726142857,5.122782240408164,28.524942857142857,25.62285712,4.765955093673469,0.0,0.0,0.0,0.0,5.158899784088135,5.212399959564209,5.018599987030029,5.06056022644043,0,36.88458375008457,0.135587784759212,5.15939998626709,5.282899856567383,0.007236254355702,0.1367256206271762,256.974,-0.0909769525053838,2.2851297401217163,0,0,0,0,3,10,1.0,6.123233995736766e-17,0.9350162426854148,0.3546048870425355,36.45000076293945,0.1897565688649915,30.670000076293945,2.0,1141.156331062317,0.8146023880755838,234.25,246.8500061035156,23.53922845714286,1.1485714285714286,27.072684801969995,86.87034239717221,1369.1843278636975,1089.597818818974,69.89662726118092,1207.6959789566322,7.24681563674271,0.248512875832012,0.2652019685586817,0.3469182337763726,0.716344211612596,0.0614190958027299,0.0589068655313851,0.0627039463886476,0.9795090986292156,0.0005817446982772,0.6693132055496903,0.0760827614617289,0.1159608982182762,0.6561069814882475
2022-03-14 00:00:00+00:00,219.6499938964844,234.0500030517578,218.8000030517578,223.1999969482422,41,24.42274788674028,0.3073033987500035,236.725,238.0489993286133,232.9456233990749,258.9815364977769,214.4684635022231,-5.07477340088434,-3.139092199207252,-1.935681201677088,-0.0259423773991822,-0.1393025214611103,28.480657114285712,14.685714752,4.938694058367347,28.18922857142857,15.731428935999997,5.049718705306121,0.4,0.0,0.0,0.0,5.110099792480469,5.111830234527588,4.98330020904541,5.073500156402588,0,47.63982705606032,0.1453911270662858,5.06056022644043,5.248700141906738,0.0058782990076914,0.1381508826836849,256.974,-0.0909769525053838,2.2851297401217163,0,0,0,0,3,11,1.0,6.123233995736766e-17,0.970941817426052,0.239315664287558,31.770000457763672,-0.1374190166956886,31.53000020980835,2.0,1114.3942783876412,0.6788068532745238,225.5,234.25,24.642085542857146,0.1228571428571425,27.14471988387055,82.28073507709658,1321.5030294443304,1044.662928309136,69.21002528379853,1170.375298729036,0.0,0.1876743891878971,0.2609050111155962,0.3432249342461703,0.5467970563738862,0.0694286383963522,0.0656334836596825,0.0633612598871559,1.095758316081766,0.0006758466421547,0.7614613343863658,0.0886289584315382,0.0971432291775312,0.9123533370095582
2022-03-21 00:00:00+00:00,225.8500061035156,225.8500061035156,211.3000030517578,211.5,14020,40.64040285191409,0.3228889586856549,228.94250030517577,237.04399963378907,227.630985919844,249.0698140537007,208.81518655665084,-5.633932251469787,-5.121478239616573,-0.5124540118532144,0.0282267806934386,-0.1019880473021248,28.22494268571429,26.851428412,4.500868309795918,28.026371385714288,36.57428622285714,4.905012215306122,0.0,0.0,0.0,0.0,5.121699810028076,5.163700103759766,4.928281784057617,5.0177998542785645,0,38.43747941286268,0.1625331823109094,5.073500156402588,5.170599937438965,0.0126549481364284,0.1538303909124248,256.974,-0.0909769525053838,2.2851297401217163,0,0,0,0,3,12,1.0,6.123233995736766e-17,0.992708874098054,0.120536680255323,23.530000686645508,-0.3002462307691265,30.475000381469727,1.0,1133.2701277150334,1.356471766148224,219.6499938964844,225.5,26.6670857,0.1457142857142832,27.201600625924986,79.33193192521017,1231.4655819479192,1067.2395100261094,41.05651798045244,1155.5332303234352,10.931530869593471,0.2073133272030661,0.2017231207653677,0.3412716885482214,0.6074729550823651,0.0644233015654158,0.0634100753187561,0.0637793590527942,1.010096250906598,0.2491567412714725,0.4080617848407554,0.0868617837169922,0.0974492446699582,0.8913540079005874
2022-03-28 00:00:00+00:00,214.5500030517578,228.6499938964844,212.5,224.8999938964844,71824,30.38229858096362,0.3295606549423034,223.83750076293944,235.4510000610352,225.10721653505303,236.08403958258933,211.5909619432896,-4.738531724868096,-4.793465293913342,0.0549335690452457,-0.0500332200415286,-0.106227867843442,28.85637134285714,8.705714444285714,4.751911353469388,28.92851402857143,42.93714272085714,4.482320155918368,0.8,0.0,0.0,0.0,4.933000087738037,4.94890022277832,4.730483055114746,4.7368998527526855,0,22.721968066957714,0.1678378501692334,5.0177998542785645,5.122200012207031,-0.0042954857691297,0.16566106232597,256.974,-0.0909769525053838,2.2851297401217163,0,0,0,0,3,13,1.0,6.123233995736766e-17,1.0,-1.6081226496766366e-16,19.6299991607666,-0.1812172663851993,27.84500026702881,1.0,1016.3018778639598,-0.3385716244075862,225.8500061035156,219.6499938964844,24.23708561428571,0.3600000057142828,27.31301439383766,76.98388100880031,1216.789704415055,985.7716030994208,57.75452532890854,1099.8406893396452,8.205490100219137,0.3328146980551857,0.2866701589104957,0.3714747487783748,0.8959281625208512,0.075273799425621,0.0701601969648181,0.0643624837006356,1.16952894609299,1.3469129806148072,0.376755962519465,0.1810418356917744,0.1276591905415819,1.4181652001870744
2022-04-04 00:00:00+00:00,230.6000061035156,231.8500061035156,213.1000061035156,215.25,80086,70.79545080169306,0.3268516622832951,222.910001373291,233.80500030517572,225.18474883476875,234.25987159707512,211.5601311495069,-2.150913963895533,-3.818965505552274,1.6680515416567414,0.074807750284142,0.0287754288764776,28.51779988571429,18.971428524,4.455544475102041,29.524942842857147,20.46285747285714,4.708986524081633,1.2000000000000002,0.0,0.0,0.0,4.764100074768066,4.790800094604492,4.6040568351745605,4.657199859619141,0,13.35654027815211,0.1612508258108101,4.7368998527526855,5.030900001525879,-0.0186972762038524,0.1595998091063442,256.974,-0.0909769525053838,2.2851297401217163,0,0,0,0,4,14,0.8660254037844387,-0.4999999999999998,0.992708874098054,-0.1205366802553228,18.56999969482422,-0.0555116066049678,23.375,1.0,1073.9503160534657,-1.778750667879856,214.5500030517578,225.8500061035156,24.134228428571426,1.2657143199999952,27.455719455064724,73.3373633613201,1187.980977319159,980.9773226908914,51.75091365706685,1089.4845400251736,34.74356085023285,0.4597996867390636,0.3375328494044589,0.347662522834135,1.322545984437235,0.0813096249077425,0.0703708920195723,0.0623224661922085,1.3046597291316833,1.6211166608467067,0.2466178292931948,0.1617217737481856,0.1279721953558619,1.263725769970704
2022-04-11 00:00:00+00:00,236.6000061035156,237.6000061035156,224.1999969482422,231.6999969482422,142145,63.32179626305927,0.296194174506695,223.9600021362305,233.3170007324219,227.4648951731248,236.60668153418845,211.3133227382725,0.359973381077566,-1.617871364400738,1.977844745478304,0.0260190799704775,0.0612245316982096,29.200657142857143,12.917142700571429,4.304826189795919,28.511371342857142,44.365713958857135,4.313488788571428,2.8000000000000003,0.0,0.0,0.0,4.593800067901611,4.791299819946289,4.575500011444092,4.698100090026856,0,31.45629445868653,0.1712956685200551,4.657199859619141,5.009699821472168,-0.0171585395080816,0.1617468070790436,256.974,-0.0909769525053838,2.2851297401217163,0,0,0,0,4,15,0.8660254037844387,-0.4999999999999998,0.970941817426052,-0.2393156642875575,24.3700008392334,0.2718055431434583,21.52500009536743,1.0,1111.5705099752813,-1.6248769983027762,230.6000061035156,214.5500030517578,24.9556568,0.29428572,27.523826028470687,71.46822469019347,1186.2199723206743,981.3264434831958,51.223382209369646,1098.3189280052168,49.38909284733016,0.4673893853416861,0.3572824817210014,0.3333196511955201,1.4022256702928866,0.0566357092544229,0.0694142147099109,0.0613288796036485,0.9234752107928856,2.593659679443663,0.2032884203581363,0.1875881769581425,0.1165709841132514,1.6092182998447822
2022-04-18 00:00:00+00:00,223.5,237.75,220.0,237.3999938964844,68267,59.84597529118421,0.2863036270990533,225.82250213623047,232.34200103759767,226.99873785170936,236.7032181478376,214.9417861246234,-0.3500838835944933,-0.6070793116446731,0.2569954280501798,-0.0351823618010813,0.0285319689883549,26.87494262857143,27.277142317142854,3.985718583673469,28.769942828571427,26.30285666285714,4.260614894897959,0.2,0.0,0.0,0.0,4.693600177764893,4.738100051879883,4.621500015258789,4.7006001472473145,0,43.141084475979454,0.1604215565191523,4.698100090026856,5.039400100708008,-0.0114284328573453,0.1744369581231673,256.974,-0.0909769525053838,2.2851297401217163,0,0,0,0,4,16,0.8660254037844387,-0.4999999999999998,0.9350162426854148,-0.3546048870425354,22.170000076293945,-0.0946128750047317,21.18499994277954,1.0,1050.5841329097748,-1.051866333229146,236.6000061035156,230.6000061035156,27.964942828571427,0.8171428914285706,27.60422066073525,68.55432997875242,1143.2168833648086,982.9865350364324,40.057587082094095,1079.22500996704,34.8684194933758,0.4952563966173081,0.3589761493736626,0.340746715772504,1.4534443302265534,0.0794183445190156,0.0714121559344436,0.0618681092878309,1.2836715489852737,1.172839506172638,0.2575036427411012,0.1852465143293921,0.1168200427386673,1.5857424302298375
2022-04-25 00:00:00+00:00,220.8000030517578,229.6499938964844,217.25,223.5,21907,40.354328284416624,0.3039351956179046,225.6450012207032,229.749001159668,225.58209948482053,237.17879164254583,214.11121079886044,-1.0878184934657045,-0.8569470839850455,-0.2308714094806587,-0.0120805232583542,-0.0047329412795591,27.446371257142857,10.342857017142858,4.0691248253061225,26.562799785714283,56.07999907999999,3.955627888979592,0.2,0.0,2.4,1.2,4.651999950408936,4.942999839782715,4.606554985046387,4.795199871063232,0,68.44995657970382,0.1576707081217864,4.7006001472473145,4.826300144195557,-8.51060161287421e-05,0.1583810618638711,256.974,-0.0909769525053838,2.2851297401217163,0,0,0,0,4,17,0.8660254037844387,-0.4999999999999998,0.8854560256532099,-0.4647231720437685,27.020000457763672,0.1978373224041786,23.03250026702881,2.0,1058.7801461645504,0.0824663508925095,223.5,236.6000061035156,27.52065694285714,1.537142857142852,27.53703221718552,67.74953443689743,1127.7728778308162,1019.66967472072,27.02580077752405,1071.0470644460445,62.91517306262343,0.4893029403689667,0.3581320970299856,0.3100546527230261,1.5781183100802594,0.0561593918709218,0.0697593739955448,0.0608791164050085,0.9224736816575212,0.3694369236242881,0.2586393682766219,0.2183857583160803,0.1231148081823897,1.773838125582498
2022-05-02 00:00:00+00:00,216.3999938964844,223.0,214.6499938964844,223.0,363,31.05064086928748,0.3117155523662868,225.0100006103516,226.5370007324219,222.90112601006905,236.67464298576667,213.34535823493647,-2.309744311304371,-1.6339889078625922,-0.6757554034417788,-0.0199275774205582,-0.0441696124981887,27.424942657142854,0.7285714371428558,4.238576069795919,28.2827997,4.394285748571432,4.185483332244899,0.0,0.0,0.4,0.4,4.876200199127197,5.040900230407715,4.8582282066345215,4.97130012512207,0,72.21242002820902,0.2094928787579066,4.795199871063232,4.737800121307373,0.0370475364525951,0.1897165178849284,256.974,-0.0909769525053838,2.2851297401217163,0,1,0,1,5,18,0.4999999999999999,-0.8660254037844387,0.8229838658936565,-0.5680647467311557,32.34000015258789,0.1797275093934877,26.475000381469727,2.0,1075.7893167340085,3.795730597764894,220.8000030517578,223.5,27.81208552857143,3.1714285794285706,27.58514624833484,63.6620990376506,1128.2742863370786,1020.0877665547288,27.046629945587497,1072.94396536123,50.74265996929837,0.3033985356503356,0.3672763093128043,0.3023375231562302,1.0035093310546963,0.0385859812339451,0.0624218103572096,0.0598405229375753,0.6448134623767044,0.0061198530223718,0.2234085000615364,0.1440366345878133,0.1423401901305042,1.0119181682739924
2022-05-09 00:00:00+00:00,206.3000030517578,221.1999969482422,204.5500030517578,216.9499969482422,89,37.001728977375215,0.3257979451946456,221.43000030517572,223.58500030517573,219.5753481927672,235.2067336001724,207.6532670101792,-3.617927931246811,-2.4153137607825315,-1.2026141704642797,-0.0466727871053358,-0.0877735634775763,26.82922842857143,2.611428491428572,4.050645766938776,26.61422825714286,1.748571399999998,4.160580576122449,0.2,0.0,1.6,0.0,5.084700107574463,5.148388862609863,4.903800964355469,5.080399990081787,0,72.11438771782824,0.2267454514663844,4.97130012512207,4.752099990844727,0.0067615266758856,0.2038308259030658,256.974,-0.0909769525053838,2.2851297401217163,0,1,0,2,5,19,0.4999999999999999,-0.8660254037844387,0.7485107481711013,-0.663122658240795,34.75,0.0718747131436001,29.070000171661377,2.0,1048.086533458023,0.7671296200939439,216.3999938964844,220.8000030517578,31.06708562857143,3.5885714708571377,27.52250637793536,59.66767789973766,1083.3421674320934,1033.277897201085,12.516067557752162,1063.000992599947,22.13032087665209,0.2611386525997692,0.3596484038269759,0.2998643134093124,0.8708560245872164,0.080707676442967,0.0623014206642545,0.060823319286537,1.3269197426328856,0.0015292621739576,0.2120619996393051,0.0976045727209814,0.1454554705310919,0.6710271236573854
2022-05-16 00:00:00+00:00,225.8000030517578,225.8000030517578,204.0,206.25,134,52.879585648197605,0.4111489387608428,218.20249938964844,222.1360006713867,218.2792806745309,230.613422717438,205.79157606185893,-2.371782750373427,-3.0045718644971684,0.6327891141237414,0.0945225385920509,0.0098389842942299,25.5478,4.262857249999998,3.487544506938775,25.906371085714284,6.754285582857142,3.864427901020408,0.2,0.0,0.2,0.2,5.160900115966797,5.207499980926514,5.031899929046631,5.058300018310547,0,60.77507910093262,0.2394081924025531,5.080399990081787,4.701000213623047,0.0103677302458811,0.2336582648806237,256.974,-0.0909769525053838,2.2851297401217163,0,1,0,3,5,20,0.4999999999999999,-0.8660254037844387,0.6631226582407952,-0.7485107481711012,27.46999931335449,-0.2350850968998151,30.39499998092652,2.0,1142.164159571228,1.127749977093494,206.3000030517578,216.3999938964844,32.17851424285714,2.399999965714282,27.41823958488884,56.25391065348731,1165.6250654882697,996.785012475635,42.21001325315871,1094.6662593884596,81.1527220659234,0.3853139478880452,0.4058622439350991,0.3367003832123735,1.1443822331535227,0.096545627799486,0.0702834043732671,0.0631511499055443,1.5288021303787616,0.0023715554926282,0.0980334524093072,0.1194139776405635,0.1454406382277587,0.8210495421717475
2022-05-23 00:00:00+00:00,215.75,228.1999969482422,213.1999969482422,228.1999969482422,59211,48.28551640805741,0.4748654148218594,217.23999938964843,221.3150009155273,218.5176211700076,228.7255314865354,205.75446729276143,-1.3670301582900493,-1.83336915016716,0.4663389918771108,-0.0445084274398975,-0.0508139150756095,21.38494274285714,12.422857493714284,3.170555627346938,25.162085685714285,11.708571765142851,3.390707174693877,0.0,0.0,0.2,0.2,5.059700012207031,5.0605998039245605,4.789299964904785,4.880199909210205,0,36.478531135434096,0.2514051274150085,5.058300018310547,4.620800018310547,-0.0147377384564346,0.2473391942625754,256.974,-0.0909769525053838,2.2851297401217163,0,1,0,4,5,21,0.4999999999999999,-0.8660254037844387,0.5680647467311558,-0.8229838658936564,28.479999542236328,0.0361075953596262,30.75999975204468,2.0,1052.9031304121015,-1.3827968931380763,225.8000030517578,206.3000030517578,32.44422828571429,0.5314285714285708,27.272681268813063,53.38001782198122,1166.4117566375185,993.059813450162,43.33798579683911,1077.9610077979164,48.71146677152405,0.441655509077584,0.4448234214628954,0.3554645556658056,1.2424740796606204,0.0695249130938586,0.0683047180882357,0.0645338015797303,1.0773408759214824,1.039607480622729,-0.2819402423784693,0.20369487487746,0.1522281398723118,1.3380894075656724
2022-05-30 00:00:00+00:00,229.4499969482422,229.8999938964844,211.0,215.25,67799,66.20013291908595,0.4706971084313022,217.6875,221.69300079345703,219.7974785032848,230.8633898775325,204.51161012246743,0.2753756579318178,-1.1528500030957445,1.428225661027562,0.0630066734313845,0.0530059815295118,24.8892284,0.2457142857142887,3.537306704081633,23.05851408571429,19.651429150857144,3.22322077,0.0,0.0,5.6000000000000005,5.6,4.813499927520752,4.858799934387207,4.690599918365479,4.729599952697754,0,8.32087647155305,0.2144206596663517,4.880199909210205,4.93779993057251,-0.0101527692067419,0.232471701535638,256.974,-0.0909769525053838,2.2851297401217163,0,1,0,5,5,22,0.4999999999999999,-0.8660254037844387,0.464723172043769,-0.8854560256532096,25.71999931335449,-0.1019331977981422,29.104999542236328,2.0,1085.206694712906,-0.9242999681688062,215.75,225.8000030517578,30.791371214285714,6.377143011428567,27.00079951506476,51.20397984319902,1168.705967407231,995.4742916698984,43.307918934333074,1080.8592825639123,51.93498487099338,0.4523036348085417,0.4497670901589628,0.3417558970839121,1.323469837486925,0.0823708613983888,0.0735470119937291,0.0650869976008582,1.2655499835469892,1.2194645967836202,-0.4384707240282847,0.2286167849744821,0.1540458717228708,1.484082420234802
2022-06-06 00:00:00+00:00,237.5500030517578,242.0,223.8500061035156,228.3000030517578,122380,60.652766364811,0.4769034181693759,222.34250030517572,222.90400024414063,226.1298134606469,243.0192413476313,201.66575926272023,4.072309969125058,1.7733693120219547,2.2989406571031035,0.0353018357430738,0.0876831945533387,26.12637137142857,0.2200000000000044,3.634371816326531,25.031371257142855,0.1200000000000079,3.573298790408164,0.6000000000000001,0.0,4.6,8.4,4.752399921417236,4.828400135040283,4.696899890899658,4.775000095367432,0,25.367735334524184,0.1745396708816068,4.729599952697754,5.027999877929688,-0.0081282362210825,0.210647749701401,256.974,-0.0909769525053838,2.2851297401217163,0,1,0,6,6,23,1.2246467991473532e-16,-1.0,0.3546048870425358,-0.9350162426854148,25.06999969482422,-0.025596972675215,26.684999465942383,2.0,1134.3012872266772,-0.7218466696028661,229.4499969482422,215.75,31.468514014285716,28.557144319999995,26.87373962745689,47.90823920815393,1188.0100199508315,1019.2776160106248,42.18310098505166,1102.2360844290183,66.28310643484517,0.4701218154192692,0.3730267726100917,0.3523836693270967,1.3341191519340576,0.0764049407001264,0.0811108038869653,0.0665392097654715,1.1482692608874612,2.1122688681114177,-0.6249011413956378,0.1811507716281863,0.1559574078760418,1.1615399517076432
2022-06-13 00:00:00+00:00,223.3500061035156,238.6499938964844,218.8999938964844,235.3999938964844,135296,56.34391225201915,0.4240828937526013,226.9724998474121,223.915,227.55569713635325,243.1438000411108,210.80119965371344,2.715077619504001,2.9264904974846617,-0.2114128779806607,-0.0597768754612404,0.0388372376907701,24.44922845714286,3.762857058571429,3.41056192,24.713514257142855,2.034285677142866,3.607861126938776,1.0,0.0,2.0,4.0,4.7941999435424805,5.134799957275391,4.78980016708374,4.984000205993652,0,67.6904306972869,0.1586987550279838,4.775000095367432,5.133399963378906,-0.0043257044495699,0.1578417009845781,256.974,-0.0909769525053838,2.2851297401217163,0,1,0,7,6,24,1.2246467991473532e-16,-1.0,0.2393156642875576,-0.970941817426052,34.02000045776367,0.3052767004261829,28.32249975204468,2.0,1113.1764764286052,-0.3415934924516062,237.5500030517578,229.4499969482422,28.3963713,74.32857498571428,26.73437024872696,44.948629302927415,1166.9681419858134,1025.8256524043318,35.28562239537047,1106.6122412288532,42.44262200429613,0.4632659246296968,0.3603204816288445,0.3481215256983255,1.3307591663365317,0.0884262344315607,0.0826545154846841,0.0678375330254978,1.3034999572187396,2.2672729664528752,-0.5951300876786151,0.2319744207060013,0.1751182469768679,1.3246729650617963
2022-06-20 00:00:00+00:00,227.6499938964844,234.5,221.75,224.25,36771,48.36065232043472,0.3292986341717758,228.15999908447264,223.8579995727539,227.9742201060875,243.3786006428823,212.94139752606296,1.904400917897533,2.441123037105676,-0.5367221192081431,-0.0054609001019252,0.0413997600196007,24.69208545714286,2.565714222857141,3.2558284979591834,23.4020855,9.60571404285714,3.2526183553061223,0.4,0.0,0.0,0.0,5.113399982452393,5.186600208282471,5.046274185180664,5.152100086212158,0,80.60965741279027,0.1769294179246356,4.984000205993652,4.929999828338623,0.0163244140454271,0.1674936634182474,256.974,-0.0909769525053838,2.2851297401217163,0,1,0,8,6,25,1.2246467991473532e-16,-1.0,0.120536680255323,-0.992708874098054,31.1299991607666,-0.0887766429289127,28.98499965667725,2.0,1172.875553180275,1.7234183570480937,223.3500061035156,237.5500030517578,28.287799714285715,122.07143115942858,26.519384135905867,42.66844122163256,1200.2742092247008,1052.5057965495307,36.94210316879257,1133.117566009422,86.97784208006273,0.4020524508488774,0.3712522395627907,0.3607879738370332,1.11437317444165,0.0560070298345696,0.0745467958917008,0.068287820126566,0.8201612165852264,0.6467044384314112,-0.5903971407210123,0.2606647201467211,0.1837080837950912,1.418907108346939
2022-06-27 00:00:00+00:00,226.0,239.0,224.25,227.8999938964844,15772,39.73332783564668,0.33372351032073,231.55249938964843,223.9319998168945,229.0933499577595,240.5775798699327,222.52741890936417,1.4768649912802516,2.180787214728884,-0.703922223448632,-0.0072479417558635,0.0412347238995798,24.993514085714285,0.8942856714285715,3.463625835102041,24.5677997,2.951428454285711,3.37356208,0.0,0.0,2.8,2.8,5.18720006942749,5.273399829864502,5.117499828338623,5.241399765014648,0,81.75233983426484,0.1727836818170671,5.152100086212158,4.768199920654297,0.0195806548598228,0.1780864907248283,256.974,-0.0909769525053838,2.2851297401217163,0,1,0,9,6,26,1.2246467991473532e-16,-1.0,-3.216245299353273e-16,-1.0,26.950000762939453,-0.1441886318300777,29.292500019073486,2.0,1184.5563468933103,2.0490424384876635,227.6499938964844,223.3500061035156,26.917085542857144,105.165717708,26.39347546262162,40.106053301158575,1217.6987362178295,1084.7560956466043,33.235660142806296,1153.6930783629775,85.08127179281429,0.2063526916209834,0.3366614178502976,0.3591950973926449,0.574486365136968,0.0652654867256637,0.0736949106180618,0.0697613170751059,0.9355539732694312,0.3045193278640776,-0.7012963828610862,0.2066508155503486,0.1860600464324757,1.11066727331315
2022-07-04 00:00:00+00:00,228.4499969482422,233.6999969482422,221.25,224.5,131,49.64257605091073,0.3461737516359039,230.4624992370605,224.51999938964843,229.19029380419525,239.16324959098364,221.76174888313744,1.0585342688059427,1.5108767073874254,-0.4523424385814827,0.0081641253084585,-0.0459386098984903,24.926371314285717,0.094285714285718,3.6116851812244897,25.01708545714286,0.2542857314285691,3.575464765306122,0.0,0.0,5.6000000000000005,8.4,5.236800193786621,5.335400104522705,5.177618980407715,5.330999851226807,0,66.60563064571068,0.1712620287467067,5.241399765014648,4.795700073242188,0.0006488633243768,0.16636633977052,256.974,-0.0909769525053838,2.2851297401217163,0,1,0,10,7,27,-0.4999999999999997,-0.8660254037844388,-0.1205366802553228,-0.992708874098054,26.700000762939453,-0.0093197316837326,29.70000028610229,2.0,1217.8668997438435,0.1558632849430637,226.0,227.6499938964844,26.073514257142858,92.07142837142857,26.304676107429444,37.53497152246632,1259.4675560206322,1084.7700821023848,43.67436847956184,1179.362606915324,83.20965585213087,0.2054639170883248,0.3382852863020998,0.3622751665346021,0.567148759828705,0.0544976892736088,0.0681202761931058,0.0687091843752839,0.7931644340922835,0.003013070053878,-0.7130457645514445,0.0983371601479002,0.1866252982803723,0.5269229615962139
2022-07-11 00:00:00+00:00,216.8999938964844,227.5,216.8999938964844,227.5,100,40.64404525203673,0.3338323183866826,227.489998626709,224.43099914550783,226.17112919435212,237.8840090028364,217.0959882505816,-1.4398302627964767,0.0831540226378263,-1.5229842854343032,-0.0505581230293233,-0.0644813966507137,24.67208562857143,0.0371428571428583,3.821517903673469,25.42065714285714,0.1942857142857205,3.6447716877551017,0.0,0.0,6.0,10.6,5.3282999992370605,5.459700107574463,5.250875949859619,5.254000186920166,0,54.57786520966226,0.1825761858391342,5.330999851226807,4.903299808502197,0.0149298810935186,0.1754394198633687,256.974,-0.0909769525053838,2.2851297401217163,0,1,0,11,7,28,-0.4999999999999997,-0.8660254037844388,-0.2393156642875574,-0.970941817426052,26.170000076293945,-0.0200498745233394,27.737500190734863,2.0,1139.592608475112,1.5839650618572438,228.4499969482422,226.0,28.66994268571429,115.20571594228574,26.247642625844136,35.12589501871274,1243.3412498480418,1114.1044542982283,32.30919888745332,1163.4546075392393,57.21891434273886,0.3296356957098907,0.384538976036242,0.3750912104991388,0.8788147461069343,0.0488704767256676,0.0626133833982141,0.0690765486518018,0.707482794156146,0.0023907773373428,-0.5730484452276721,0.1572488600832821,0.1846305457113476,0.851694669267669
2022-07-18 00:00:00+00:00,219.1000061035156,219.1000061035156,199.1999969482422,216.0,13,45.43046946525542,0.3904374654483936,222.63249893188475,223.3559994506836,219.32632722731088,243.32598567817385,201.9390121855957,-4.810945745589436,-2.977965413768888,-1.8329803318205475,0.0101429795709497,-0.0411378288686407,26.34208562857143,0.0857142857142869,3.9351187371428575,24.973514285714288,0.0685714285714284,3.874763865102041,0.0,0.0,5.2,14.4,5.377200126647949,5.486599922180176,5.350735187530518,5.410099983215332,0,60.63581473859677,0.1914223477239907,5.254000186920166,5.052199840545654,-0.0158988079499654,0.1975208336484968,256.974,-0.0909769525053838,2.2851297401217163,0,1,0,12,7,29,-0.4999999999999997,-0.8660254037844388,-0.3546048870425356,-0.9350162426854148,25.299999237060547,-0.0338093538796108,26.28000020980835,2.0,1185.3529393431088,-1.498903842491156,216.8999938964844,228.4499969482422,24.982085700000003,111.96285937199998,26.165440797448664,32.86413220644556,1246.1591104359345,1117.525286791753,32.15845591104535,1172.213940260787,53.69096721017999,0.3376534688857613,0.3821772586191149,0.3743076705280378,0.9020746472779608,0.0908261460562054,0.063093365723143,0.0696050484729135,1.3048785253380686,0.0003108608813861,-0.6205692763339545,0.1351907898060792,0.190120109555868,0.7110809214821292
2022-07-25 00:00:00+00:00,210.0500030517578,220.3999938964844,204.1999969482422,220.3999938964844,76260,39.43560580381699,0.4714456912390116,218.2699981689453,223.5709991455078,217.06941163514745,236.821956189108,199.71804014878265,-4.13048263950887,-3.6025013225754208,-0.5279813169334489,-0.0413053528053396,-0.0963647846442949,25.9435142,0.0428571428571444,3.998532413469388,26.902800000000003,0.205714285714291,3.9466055022448976,0.0,0.0,6.4,20.8,5.436800003051758,5.502299785614014,5.371300220489502,5.496699810028076,0,62.33517473783039,0.1756420190563301,5.410099983215332,5.23799991607666,-0.0023447251677021,0.1832000518184437,256.974,-0.0909769525053838,2.2851297401217163,0,1,0,13,7,30,-0.4999999999999997,-0.8660254037844388,-0.464723172043768,-0.8854560256532101,23.36000061035156,-0.0797791814896751,25.382500171661373,1.0,1154.581811870994,-0.1434955642648261,219.1000061035156,216.8999938964844,26.453514185714287,75.30286024942858,26.21301235890359,30.75713750188225,1243.7617505104035,1104.9353792061256,34.706592826069446,1165.1610889048698,42.03297783593488,0.3116793422417665,0.3406602696589769,0.3647074261062321,0.8546010072330428,0.0771244785188145,0.067316855459992,0.0703903176087177,1.0956686968063314,1.6712524202584742,-0.2512125353176193,0.1176821684061317,0.1875757589225518,0.6273847047628073
2022-08-01 00:00:00+00:00,213.1999969482422,222.1999969482422,209.6499938964844,210.5,86709,52.93680003866315,0.464071172247277,215.1949981689453,223.1829989624024,216.7121721130039,228.8109670592873,201.57902927860337,-2.409360148153496,-3.044399557230017,0.6350394090765215,0.0149964001462461,-0.0873288040336501,26.37065708571429,0.0885714285714303,4.04495947877551,26.12994285714285,0.0457142857142872,4.017399089183673,0.8,0.0,5.4,10.8,5.356299877166748,5.389699935913086,5.127049922943115,5.171199798583984,0,33.1478880931205,0.1997310500359004,5.496699810028076,5.251999855041504,-0.0002001115756651,0.1728298168407767,256.974,-0.0909769525053838,2.2851297401217163,0,1,0,14,8,31,-0.8660254037844385,-0.5000000000000004,-0.5680647467311556,-0.8229838658936566,22.84000015258789,-0.022511792619549,24.417500019073486,1.0,1102.499781276856,0.0709657949388738,210.0500030517578,219.1000061035156,27.97494277142857,57.92285737114285,26.20765303620935,28.77575535890368,1214.351073136781,1076.6624973462544,34.42214394763169,1140.0965658536643,22.11843097891068,0.3328784368235847,0.2982353203824071,0.3705458257591843,0.8983461820359534,0.0588649307288897,0.0660367442606372,0.0698621322253446,0.8425869699073544,1.735434719301708,-0.2626206606902612,0.2624451245535491,0.2150592304904098,1.2203387492445474
2022-08-08 00:00:00+00:00,211.8500061035156,221.9499969482422,205.8999938964844,211.6999969482422,121897,42.49343162540405,0.4701565995300207,212.9949989318848,222.86599884033205,215.2448907310247,224.41151200938,201.5784858543896,-2.256063686905464,-2.5165363981490145,0.2604727112435512,-0.006332039700049,-0.0495737465031087,28.053514085714287,0.185714285714284,4.240810304489797,27.099942828571425,0.3028571428571512,4.115832130408164,2.2,0.0,3.8,14.4,5.184000015258789,5.313000202178955,5.102099895477295,5.164599895477295,0,29.52153477369636,0.1963908405082904,5.171199798583984,5.338200092315674,-0.0022214553665932,0.1936211309689819,256.974,-0.0909769525053838,2.2851297401217163,0,1,0,15,8,32,-0.8660254037844385,-0.5000000000000004,-0.663122658240795,-0.7485107481711013,21.290000915527344,-0.0702758695604595,23.19750022888184,1.0,1094.1205193790809,-0.1311685841539361,213.1999969482422,210.0500030517578,27.290657142857143,83.00571654,26.26522011958755,26.938794183674872,1220.8820247048602,1047.39550123016,43.371630868675126,1121.706147263831,33.403468862455625,0.2917443522089613,0.2918728774980514,0.3695105147437812,0.7895427401188558,0.0757611639808748,0.0702894392020904,0.0704290253461175,1.0757092385058662,2.201988160634889,-0.2355157583938346,0.2510413901163293,0.2141434109865601,1.1723049391841227
2022-08-15 00:00:00+00:00,225.5,227.6999969482422,208.1999969482422,212.0,90762,61.69200657809812,0.4294955537312036,216.3324989318848,221.75099884033204,218.0866039530625,227.40547711142,205.2595207523496,0.817174256667613,-1.041972840266722,1.859147096934335,0.064432350735051,0.1070201442236493,25.296371285714287,7.748571705714284,4.067034255102041,28.93351407142857,2.6228572342857075,4.31021438244898,1.2000000000000002,0.0,1.4,6.0,5.110099792480469,5.160900115966797,5.0355000495910645,5.074900150299072,0,28.62357898153219,0.1692534755160819,5.164599895477295,5.422800064086914,-0.0089633503922021,0.1908345232061656,256.974,-0.0909769525053838,2.2851297401217163,0,1,0,16,8,33,-0.8660254037844385,-0.5000000000000004,-0.7485107481711011,-0.6631226582407952,19.950000762939453,-0.0650083403296298,21.86000061035156,1.0,1144.3899838924408,-0.8053580867148262,211.8500061035156,213.1999969482422,27.69351425714286,141.0914333257143,26.43736811648052,25.37002405790783,1183.964651904682,1063.831396305004,30.033313899919484,1130.7796819152752,35.525650205310896,0.2894545655349031,0.2924561917983224,0.3283639298539497,0.881505337229317,0.0864745011086474,0.0778102440786863,0.0709890604302689,1.2181382371190446,1.6119819695013176,-0.2356935878451589,0.252483104506494,0.1925573815404417,1.3112096216439786
2022-08-22 00:00:00+00:00,224.3000030517578,225.6000061035156,212.6000061035156,224.8999938964844,44274,62.4352325461578,0.3461296520078945,217.3624992370605,220.2139990234375,218.26594976829068,227.47236619477903,207.25263227934204,0.5453814223995153,-0.0727638164711939,0.6181452388707092,-0.005321494227238,0.0851475876311826,26.359228485714286,0.8971428999999972,4.722431478367347,25.73494257142857,14.748571977142854,4.100255273469387,1.0,0.0,4.8,10.0,5.095600128173828,5.2170000076293945,5.075442790985107,5.168399810791016,0,48.591532317780896,0.17676332701427,5.074900150299072,5.497799873352051,-0.0160481777275515,0.1765972955702621,256.974,-0.0909769525053838,2.2851297401217163,0,1,0,17,8,34,-0.8660254037844385,-0.5000000000000004,-0.8229838658936564,-0.5680647467311559,23.799999237060547,0.1764563670426981,21.97000026702881,1.0,1159.2720933331293,-1.513840820249766,225.5,211.8500061035156,26.08137122857143,126.2828579785714,26.3920503393804,24.684769084955253,1188.4249427923262,1061.7162461484274,31.67717416097472,1142.176646482417,51.86695901257578,0.2540933241348024,0.2890455773708512,0.3179259439617553,0.799221708603785,0.0579580910527237,0.07123663307799,0.0698214837375179,0.8300895318941095,0.8121583446452633,-0.2662639408114381,0.2337379366698043,0.1907045927831112,1.2256544061269194
2022-08-29 00:00:00+00:00,240.5,246.8999938964844,222.8000030517578,224.5500030517578,343,74.193545812281,0.3725267389487309,223.2824989318848,221.41099884033204,226.91953179952367,245.74824480329468,200.81675306047484,5.791686677018333,2.9867623025293595,2.804924374488974,0.0722246844753897,0.1072744170310007,27.246371314285717,0.3057142857142838,4.711338388163265,24.76494267142857,0.3085714285714213,4.797688541836735,1.6,0.0,3.8,12.2,5.156099796295166,5.157100200653076,5.024099826812744,5.0625,0,44.07372930459644,0.1446554157417574,5.168399810791016,5.182700157165527,0.0002709123895502,0.1748815008616488,256.974,-0.0909769525053838,2.2851297401217163,0,1,0,18,8,35,-0.8660254037844385,-0.5000000000000004,-0.8854560256532096,-0.4647231720437691,26.209999084472656,0.0964554337837059,22.8125,2.0,1217.53125,0.1180681914604038,224.3000030517578,225.5,26.16708554285714,105.47714290257144,26.28707565112544,23.11211117164017,1255.427684758915,1052.2292385434107,50.799611553876055,1172.3184878894504,93.64195889411964,0.2842259156597808,0.2860327565595539,0.3226109742382571,0.881017477848405,0.1002078621402353,0.0758533098022742,0.0720000913818085,1.3917739033288874,0.0072326400823198,-0.2662420664618328,0.2115485756992338,0.1950710055159892,1.0844695463324436
2022-09-05 00:00:00+00:00,232.6499938964844,241.75,232.3000030517578,238.75,39,57.11442178754667,0.3523005441877837,227.9799995422364,221.71999877929687,230.0901928810146,249.771894124814,206.18810495965863,5.361690465101447,4.63479103373465,0.7268994313667969,-0.0386363888575024,0.0608754704010461,26.62637128571429,0.8771428571428587,4.994637241224489,28.501371328571427,0.6628571428571404,4.791789037142856,1.6,0.0,4.8,15.0,5.027200222015381,5.24807596206665,4.998009204864502,5.171000003814697,0,57.395066058692855,0.1451773708249769,5.0625,5.211100101470947,-0.0090844968597931,0.1386580005623469,256.974,-0.0909769525053838,2.2851297401217163,1,1,1,19,9,36,-1.0,-1.8369701987210292e-16,-0.9350162426854148,-0.3546048870425359,25.46999931335449,-0.028639720372481,23.857499599456787,2.0,1203.0331193262102,-0.8174727334739262,240.5,224.3000030517578,25.26422857142857,187.268568124,26.42993343676712,21.663772202041265,1250.6494557319138,1111.4637675439762,34.796422046984354,1184.6043404641543,89.48716526430633,0.2061069588540999,0.287653934261613,0.307210540823649,0.67089804793981,0.0406189434608233,0.0722041123486609,0.0700601213288989,0.5797725852116479,0.0008861119000281,-0.2454486694990651,0.1405786748148608,0.1969808881243115,0.71366653393033
2022-09-12 00:00:00+00:00,227.75,234.0,225.6000061035156,232.0,44,53.553036972176805,0.3288167295174512,230.4949989318848,221.8229986572265,229.676337900737,248.9365101479272,212.05348771584232,2.4595337557412336,3.727935320736024,-1.2684015649947908,-0.0210616549539417,0.0169680870888158,29.920657057142854,0.1171428571428619,5.258135156734694,29.499228471428573,1.5428571428571505,5.103951903469388,4.0,0.0,4.4,19.2,5.153900146484375,5.249199867248535,5.103637218475342,5.146299839019775,0,49.229561563849074,0.1528380415832099,5.171000003814697,5.1570000648498535,-0.0133317061353358,0.1507842401979161,256.974,-0.0909769525053838,2.2851297401217163,1,0,2,0,9,37,-1.0,-1.8369701987210292e-16,-0.970941817426052,-0.2393156642875577,23.8700008392334,-0.0648787865231355,24.83749961853028,1.0,1172.0697883367538,-1.2421936610281965,232.6499938964844,240.5,24.56565711428571,263.4228540285714,26.62795247126141,20.36564864983584,1241.8548387807868,1134.0982867172595,26.93913801588173,1179.590519613194,61.66912640399092,0.240930715281311,0.285515231482925,0.3117245238929035,0.7728962243442974,0.0368825198528404,0.064428383523054,0.0690962777279948,0.533784390820423,0.0010251786198996,-0.1995366899114601,0.1414441357282087,0.1958038928434519,0.7223764882832564
2022-09-19 00:00:00+00:00,224.0500030517578,225.8500061035156,215.75,225.8500061035156,41,31.863273055175696,0.3392874771500859,230.9874992370605,221.46499908447265,226.1007636393331,247.93599094254552,214.0390075315756,-0.8609319162742963,1.10242794853612,-1.9633598648104165,-0.0162458702447516,0.0435491673796792,28.757799885714288,4.985714218571429,5.254164196734694,31.348514200000004,2.9142856800000057,5.296622311428572,3.4000000000000004,0.0,3.2,6.8,5.0920000076293945,5.307600021362305,5.066973209381104,5.250699996948242,0,64.68271247053045,0.1672148548475349,5.146299839019775,5.166999816894531,-0.0129351177373284,0.1493302040502824,256.974,-0.0909769525053838,2.2851297401217163,1,0,3,0,9,38,-1.0,-1.8369701987210292e-16,-0.992708874098054,-0.1205366802553235,25.76000022888184,0.0762004346120791,25.3274998664856,2.0,1176.4193503401184,-1.202534821227456,227.75,232.6499938964844,28.067085528571425,109.28857626,26.93250484085745,19.23975426468514,1235.6725459188197,1148.8542080827217,21.70458445902457,1178.322051903964,57.93338965201887,0.2057343331249289,0.2374143652929997,0.3111823355240956,0.661137548720605,0.0450792500153744,0.0561493333043994,0.0694209411670663,0.6493608810816796,0.0009556385588502,-0.3147990690262672,0.1351913770728959,0.1901505240238483,0.7109702729309216
2022-09-26 00:00:00+00:00,223.8000030517578,232.0500030517578,217.25,228.1000061035156,75821,40.94982453751217,0.2917205951480863,227.68250045776367,223.0029995727539,224.98482914631663,242.21305784269555,213.15194307283176,-1.113073007321475,-0.3002217805009456,-0.8128512268205293,-0.0011158223458815,-0.0805258477248043,28.253514142857146,22.80571486571429,4.54499719755102,26.902085700000004,23.56857148285714,4.922609799387756,2.2,0.0,0.0,0.0,5.170899868011475,5.388899803161621,5.112679958343506,5.258800029754639,0,56.5751507713864,0.1884987222833921,5.250699996948242,5.108699798583984,0.0008764668057697,0.1754003227167199,256.974,-0.0909769525053838,2.2851297401217163,1,0,4,0,9,39,-1.0,-1.8369701987210292e-16,-1.0,-1.8369701987210292e-16,32.2599983215332,0.2250051105463951,26.83999967575073,2.0,1176.9194627076722,0.1786236330823538,224.0500030517578,227.75,28.8220856,40.1542873142857,26.93054231564084,19.519032794889785,1210.3453481051115,1153.8755122502655,14.117458963711456,1177.7610162254475,9.639365661759498,0.2038292571333197,0.2190118523419855,0.3069644258631061,0.6640158706340151,0.0661304863715084,0.0577838123681563,0.0686920816634934,0.9627088762337636,1.6239289695722685,-0.2878177629966114,0.1273119232939946,0.18740357172353,0.6793462650132986
2022-10-03 00:00:00+00:00,215.75,229.75,214.75,225.0,87407,42.17557224122292,0.2890569737405785,224.0975006103516,223.71999969482425,224.0866468234592,233.4554939383609,214.73950728234223,-1.3217502840340956,-0.6685473574727762,-0.6532029265613194,-0.0359696288739375,-0.0871588981237144,27.67637128571429,40.78857149,4.117736206938775,28.07422845714285,54.1600015,4.498294360204082,2.2,0.0,0.4,0.4,5.389400005340576,5.428299903869629,5.159856796264648,5.414299964904785,0,71.92219074010649,0.2096571040037186,5.258800029754639,5.2403998374938965,0.0276277283815151,0.207309409219313,256.974,-0.0909769525053838,2.2851297401217163,1,0,5,0,10,40,-0.8660254037844386,0.5000000000000001,-0.992708874098054,0.1205366802553232,30.100000381469727,-0.0693028362394697,27.99749994277954,2.0,1168.1352174282074,2.853749790656894,223.8000030517578,224.0500030517578,26.805656957142865,57.57428563714285,27.004328518318392,21.75393400167109,1181.6313335093778,1165.140575896998,4.122689403094943,1173.9106967065516,10.874379701303964,0.0845849918461774,0.2103427981847373,0.2755514584231031,0.3069662169838233,0.0695249130938586,0.051647222558881,0.067341045928212,1.0324298028230308,1.7120667535033425,-0.0093807722052304,0.1035485526252047,0.1921513877778718,0.538890446922002
2022-10-10 00:00:00+00:00,217.4499969482422,226.4499969482422,213.8000030517578,216.5500030517578,99220,39.402979182766856,0.3104128965955243,221.66250076293943,224.10499969482424,222.17507660542225,229.15480366269963,214.17019786317928,-1.9429166878579736,-1.339647028161692,-0.6032696596962814,0.0078794760057574,-0.0606911578909624,28.932085685714288,27.56000041714286,4.566332426122449,28.96137125714285,70.73428552857143,4.141176370612245,2.2,0.0,1.4,1.8,5.16349983215332,5.248899936676025,5.10890007019043,5.198400020599365,0,51.782250916898754,0.2591208967082072,5.414299964904785,5.2133002281188965,0.003348559552451,0.1996396966607738,256.974,-0.0909769525053838,2.2851297401217163,1,0,6,0,10,41,-0.8660254037844386,0.5000000000000001,-0.970941817426052,0.2393156642875573,32.45000076293945,0.0751752822330872,30.14249992370605,2.0,1130.392068615074,0.4258329077504837,215.75,223.8000030517578,27.154228442857143,134.73714312857143,27.13058934017804,24.913956680825954,1207.1400246793414,1118.7930248661946,22.086749953286716,1156.5032454699606,9.439375417774528,0.1169921961452696,0.1946403562675295,0.2452296490666213,0.477071968335961,0.0581742656887475,0.0551582870044658,0.0667735135579565,0.871217551343607,1.870171777972824,-0.0274359517767185,0.1951045832868465,0.1949994526271067,1.0005390817919373
2022-10-17 00:00:00+00:00,195.5500030517578,220.8999938964844,194.0500030517578,216.8999938964844,135161,24.692444272578257,0.3231922275690456,217.62250061035155,223.215,214.7306001903772,236.73754118410395,198.5074600365992,-6.14744860507011,-3.427188023321221,-2.7202605817488887,-0.1007127808868033,-0.1031873409084944,30.264942657142857,11.93142876,5.390079605306123,28.81137138571429,56.57142961428572,4.776685267755101,3.0,0.0,1.8,3.6,5.186800003051758,5.378499984741211,5.159780025482178,5.327400207519531,0,44.84366783549293,0.2501290006799744,5.198400020599365,5.246099948883057,-0.0041656547268849,0.2542547779467815,256.974,-0.0909769525053838,2.2851297401217163,1,0,7,0,10,42,-0.8660254037844386,0.5000000000000001,-0.9350162426854148,0.3546048870425355,31.3700008392334,-0.0338484177060052,31.545000076293945,2.0,1041.7731268383795,-0.3255885201831062,217.4499969482422,215.75,25.94208544285714,198.76856986,27.23902689150296,26.956374289436265,1252.7981988430242,1005.8117389516424,61.74661497284546,1110.6111980173282,0.3686881404226483,0.2558753830026878,0.2739164218633141,0.2762996780455529,0.9260791599609124,0.137304988114063,0.0752427806567103,0.0695202198937401,1.975036450885304,2.3955350789270518,0.0487530422617494,0.2062561061824279,0.1886467276500419,1.0933457358009182
2022-10-24 00:00:00+00:00,190.3999938964844,197.8000030517578,186.1999969482422,196.3000030517578,94040,14.927196736398995,0.2955618484194492,209.75,220.4979998779297,205.67882381471048,237.28449576731063,182.2155042326893,-8.896190924189426,-6.696257661939347,-2.199933262250079,-0.0263360218609166,-0.1363121046393709,29.169228542857145,8.46571432857143,5.434695396734695,29.643514028571428,12.082857131428574,5.699462566530613,2.0,0.0,1.4,0.0,5.277359008789063,5.2993998527526855,5.159900188446045,5.163400173187256,0,49.99037855107424,0.2426010319682433,5.327400207519531,5.115499973297119,0.0127703581472593,0.2501331543226344,256.974,-0.0909769525053838,2.2851297401217163,1,0,8,0,10,43,-0.8660254037844386,0.5000000000000001,-0.8854560256532101,0.464723172043768,29.850000381469727,-0.0496671963371583,30.94250059127808,2.0,983.11136145996,1.3680127672313138,195.5500030517578,217.4499969482422,25.59422848571429,87.7828583142857,27.394155093894472,25.99679253730673,1248.79328691895,912.9126002518608,83.97017166677227,1059.611263394381,0.0,0.2475669198412343,0.2661494457920019,0.2785761497992412,0.8886866701717977,0.0609244037571884,0.0784118114050732,0.0687461930465933,0.8862220901988784,1.7096612038346095,0.1481464777747229,0.2288825207408819,0.1977758836123067,1.1572821973417675
2022-10-31 00:00:00+00:00,177.6999969482422,192.8000030517578,167.75,191.1000061035156,130632,14.119739637863518,0.303237964292854,198.5425003051758,216.4770001220703,194.73339620996623,231.43388799411588,165.6511126162357,-11.6714902730983,-9.548853494630354,-2.122636778467946,-0.0667016667823365,-0.1979237440735738,29.209228542857144,22.634285965714284,4.785578079591836,29.045657142857145,28.72857154857143,5.029183358163265,1.8,0.0,0.0,0.0,5.30620002746582,5.399843215942383,5.210100173950195,5.28849983215332,0,56.83558194749986,0.2358769681663384,5.163400173187256,5.396200180053711,-0.010250526647778,0.2277978526341621,256.974,-0.0909769525053838,2.2851297401217163,1,0,9,0,10,44,-0.8660254037844386,0.5000000000000001,-0.822983865893657,0.5680647467311548,25.8799991607666,-0.1427144154133417,29.88750028610229,2.0,939.7664040344245,-0.934075712272416,190.3999938964844,195.5500030517578,28.524942857142857,25.62285712,27.500703613182388,26.173036344485105,1188.6934811621463,858.8279993117727,82.46637046259337,1011.6733196503984,0.0,0.199613519527292,0.2636113197117964,0.284742108117289,0.7010326426140743,0.140967943061102,0.0933793027429919,0.0713732784780703,1.975079838228483,2.38502077253144,0.2053174004893449,0.2458757753649398,0.1897809745552664,1.2955764558874336
2022-11-07 00:00:00+00:00,170.5500030517578,183.3999938964844,166.4499969482422,177.85000610351562,107604,30.375688383921585,0.4024612214519772,187.44500045776368,210.3160003662109,186.86524906459883,213.78350333674783,161.10649757877954,-11.160271066761451,-10.70259291186462,-0.4576781548968327,-0.0402363197483166,-0.2180192651126721,24.996371085714284,42.69428626857143,3.844396457959184,29.045657114285717,55.97142928,4.694135256326531,0.0,0.0,0.0,0.0,5.178800106048584,5.217329025268555,4.997541904449463,5.078132152557373,0,35.75785465689026,0.1850629759455398,5.28849983215332,5.220099925994873,-0.009541212682296,0.2399091489679914,256.974,-0.0909769525053838,2.2851297401217163,1,0,10,0,11,45,-0.5000000000000004,0.8660254037844384,-0.7485107481711011,0.6631226582407952,24.350000381469727,-0.060938572010118,27.862500190734863,1.0,866.0754541158894,-0.8631443157242161,177.6999969482422,190.3999938964844,28.18922857142857,15.731428935999997,27.60037803260841,28.095513308066717,1105.6937386544685,809.6694345698581,74.00607602115258,953.434173436595,0.0,0.1572116149194178,0.2292525492132015,0.2884434628466414,0.545034399176727,0.0993843250949594,0.099351185143212,0.0735421432410898,1.351392646461579,1.845267390912594,0.3809991500931183,0.2454268930713473,0.194851904754874,1.259555972955653
2022-11-14 00:00:00+00:00,166.1999969482422,173.6999969482422,162.89999389648438,171.5,104761,35.85857896391704,0.4318795970126327,178.29000015258788,203.33900024414064,179.38103772429196,197.70138138025823,158.8786189249175,-10.576375969881155,-10.883604664847995,0.3072286949668399,-0.0255057521294532,-0.1550584670727041,27.820656971428573,29.385714552857145,4.236342388979592,25.280656942857146,76.56857261085715,3.6891327571428576,0.6000000000000001,0.0,0.0,0.0,5.153326988220215,5.400899887084961,5.098262786865234,5.279058933258057,0,48.14227086897687,0.194876753233995,5.078132152557373,5.259799957275391,-0.0072143633242165,0.1857267896159882,256.974,-0.0909769525053838,2.2851297401217163,1,0,11,0,11,46,-0.5000000000000004,0.8660254037844384,-0.6631226582407955,0.7485107481711007,23.729999542236328,-0.025791814037539,25.9524998664856,1.0,877.3795785970797,-0.6304593799162661,170.5500030517578,177.6999969482422,28.026371385714288,36.57428622285714,27.45071860746317,31.22280745663384,1026.4401583175709,806.7262407861058,54.928479382866286,923.012335500789,6.044928257495783,0.280526699667311,0.2493161450286846,0.2892120104034762,0.9699690188393678,0.0649819690136404,0.1007127258081906,0.0735279673554886,0.8837720191794414,1.669153537237866,0.3250955164921041,0.2614371275503161,0.2032283503852258,1.2864204929604983
2022-11-21 00:00:00+00:00,157.5,167.6999969482422,150.4499969482422,166.14999389648438,30538,36.51418947181962,0.4781515914025775,168.9875,195.89500030517576,169.66506453959389,189.05533031601607,148.9196696839839,-11.757864368387745,-11.472163447712708,-0.2857009206750351,-0.0523465529963368,-0.1749606860364572,27.10208557142857,53.45999783657143,4.465634526122449,27.89279977142857,69.92571373885714,4.4441557995918375,0.0,0.0,0.0,0.0,5.331200122833252,5.519577026367188,5.288400173187256,5.38129997253418,0,66.03242629409576,0.208760200999142,5.279058933258057,5.216599941253662,-0.0117736237799153,0.2099756642848205,256.974,-0.0909769525053838,2.2851297401217163,1,0,12,0,11,47,-0.5000000000000004,0.8660254037844384,-0.5680647467311559,0.8229838658936564,22.36000061035156,-0.059466375573688,24.07999992370605,1.0,847.5547456741333,-1.086385425486146,166.1999969482422,170.5500030517578,28.92851402857143,42.93714272085714,27.479239972880297,33.71976915226115,962.6644204449728,802.7236707657905,39.9851874197956,892.8292995701268,7.1470515902416025,0.2526660445124492,0.2489881506466379,0.2813557647450833,0.8980304198176565,0.1095238095238095,0.0951564900901399,0.0762792733679987,1.43582640905824,0.4750533964497039,0.3341733744955849,0.2562703233495443,0.2037582337138494,1.2577175709731816
2022-11-28 00:00:00+00:00,160.64999389648438,163.85000610351562,160.0,160.0,51,39.9999938348346,0.50800903937813,165.5824996948242,191.2420004272461,166.97908663757372,182.83807857155108,148.32692081809734,-8.907216878544745,-10.441809277290178,1.534592398745433,0.0617976910517843,-0.1017613172263318,26.654942771428573,42.21142959542858,4.421566818367347,26.414228228571428,105.339996544,4.469419131428571,0.0,0.0,0.0,0.0,5.318600177764893,5.423799991607666,5.281799793243408,5.4085001945495605,0,68.64023797664123,0.1870408101855312,5.38129997253418,5.339200019836426,-0.007553231099348,0.2058561077678958,256.974,-0.0909769525053838,2.2851297401217163,1,0,13,0,11,48,-0.5000000000000004,0.8660254037844384,-0.4647231720437684,0.88545602565321,22.209999084472656,-0.0067310788985464,23.16249990463257,1.0,868.8755232435215,-0.6643461574294162,157.5,166.1999969482422,29.524942842857147,20.46285747285714,27.4105295377636,38.34042898398624,890.104672651856,839.8379781634559,12.566673622100025,883.2477890394846,23.96410894836127,0.3149725522623987,0.2704496753885811,0.2769263315180634,1.1373874747189898,0.0239651805153282,0.0877646454417679,0.0750340085574817,0.319390870648479,0.0007933933667646,0.287569134934681,0.2190123525944866,0.2022493317993205,1.0828828941841453
2022-12-05 00:00:00+00:00,160.14999389648438,170.4499969482422,159.64999389648438,166.6999969482422,18,43.704471729959145,0.4467347549441759,162.36499938964843,185.25399993896485,165.490360275382,173.85623724019317,150.8737615391037,-5.98145854063074,-7.786615275180063,1.805156734549323,-0.003112356171779,-0.0699767901585948,26.590656942857144,45.67714311714286,4.0340554416326535,26.57279997142857,91.70000252314286,4.203416424081633,0.0,0.0,0.0,0.0,5.364699840545654,5.365499973297119,5.1631999015808105,5.2179999351501465,0,40.9326951282114,0.188942079261125,5.4085001945495605,5.1149001121521,0.0164984904385533,0.1891464701810307,256.974,-0.0909769525053838,2.2851297401217163,1,0,14,0,12,49,-2.4492935982947064e-16,1.0,-0.3546048870425359,0.9350162426854148,20.75,-0.0679963500082256,22.262499809265137,1.0,835.6626577661518,1.7408259963607138,160.64999389648438,157.5,28.511371342857142,44.365713958857135,27.35648246896779,41.782982115544726,895.6705755201758,819.0656771202673,19.151224599977127,864.2137365301516,34.10413463234822,0.310410784859003,0.2592780925583263,0.2644769567827728,1.1736779525075156,0.0674367996463276,0.073058416758813,0.0738645412369878,0.9129792101486228,0.0002800200992204,-0.3800855750374816,0.249709848607521,0.2049727423185765,1.2182587479696438
2022-12-12 00:00:00+00:00,166.35000610351562,166.35000610351562,155.0,161.10000610351562,72,60.67550902457969,0.3962149023775316,160.18999938964845,178.76699981689453,163.40266257725972,169.3358710163548,151.0441277629421,-4.537999419799689,-6.076814600812407,1.5388151810127173,0.0387137835986353,-0.0271929467630664,27.67065702857143,62.62857147857143,3.8794577481632655,26.129942685714287,93.96857135571427,4.025237584285714,0.2,0.0,0.0,0.0,5.28000020980835,5.348899841308594,5.193943977355957,5.235000133514404,0,43.019631763100186,0.1790223931814093,5.2179999351501465,5.341579914093018,0.0066143885685912,0.1937265274196468,256.974,-0.0909769525053838,2.2851297401217163,0,0,0,0,12,50,-2.4492935982947064e-16,1.0,-0.2393156642875578,0.970941817426052,25.0,0.1863295781914935,22.57999992370605,1.0,870.8423041620263,0.7524158093645038,160.14999389648438,160.64999389648438,28.769942828571427,26.30285666285714,27.277350870048213,45.14979432458793,889.8066604060423,821.6609550168741,17.03642634729202,866.8651635829015,47.265611042868514,0.259872287440383,0.3076278973138696,0.2802601047537775,0.927253910777471,0.0682296704963917,0.0668274858390995,0.0734198008358667,0.9293087208971736,0.0011906395884353,0.3703297077993325,0.1978257329203921,0.2029921854779826,0.9745484670214776
2022-12-19 00:00:00+00:00,164.0500030517578,171.5,164.0500030517578,165.5,12594,46.28332106353473,0.3778053849637955,162.82749938964844,173.55999969482423,164.74458007583132,171.1036858055333,154.55131297376357,-1.8416721955896376,-3.551553740882748,1.7098815452931104,-0.0138262877509398,0.0743287906375185,26.080657114285717,55.11142939428572,4.1280339481632655,28.58994285714286,123.91714294285714,4.114814517551021,0.0,0.0,0.0,0.0,5.321300029754639,5.366154193878174,5.239099979400635,5.306509017944336,0,44.79335105361737,0.1594604290361961,5.235000133514404,5.422100067138672,0.0020460699130695,0.155502442783824,256.974,-0.0909769525053838,2.2851297401217163,0,0,0,0,12,51,-2.4492935982947064e-16,1.0,-0.1205366802553236,0.992708874098054,22.420000076293945,-0.1089224038212455,22.59499979019165,1.0,870.5328205879487,0.2955839438123338,166.35000610351562,160.14999389648438,26.562799785714283,56.07999907999999,27.362034224054323,50.23155875157304,895.942514861751,827.0141380180731,17.23209421091944,868.3322263849204,62.76236786748961,0.2554758596741999,0.3143555930835213,0.2756145346182585,0.9269317046676482,0.0454129643989809,0.0629136849161676,0.0727472025193712,0.624257106578321,0.2218583499438974,0.2150039969515298,0.1558506713433834,0.1781733267343225,0.8747137714313292
2022-12-26 00:00:00+00:00,172.0,172.64999389648438,164.1999969482422,164.5,42607,66.48121282398891,0.3565860751813954,164.58249893188477,170.17699981689452,166.36819921835664,173.92545731082765,155.2395405529419,-0.1100885107936164,-1.847540586386192,1.737452075592575,0.0478221528808948,0.0743285037028056,25.82637134285714,67.21142920285715,3.742555418367347,26.819228542857143,106.03714462,3.9353508836734696,0.0,0.0,0.0,0.0,5.291600227355957,5.322199821472168,5.116315841674805,5.164299964904785,0,36.307667651941706,0.1552661917439091,5.306509017944336,5.320000171661377,-0.0009965778044061,0.1560595181296639,256.974,-0.0909769525053838,2.2851297401217163,0,0,0,0,12,52,-2.4492935982947064e-16,1.0,6.432490598706546e-16,1.0,20.8700008392334,-0.0716406597454173,22.26000022888184,1.0,888.259593963623,-0.0086808279352261,164.0500030517578,166.35000610351562,28.2827997,4.394285748571432,27.327014502686765,53.831919130181234,910.436586304117,822.2121019357579,22.056121092089786,876.3031734164015,61.21389959852354,0.2223516389768201,0.2956312877478095,0.2803696193630779,0.7930660659713444,0.0491278892339662,0.0508345008581989,0.0714155387820258,0.6879158680683685,0.8069285976046479,0.1464866269457053,0.1573658677056445,0.1839894771401596,0.855298148560881
2023-01-02 00:00:00+00:00,167.3000030517578,174.9499969482422,165.14999389648438,171.0,51417,59.95828736340687,0.3665838179280994,165.55499954223632,168.14099975585938,167.37513640102742,175.6891509810309,155.42084810344173,0.437157292298167,-0.536009603466832,0.973166895764999,-0.009473007119865,-0.0023851753354999,26.2320856,77.44857440571428,3.600313804489796,26.444228400000004,142.15714488,3.742166711224489,0.0,0.0,0.0,0.0,5.21750020980835,5.362100124359131,5.124977111816406,5.2855000495910645,0,45.54061663249378,0.1392115906672825,5.164299964904785,5.183599948883057,-0.0002516690629747,0.1453222639086333,256.974,-0.0909769525053838,2.2851297401217163,0,0,0,0,1,1,0.4999999999999999,0.8660254037844387,0.120536680255323,0.992708874098054,21.670000076293945,0.0376160577674471,22.49000024795532,1.0,884.2641744266512,0.0658100462079138,172.0,164.0500030517578,26.61422825714286,1.748571399999998,27.270060560577942,59.53032079145986,896.7536393301434,860.1958072399811,9.13945802254056,879.4875738205013,92.4754351164306,0.2158703081150369,0.276230008018903,0.2645486422732585,0.8159947376789485,0.0585774230304465,0.0577569493612226,0.0700206848781157,0.8365730036300207,1.0114647225684656,0.1061911494597213,0.1856291661917041,0.1850905831166952,1.0029097809129033
2023-01-09 00:00:00+00:00,158.0500030517578,171.14999389648438,156.39999389648438,166.4499969482422,96432,41.5512642174,0.3705128408060921,165.9825012207031,165.47300018310546,164.675815650661,175.40265123164312,156.5623512097631,-1.7512099580304152,-0.8431375035840151,-0.9080724544464002,-0.0552898973775769,0.0022194426777986,24.570657085714284,95.04000229142858,3.395057953387755,26.37137142857143,182.08572123142855,3.4189744876326533,0.0,0.0,0.0,0.0,5.360130786895752,5.479400157928467,5.220956802368164,5.224400043487549,0,45.51760243303709,0.1569837984867977,5.2855000495910645,5.224299907684326,0.0001703424889621,0.1322577109983068,256.974,-0.0909769525053838,2.2851297401217163,0,0,0,0,1,2,0.4999999999999999,0.8660254037844387,0.2393156642875577,0.970941817426052,21.96999931335449,0.0137490360737548,21.732500076293945,1.0,825.7164428168107,0.1080112014015938,167.3000030517578,172.0,25.906371085714284,6.754285582857142,27.212080616577524,67.43712081984495,924.5423128621852,809.8442030353315,28.674527456713484,857.9791214190252,21.999135752438235,0.2971333310657605,0.2974663027515464,0.2751705713768804,1.079815035382723,0.0933248953824424,0.0629345685084455,0.0717890250946017,1.2999881564010616,1.804420110736329,0.1172468641555487,0.144473933265263,0.1841920293408977,0.7843657835715394
2023-01-16 00:00:00+00:00,151.6999969482422,158.0500030517578,142.0500030517578,157.0,128796,33.52491580631404,0.4026746131172079,162.8,163.37199951171874,159.53233085151192,179.58590065299202,146.014099347008,-4.4878102283337,-2.704038574927541,-1.7837716534061592,-0.0416930257503386,-0.0924319324702478,27.28779994285714,95.69143236285714,3.41894713755102,24.17994285714286,205.82000602285717,3.1889977181224487,0.0,0.0,0.0,0.0,5.253699779510498,5.270648002624512,5.080699920654297,5.080699920654297,0,41.098364145108974,0.179879259361929,5.224400043487549,5.311800003051758,-0.0237192305223762,0.1855363415541105,256.974,-0.0909769525053838,2.2851297401217163,0,0,0,0,1,3,0.4999999999999999,0.8660254037844387,0.3546048870425356,0.9350162426854148,18.350000381469727,-0.1800482598536198,20.71500015258789,1.0,770.7421624581912,-2.280946099732236,158.0500030517578,167.3000030517578,25.162085685714285,11.708571765142851,27.016458825646257,76.36504889745865,953.4139513533648,731.0772354792732,55.58417896852293,823.0843378346916,13.107233238760998,0.2991634389039245,0.2814228072817626,0.263203554576537,1.1366238120112186,0.1054713271052929,0.0703828998302258,0.0720521983428546,1.4638181053856976,2.1514497262575807,0.110557173150994,0.1688923886338427,0.1868069076406107,0.9041013618069916
2023-01-23 00:00:00+00:00,158.5500030517578,159.9499969482422,148.5,150.5,91132,39.0761514769598,0.3941440394981791,159.66000061035157,161.51100006103516,157.7886363692495,176.46384318986557,142.85615803083758,-3.296061417707876,-3.499178603274035,0.2031171855661595,0.0451549521510719,-0.0551251479843348,26.6420856,47.79714312,4.415207124489796,27.642799985714284,151.16000470285715,3.856507122530613,0.0,0.0,0.0,0.0,5.145999908447266,5.249170780181885,5.064700126647949,5.206299781799316,0,40.59446584080911,0.1888918580943546,5.080699920654297,5.165599822998047,-0.005300148044204,0.1814093693905185,256.974,-0.0909769525053838,2.2851297401217163,0,0,0,0,1,4,0.4999999999999999,0.8660254037844387,0.4647231720437685,0.8854560256532099,19.809999465942383,0.0765572384623478,20.449999809265137,1.0,825.4588462926476,-0.4390378519150162,151.6999969482422,158.0500030517578,23.05851408571429,19.651429150857144,27.056867932747423,81.19052991716177,919.2623665467618,733.8284464503886,46.358480024093296,824.0341412178742,31.768783859387028,0.4266917420440239,0.3333368142509594,0.3015803841589008,1.4148523919602105,0.0722169456187547,0.0757436960741805,0.0736320984507511,0.9807806286989188,1.414667010248246,0.048934759252925,0.1877937444156904,0.1878661017426807,0.9996147930762022
2023-01-30 00:00:00+00:00,170.39999389648438,171.64999389648438,156.85000610351562,158.9499969482422,117977,64.478308359352,0.3852602324281552,158.575,161.52199981689452,161.22350085651803,173.1579929256243,143.99200707437566,0.6298490710725559,-1.6255814850768269,2.255430556149383,0.0747397705243702,-0.0181504413706867,26.8435142,60.957143282857146,3.7752194897959184,25.642085628571422,105.47428664,4.228735125102042,0.0,0.0,0.0,0.0,5.205900192260742,5.214799880981445,5.054416179656982,5.107200145721436,0,37.87274019104769,0.188974446139146,5.206299781799316,5.284599781036377,0.0064166250808727,0.1918326587351592,256.974,-0.0909769525053838,2.2851297401217163,0,0,0,0,1,5,0.4999999999999999,0.8660254037844387,0.5680647467311558,0.8229838658936564,19.940000534057617,0.0065409575654546,20.01749992370605,1.0,870.2668736590568,0.7326394605926538,158.5500030517578,151.6999969482422,25.031371257142855,0.1200000000000079,26.96559165505865,82.75722389928038,904.519638757489,741.5725238558641,40.73677872540625,842.5272341943472,46.7149692425756,0.4683679066503777,0.3494182823435019,0.3225242077110206,1.452194535884533,0.0868543915674054,0.0832889965408684,0.0761306920364794,1.1408589339657942,1.6778104003279937,-0.0188913617594138,0.1763477280322952,0.1903683505270724,0.9263499855965652
2023-02-06 00:00:00+00:00,175.6999969482422,184.1999969482422,169.85000610351562,170.0500030517578,150944,76.00423375188032,0.4366812667350812,162.089998626709,163.6279995727539,167.24506047539325,184.2004990769609,139.97949817645704,3.863848232572281,1.7370847980245383,2.126763434547742,0.031103305408435,0.0943630869418317,28.060657085714286,31.740000854285714,4.523433184489796,26.88494284285714,94.13428635371427,4.034145522653061,0.4,0.0,0.0,0.0,5.1149001121521,5.205999851226807,4.941699981689453,5.149799823760986,0,50.35203334708659,0.1626321999744226,5.107200145721436,5.349800109863281,0.0087424924163403,0.1925361817000608,256.974,-0.0909769525053838,2.2851297401217163,0,0,0,0,2,6,0.8660254037844386,0.5000000000000001,0.6631226582407952,0.7485107481711011,19.43000030517578,-0.0259095122211518,19.382500171661377,1.0,904.8198133188636,0.9652261941394138,170.39999389648438,158.5500030517578,24.713514257142855,2.034285677142866,26.96038850588436,83.4912279285987,958.8330270397688,726.8108208246106,58.0055515537896,867.4442658441537,70.92106914535994,0.4883934630130017,0.3560064981139247,0.3329178765806351,1.4670087811419206,0.081673256084084,0.0879081631515959,0.0779603923399149,1.0476248663774297,1.938629253080875,-0.0276714885492434,0.1535001925788404,0.1878336924992904,0.8172132611793684
2023-03-06 00:00:00+00:00,182.4499969482422,190.3999938964844,180.3999938964844,190.3999938964844,94,54.80426659773964,0.3804816331581139,183.7999992370605,171.5329995727539,182.8873056281405,199.0649886854012,168.53500978871992,4.120871445403111,5.523751684368095,-1.4028802389649837,-0.0432616682329529,0.0255761844174393,28.6278,10.254285533714288,4.847062619591837,28.7942284,46.18571424228572,4.5956792581632655,0.4,0.0,0.0,0.0,5.199699878692627,5.2399001121521,5.15880012512207,5.194399833679199,0,55.225494226810696,0.144236139025311,5.207799911499023,5.049200057983398,0.0138439877843979,0.1458520541326221,256.974,-0.0909769525053838,2.2851297401217163,0,0,0,0,3,10,1.0,6.123233995736766e-17,0.9350162426854148,0.3546048870425355,18.61000061035156,-0.1184395793341776,19.980000495910645,1.0,947.7182338027196,1.4753757309451738,190.6999969482422,188.6999969482422,25.42065714285714,0.1942857142857205,27.201687497335275,77.32090868990204,1021.0500594805504,898.2300137175612,30.705011440747285,949.9620226338247,66.04077353392768,0.278435406277672,0.3720363789047221,0.3374034802071758,0.825229774910462,0.0548095377761876,0.0634773547335984,0.0731893355557014,0.7488731776467973,0.0014187458588466,-0.408302559134105,0.0648608354614168,0.166109294386736,0.3904708149906385
2023-03-13 00:00:00+00:00,183.1999969482422,184.5500030517578,175.0,182.1499938964844,92,35.6687898089172,0.3652120746738332,185.33999938964843,172.66899963378907,182.3518593115292,197.91484919667624,172.7651495826206,1.935343602255358,3.4499154136672856,-1.5145718114119275,0.004110715333214,0.0549957004746612,27.52208557142857,26.437142782857144,4.338930774693877,28.395657142857143,22.417142527428577,4.827714383877551,0.6000000000000001,0.0,0.0,0.0,5.152200222015381,5.278299808502197,5.10290002822876,5.21560001373291,0,55.72199041861908,0.1273654686287131,5.194399833679199,5.289500236511231,-0.0010006516171971,0.1330089697323628,256.974,-0.0909769525053838,2.2851297401217163,0,0,0,0,3,11,1.0,6.123233995736766e-17,0.970941817426052,0.239315664287558,26.520000457763672,0.3542000791276091,21.52500057220459,2.0,955.497906599121,-0.0090882092143261,182.4499969482422,190.6999969482422,24.973514285714288,0.0685714285714284,27.278717797046365,73.77873022780699,1008.46715554984,927.0382930988516,20.35721561274718,952.1763762199432,63.16256099945679,0.2643184842519951,0.3709949001915913,0.3254920012763622,0.8120582843662265,0.052128838487131,0.0575684712142078,0.0727495572921985,0.716551870030451,0.0014945182046935,-0.4019962941577896,0.0620621718844454,0.1582262286813737,0.3922369159607115
2023-03-20 00:00:00+00:00,184.8999938964844,185.5,177.25,180.8999938964844,74,43.46792970369662,0.3516408641887608,185.614998626709,174.40599914550782,182.49972708894668,197.32478053810985,173.90521671530817,1.3377060012372226,2.0131529463705315,-0.6754469451333089,0.0092794594790441,0.0232429276102601,26.82494274285714,25.09142894457143,3.7789244461224487,27.32351427142857,60.06000026457144,4.094963975714285,0.0,0.0,0.0,0.0,5.245699882507324,5.321486949920654,5.220570087432861,5.2778000831604,0,57.90008315470828,0.1106980319887392,5.21560001373291,5.216800212860107,0.0100007403096942,0.1146083324331094,256.974,-0.0909769525053838,2.2851297401217163,0,0,0,0,3,12,1.0,6.123233995736766e-17,0.992708874098054,0.120536680255323,24.14999961853028,-0.0936148182760014,22.55750036239624,1.0,975.8652031632228,1.091050983474804,183.1999969482422,182.4499969482422,26.902800000000003,0.205714285714291,27.2816078921678,72.89365087534019,1009.0544772394588,927.0499081580332,20.50114227035641,961.6519069972552,50.65090316266812,0.2648542798480263,0.3169128072460487,0.3186136645297778,0.8312709121443337,0.044618714290595,0.0577941097904633,0.0679320958536732,0.6568133540082562,0.0013447112868521,-0.1338703423175229,0.0611831880512056,0.1544830689937132,0.3960510655907855
2023-03-27 00:00:00+00:00,176.89999389648438,186.6999969482422,172.60000610351562,186.6999969482422,83952,42.38804828034154,0.3226554003252849,181.89749908447263,177.09799926757813,180.99779678500795,189.6586330311131,174.1363651378322,-0.2912846411532825,0.8646167664702058,-1.1559014076234884,-0.0432666320393649,-0.0747908121338978,28.484942742857147,19.017143322857144,4.25241723755102,27.253514185714284,43.07714400142858,3.8129966783673472,1.0,0.0,0.0,0.0,5.235700130462647,5.336699962615967,5.201099872589111,5.245100021362305,0,59.36303038749705,0.1190605782329156,5.2778000831604,5.136199951171875,0.0091745757071842,0.113527238017505,256.974,-0.0909769525053838,2.2851297401217163,0,0,0,0,3,13,1.0,6.123233995736766e-17,1.0,-1.6081226496766366e-16,20.600000381469727,-0.1589932699892507,22.47000026702881,1.0,927.8581617654418,1.0084345232238037,184.8999938964844,183.1999969482422,26.12994285714285,0.0457142857142872,27.27979539497725,70.9700052705717,991.4448916180104,912.024861047242,19.855007642692087,948.1344089045298,23.154185141052903,0.2578520514099927,0.2897435482278856,0.2996231216104037,0.8605879326609354,0.0797059996111553,0.0582610051661817,0.066948179579483,1.1905624350980517,1.5590609087090728,-0.60316063638518,0.0538181675514573,0.1389919197374257,0.3872035423432644
2023-04-03 00:00:00+00:00,176.25,178.6999969482422,166.14999389648438,177.5,129463,45.34534974868045,0.3422254709385837,178.75249938964845,178.9539990234375,177.5086068914806,189.2356912509438,168.2693075283531,-2.1725816242296787,-1.0179103587374094,-1.1546712654922693,-0.0036743579361835,-0.0251659456579504,28.320657085714284,9.985714346857144,4.528524817959183,29.1920856,27.34857163285714,4.49318181122449,1.0,0.0,0.4,0.0,5.197100162506104,5.197700023651123,5.036215782165527,5.062300205230713,0,31.44476467347414,0.1216391873071782,5.245100021362305,5.1996002197265625,-0.0097896737547052,0.1195527219899885,256.974,-0.0909769525053838,2.2851297401217163,0,0,0,0,4,14,0.8660254037844387,-0.4999999999999998,0.992708874098054,-0.1205366802553228,18.549999237060547,-0.1048213463888513,22.45499992370605,1.0,892.2304111719131,-0.8879904229651361,176.89999389648438,184.8999938964844,27.099942828571425,0.3028571428571512,27.40316895659162,68.15571922942884,1010.3206078884205,865.4052334614289,36.2288436067479,925.7728098114832,25.180287929008145,0.2414474268795571,0.2863940543652936,0.3067910665663126,0.7870092884770344,0.0712056910738031,0.0604937562477744,0.0672593656824911,1.0586730898297547,2.3503301387540687,-0.5152206699722234,0.1300083616047905,0.1361773604348463,0.954698722626552
2023-04-10 00:00:00+00:00,182.6000061035156,186.8000030517578,173.10000610351562,176.10000610351562,64131,47.521564552249785,0.3585097486585609,178.59499969482422,180.41799926757807,178.5367823346404,189.15763846372812,168.03236092592027,-0.4035340305520378,-1.053422775111722,0.6498887445596842,0.0709677777332293,0.0258427309186268,26.677799971428573,23.691429114857144,3.947115026530612,28.015656971428573,28.40000042171429,4.36534232755102,0.0,0.0,0.0,0.0,5.06309986114502,5.097599983215332,5.004350185394287,5.054399967193604,0,26.138434658620227,0.1142846213946615,5.062300205230713,5.163700103759766,-0.0059871766674106,0.1217003210894606,256.974,-0.0909769525053838,2.2851297401217163,0,0,0,0,4,15,0.8660254037844387,-0.4999999999999998,0.970941817426052,-0.2393156642875575,18.96999931335449,0.0223889998259007,20.56749963760376,1.0,922.9334648591612,-0.5077407142356761,176.25,176.89999389648438,28.93351407142857,2.6228572342857075,27.44268431238756,65.59083414506016,998.8533036246048,860.5903168552646,34.56574669233506,924.6370718305544,37.91269538868165,0.2696638324309368,0.2720142908498862,0.3050003356130399,0.8841427110153665,0.0750273630356599,0.0645373212996689,0.0655345433580836,1.1448519779437138,1.1298118213503217,-0.5249487976998993,0.1303626257834297,0.1313278406037272,0.9926502656073306
2023-04-17 00:00:00+00:00,201.0,201.5,183.0,183.4499969482422,116920,74.49187004477157,0.3816764026419826,181.625,182.32599975585936,184.91580494641423,199.733459476461,163.516540523539,4.017445549773214,1.4352820333005043,2.582163516472709,0.1007666663825492,0.0835579514824798,26.68351408571429,37.22285728428572,3.243132908979592,26.042085685714287,68.70000151314287,3.587346562448979,0.0,0.0,0.0,0.0,5.065299987792969,5.067599773406982,4.895641803741455,4.908699989318848,0,13.659299814576729,0.1110046801969201,5.054399967193604,5.229599952697754,-0.000771317514786,0.1075072645795146,256.974,-0.0909769525053838,2.2851297401217163,0,0,0,0,4,16,0.8660254037844387,-0.4999999999999998,0.9350162426854148,-0.3546048870425354,16.950000762939453,-0.1125908689128971,18.76749992370605,1.0,986.6486978530884,0.0138452010267838,182.6000061035156,176.25,25.73494257142857,14.748571977142854,27.352323110666703,65.79142558816227,1011.2995315632778,853.5358362615244,39.44092382543836,949.441722239568,53.02816855801211,0.3590736554414363,0.2977331610205129,0.3198669685437616,1.1225718174353867,0.0920398009950248,0.0725195138012476,0.0689382743820685,1.3351043156937814,1.8675526307379695,-0.5029552899724592,0.1424065108561452,0.1370032096768167,1.0394391547299002
2023-04-24 00:00:00+00:00,196.75,207.4499969482422,193.5,201.0,16611,69.23076262428184,0.3740849451123663,186.2,184.7229995727539,190.2407672762783,209.67110178057084,162.72889821942914,5.160211142373782,4.057989802655484,1.102221339718298,-0.0211442786069652,0.1288008981937638,25.409228457142856,17.837142451428573,3.625482073469388,26.888514085714284,60.88857051428572,3.346077854489796,0.0,0.0,0.0,0.0,4.939799785614014,5.082099914550781,4.909900188446045,5.047900199890137,0,48.32455559410042,0.1246833932034385,4.908699989318848,5.29670000076294,-0.0036602773227931,0.1063754314584765,256.974,-0.0909769525053838,2.2851297401217163,0,0,0,0,4,17,0.8660254037844387,-0.4999999999999998,0.8854560256532099,-0.4647231720437685,16.889999389648438,-0.0035461841547871,17.839999675750732,1.0,993.1743643283844,-0.2750507797739262,201.0,182.6000061035156,24.76494267142857,0.3085714285714213,27.32239994776655,65.4751123575896,1047.2068300928197,850.2866390134542,49.2300477698413,966.9347790750948,73.91278748433373,0.3543837099522545,0.2963623684555089,0.3104948770095078,1.1413511937844012,0.0709021445908116,0.077776199861291,0.0691115416292927,1.0259087362286912,0.2618559122511928,-0.4938353781500851,0.1817219188954378,0.1361147654022821,1.335063870607475
2023-05-01 00:00:00+00:00,189.25,195.8500061035156,187.1000061035156,191.0,94,48.71266864795008,0.3553990041813842,191.1425010681152,186.05499969482423,190.79433218380404,207.61321629367487,174.6717858425555,2.903033068661557,3.829576911013793,-0.926543842352236,-0.0381194409148666,0.114546505292544,26.11351417142857,6.991428665714287,3.5342664697959187,24.96922837142857,22.71428544571429,3.6041138114285713,0.0,0.0,0.0,0.0,5.033400058746338,5.079599857330322,4.973421096801758,4.986000061035156,0,41.89990609377377,0.1255256778759907,5.047900199890137,5.092700004577637,3.967502752276789e-05,0.1270239425427622,256.974,-0.0909769525053838,2.2851297401217163,0,1,0,1,5,18,0.4999999999999999,-0.8660254037844387,0.8229838658936565,-0.5680647467311557,16.079999923706055,-0.0491454356766762,17.22249984741211,1.0,943.6005115509032,0.0949444552576606,196.75,201.0,28.501371328571427,0.6628571428571404,27.170582426712485,62.716349331017,1029.3482424195026,893.8302768762659,33.8794913858092,957.6010720654184,67.06445960338125,0.355888940935915,0.2972574760088946,0.3195749118214695,1.113632255333015,0.0462351387054161,0.0710820276801431,0.0680118150397439,0.6798102929659333,0.0014817909177249,-0.4018392138786155,0.1816154292155404,0.1368949821930795,1.3266769390613378
2023-05-08 00:00:00+00:00,186.8999938964844,191.0,184.5,188.1000061035156,299,28.284032131194422,0.3396756003791485,193.47749938964844,185.58799957275392,189.9769060164284,203.5942143838336,183.36078439546333,1.0145224568157405,2.311998167447583,-1.2974757106318426,-0.0124174695033849,0.0179737891245397,26.71208562857143,5.440000148571428,3.672300825306123,26.15565695714286,16.460000451428574,3.542645663061225,0.0,0.0,1.0,1.0,4.9878997802734375,5.049499988555908,4.939199924468994,4.951700210571289,0,51.4123443320042,0.1323700142935029,4.986000061035156,5.058300018310547,0.001967428936259,0.1275784559967772,256.974,-0.0909769525053838,2.2851297401217163,0,1,0,2,5,19,0.4999999999999999,-0.8660254037844387,0.7485107481711013,-0.663122658240795,16.979999542236328,0.0544598949180375,16.72499990463257,1.0,925.4727391329944,0.2877198461312837,189.25,196.75,29.499228471428573,1.5428571428571505,27.10510336415961,59.73206875814033,1028.0721904603902,896.3759659722951,32.924056122023735,944.7497388924488,50.92041025057614,0.3299630211245163,0.2936533087248725,0.3217548779990914,1.0255105157111026,0.034777957262,0.0637964809177825,0.0674800646828948,0.515381131770082,0.0047594791633496,-0.3740592740278117,0.150496104146965,0.134300081864113,1.1205956902787484
2023-05-15 00:00:00+00:00,193.0500030517578,193.0500030517578,184.5500030517578,187.6999969482422,69,50.85960699682757,0.2970446529211288,191.92999954223632,185.77099975585932,189.2968609468599,202.56140467613145,181.2985944083412,0.2856577367070372,0.9365778621566304,-0.6509201254495932,0.0329053470096933,-0.0018096735045085,25.43494282857143,1.408571464285714,3.5449656820408166,26.572085614285715,3.0114286199999984,3.743493378163265,0.2,0.0,2.0,2.2,5.007999897003174,5.033299922943115,4.898891925811768,4.920199871063232,0,35.472247720457744,0.1288820535159284,4.951700210571289,4.926700115203857,-0.0062208912278294,0.1341954894863135,256.974,-0.0909769525053838,2.2851297401217163,0,1,0,3,5,20,0.4999999999999999,-0.8660254037844387,0.6631226582407952,-0.7485107481711012,17.1200008392334,0.0082112658100275,16.767499923706055,1.0,949.8446001240154,-0.5311121702775562,186.8999938964844,189.25,31.348514200000004,2.9142856800000057,27.070715122232265,56.0726726201958,1010.4110251788352,895.6350823893135,28.69398569738043,946.7876833850754,31.336504049204365,0.3226611088181567,0.2834673098847023,0.3227396065036425,0.999756746053254,0.0440300433340117,0.0575970169774528,0.0672251723878971,0.6549635385137859,0.0011368298264602,-0.452947045924556,0.1501091577442505,0.128307960489884,1.1699129615341035
2023-05-22 00:00:00+00:00,189.1999969482422,196.5500030517578,186.1999969482422,196.0,59369,47.70932617881941,0.2583286383539742,189.79000015258788,186.67199981689453,189.7166866304424,194.9689692311024,184.6110310740733,0.4725889671724133,0.6138622652365512,-0.1412732980641379,-0.0199430512440003,-0.0257466533397144,24.382085685714287,1.4457142928571451,3.538780170204081,24.4135142,3.422857225714285,3.4270945873469385,0.0,0.0,3.2,5.4,4.887899875640869,5.002099990844727,4.885000228881836,4.996799945831299,0,51.04486334766043,0.1127564918165816,4.920199871063232,5.047699928283691,-0.0018884300480086,0.1226031708636482,256.974,-0.0909769525053838,2.2851297401217163,0,1,0,4,5,21,0.4999999999999999,-0.8660254037844387,0.5680647467311558,-0.8229838658936564,17.209999084472656,0.005243137291804,16.84749984741211,1.0,945.3945345022584,-0.0978660522954762,193.0500030517578,186.8999938964844,26.902085700000004,23.56857148285714,26.899282804668896,52.67591033668087,962.5372972775144,919.6188953775712,10.729600474985748,946.2304238319488,25.249652063630972,0.2094449561896947,0.2829003013516456,0.3227522708598299,0.6489340853973882,0.0547040500552808,0.050129866789504,0.0670315037391388,0.8160945054615384,0.9717854997403992,-0.3937879477669044,0.1247920190443001,0.1246290907797486,1.0013072249059982
2023-05-29 00:00:00+00:00,181.6000061035156,190.3000030517578,180.3000030517578,189.25,74971,40.328487274501136,0.2361460582694679,188.26499938964844,186.91399993896485,188.0453372741288,194.02832275621444,182.50167602308244,-0.9219307259795072,0.0384356675815885,-0.9603663935610958,-0.0541666348775229,-0.0546590300176353,25.24637122857143,0.2800000085714343,3.5428426897959184,24.33851428571429,1.702857131428582,3.6185455051020408,0.0,0.0,3.6,0.0,4.966100215911865,5.035799980163574,4.935100078582764,4.992800235748291,0,48.09909331832137,0.1114729830450434,4.996799945831299,4.976200103759766,0.0065052897775224,0.1083410032928259,256.974,-0.0909769525053838,2.2851297401217163,0,1,0,5,5,22,0.4999999999999999,-0.8660254037844387,0.464723172043769,-0.8854560256532096,17.950000762939453,0.0420996004118362,17.31500005722046,1.0,906.6925532855238,0.7415059302576238,189.1999969482422,193.0500030517578,28.07422845714285,54.1600015,26.73407193247828,49.387326258922656,971.53026375769,892.1719497647059,19.83957849824607,930.4152756133788,28.45462099589656,0.2217635268730642,0.2906872469082476,0.3090645955957666,0.7175312955865104,0.0550660774444016,0.046962653360222,0.0651185628422368,0.845627829986547,1.2491075839327206,-0.3019960960532423,0.0769784009429601,0.1237519917390577,0.6220376225127741
2023-06-05 00:00:00+00:00,183.1000061035156,187.8000030517578,175.5500030517578,180.0500030517578,120190,34.85540377275403,0.2605869193718945,186.05000076293945,186.82000030517577,185.1562810105251,194.942101625562,177.15789990031692,-2.1204910992878183,-1.3846434818003637,-0.7358476174874546,0.0082599116166601,-0.0177037977522758,23.990657028571427,12.380000028571432,3.132711953877551,25.59351428571429,4.588571468571443,3.434639151836735,0.2,0.0,0.6000000000000001,0.6,5.018099784851074,5.121399879455566,4.911917209625244,4.956600189208984,0,57.808629897771006,0.1145471686899181,4.992800235748291,4.982600212097168,-0.0084563491099627,0.1170416565157749,256.974,-0.0909769525053838,2.2851297401217163,0,1,0,6,6,23,1.2246467991473532e-16,-1.0,0.3546048870425358,-0.9350162426854148,14.729999542236328,-0.1977039580403027,16.75250005722046,0.0,907.5535248968516,-0.7546579584908862,181.6000061035156,189.1999969482422,28.96137125714285,70.73428552857143,26.66048756817092,46.49708401438387,974.2788857606088,880.4637206437159,23.45379127922325,921.270575326768,36.89826290353801,0.1809484335619531,0.269520798069891,0.2829770899816147,0.6394455013275262,0.0669033292826569,0.0510962914756702,0.063190162951105,1.0587616105185382,2.0169711534020736,-0.023437052582847,0.0696940882630125,0.1163105403686454,0.5992069338690057
2023-06-12 00:00:00+00:00,185.5500030517578,196.6000061035156,181.5500030517578,183.1000061035156,138927,46.096263212316174,0.2945547479207038,186.2950012207031,188.21300048828124,186.2769478445505,196.3370648253566,176.25293761604962,-0.2990998457229352,-0.99425546921637,0.6951556234934347,0.0133806491893675,-0.0013455328089007,25.07494282857143,1.9114285742857149,3.436789359591837,24.3578,24.28000003428572,3.144967550408164,0.0,0.0,5.0,4.2,4.925600051879883,4.95419979095459,4.85830020904541,4.877900123596191,0,38.874834748571175,0.1107947481400902,4.956600189208984,4.929500102996826,-0.0113344556022442,0.1185382982174493,256.974,-0.0909769525053838,2.2851297401217163,0,1,0,7,6,24,1.2246467991473532e-16,-1.0,0.2393156642875576,-0.970941817426052,15.010000228881836,0.0188304614964187,16.22499990463257,1.0,905.0943828194432,-1.0424686077190362,183.1000061035156,181.6000061035156,28.81137138571429,56.57142961428572,26.51192707990183,45.06372375760335,955.1847334124252,877.1827643396134,19.50049226820295,914.800098323838,1.85266103740409,0.1749338439343033,0.2529638611638708,0.2640359255726618,0.6625380123159867,0.0811102279936891,0.060362745622008,0.0636348270698517,1.2746198737753451,2.241513671543756,-0.0612795170865825,0.0840990339998687,0.1099994401994022,0.7645404940426304
2023-06-19 00:00:00+00:00,184.8999938964844,188.3000030517578,181.25,185.6999969482422,38023,53.49574887660434,0.3118650271211849,185.0625,188.9590002441406,185.8130049437161,193.95068557336296,176.17431442663704,-0.4679832417849638,-0.7047848121420289,0.236801570357065,-0.0301599799846939,-0.0260732791566633,23.94494274285714,6.12285703857143,3.0814794681632653,25.5078,3.0628571028571416,3.4011512226530614,0.0,0.0,1.0,0.4,4.860599994659424,4.875400066375732,4.766300201416016,4.807000160217285,0,15.517853749115758,0.1055398009547783,4.877900123596191,4.964399814605713,-0.0090204576304726,0.1125601688964974,256.974,-0.0909769525053838,2.2851297401217163,0,1,0,8,6,25,1.2246467991473532e-16,-1.0,0.120536680255323,-0.992708874098054,13.539999961853027,-0.1030683962272188,15.30750012397766,0.0,888.8143002845756,-0.8110688105418762,185.5500030517578,183.1000061035156,29.643514028571428,12.082857131428574,26.447144687650106,42.35399042503908,919.7885669173136,884.2888137258835,8.874938297857483,904.4057791081332,1.476740062082385,0.126187138214578,0.2420314842485973,0.2531188486848886,0.4985291845506867,0.0381287359896005,0.0591824841531258,0.0611985442909615,0.6230332796477817,0.655779267144178,-0.009206385502189,0.0922374234971922,0.1084182838170625,0.8507551654781359
2023-06-26 00:00:00+00:00,167.9499969482422,185.75,166.5,185.1000061035156,14125,34.267906256862915,0.35161197927122,180.9525001525879,187.24099975585932,179.97286157907925,195.0323284436984,166.8726718614774,-4.113650897833736,-2.250811779824561,-1.862839118009175,-0.0916711601284941,-0.1066489524029671,23.664942742857143,3.979999974285718,3.169181199591837,23.181371414285717,16.982856905714293,2.974088628979592,0.0,0.0,3.4000000000000004,3.8,4.776899814605713,4.814499855041504,4.737407207489014,4.7855000495910645,0,19.922731544324705,0.0931759863993682,4.807000160217285,5.035200119018555,-0.0004574883750259,0.1006598877761124,256.974,-0.0909769525053838,2.2851297401217163,0,1,0,9,6,26,1.2246467991473532e-16,-1.0,-3.216245299353273e-16,-1.0,14.25,0.0511086420478845,14.382499933242798,0.0,803.7247187246321,0.0452281150027938,184.8999938964844,185.5500030517578,29.045657142857145,28.72857154857143,26.236449637755623,40.71714310121168,974.4780498059872,778.115413556764,49.09065906230582,864.1333549547329,0.8224027498730209,0.3003741095698884,0.2605103686314872,0.2928740881936316,1.025608312317528,0.1146174477510252,0.0711651636922747,0.0628457538743085,1.8237895553351848,0.2762001507612318,0.154118355801501,0.0471294872085017,0.1067064431604828,0.4416741988192653
2023-07-03 00:00:00+00:00,162.5,170.8000030517578,161.0,168.35000610351562,76,19.30758831099644,0.3430750107831229,177.02749938964843,183.72299987792968,173.71564017950664,197.62043320027632,156.43456557902053,-6.176922734500067,-4.48297770024466,-1.6939450342554077,-0.0324501163874491,-0.1122644234315978,24.572085542857145,0.0571428571428635,3.465857536734694,24.062085614285717,0.2971428742857271,3.320515129183673,0.0,0.0,5.6000000000000005,9.2,4.767300128936768,4.871600151062012,4.750400066375732,4.784200191497803,0,38.246177230938976,0.0859708909557889,4.7855000495910645,5.0131001472473145,0.003299404793156,0.0804916593700147,256.974,-0.0909769525053838,2.2851297401217163,0,1,0,10,7,27,-0.4999999999999997,-0.8660254037844388,-0.1205366802553228,-0.992708874098054,13.56999969482422,-0.0488954553568857,14.09249997138977,0.0,777.432531118393,0.4209174318209838,167.9499969482422,184.8999938964844,29.045657114285717,55.97142928,26.09616808785434,38.10940115108743,969.1669255373304,718.3660409361914,62.70022115028473,829.453025420197,0.0,0.2981804327614559,0.2522801957684173,0.2925774509806563,1.0191503875999868,0.0603077110877403,0.0722134904209424,0.0636866133582297,0.946944710014168,0.0017142773362381,0.199540528340198,0.0482904107175633,0.1034370962131425,0.4668577117582548
2023-07-10 00:00:00+00:00,161.75,165.3000030517578,159.25,162.25,62,14.548241617011328,0.3060812255260691,172.12749938964845,181.0970001220703,169.8560097355544,192.56993020221176,151.68506857708513,-6.221783046649932,-5.5630432847558025,-0.6587397618941297,0.0046583850931676,-0.1275619993261114,24.480657,0.0685714285714349,3.6275231902040814,24.768514157142857,0.154285714285727,3.5540163028571428,0.4,0.0,5.6000000000000005,14.8,4.80649995803833,4.929399967193604,4.781799793243408,4.8709001541137695,0,61.11641807877746,0.1030371229198887,4.784200191497803,4.922100067138672,-0.0148137915510984,0.0929472619147576,256.974,-0.0909769525053838,2.2851297401217163,0,1,0,11,7,28,-0.4999999999999997,-0.8660254037844388,-0.2393156642875574,-0.970941817426052,15.06999969482422,0.1048445410300805,14.107499837875366,1.0,787.8680999279022,-1.390402202604456,162.5,167.9499969482422,25.280656942857146,76.56857261085715,26.01051299555037,35.66068402613248,915.9289280543352,712.9908969734163,50.73450777022967,812.8190552232792,7.556671783533659,0.3173603059939187,0.255699852691286,0.2753594722523128,1.1525308785376072,0.0374034191762461,0.0663135083996603,0.0616882081804138,0.6063300299395226,0.0014456359282494,0.1325650353715908,0.0989019525562077,0.1090153599190327,0.907229435901228
2023-07-17 00:00:00+00:00,154.75,162.4499969482422,154.75,159.14999389648438,134,27.319585736855544,0.243366042326573,165.31500015258788,177.95800018310547,165.4599871342594,179.54044016370665,151.08956014146912,-6.085106891459333,-5.934173077046918,-0.150933814412415,-0.0432766615146831,-0.1607917292726639,26.484942714285715,1.8714285542857176,3.783798942857143,26.05137115714286,1.0085714200000122,3.647169859795919,1.4,0.0,3.4000000000000004,6.0,4.898200035095215,4.9197998046875,4.771745204925537,4.788099765777588,0,52.1693419563267,0.1173576125101105,4.8709001541137695,4.809199810028076,-0.0097655557211265,0.1129982403318501,256.974,-0.0909769525053838,2.2851297401217163,0,1,0,12,7,29,-0.4999999999999997,-0.8660254037844388,-0.3546048870425356,-0.9350162426854148,13.479999542236328,-0.1114989208624234,14.092499732971191,0.0,740.9584387540817,-0.885578619607266,161.75,162.5,27.89279977142857,69.92571373885714,26.0131490059757,33.42506385799491,830.7941466372696,724.1977476252349,26.64909975300865,784.0748086356002,6.184883783929635,0.3122676715571234,0.2742449522412319,0.2821813588594734,1.1066204435085616,0.0497576539466377,0.06004299359025,0.0611739940944537,0.8133790599976259,0.0031247230889046,0.1618115111069373,0.1008269770294283,0.1095842076896189,0.9200866617034748
2023-07-24 00:00:00+00:00,163.0,165.4499969482422,152.3000030517578,155.25,74119,50.79365079365079,0.2724129589187666,161.14000091552734,174.97500061035157,162.76767957590445,169.42191414307877,152.8580876879759,-4.692036644423894,-5.664083469952981,0.9720468255290876,0.0533117932148627,-0.0506697559864531,25.36494265714285,2.3371428542857173,3.6724861408163263,25.299228457142856,5.748571382857151,3.76377486,0.4,0.0,1.0,0.2,4.805799961090088,4.825099945068359,4.720375061035156,4.777400016784668,0,46.00824423446488,0.1160303217285926,4.788099765777588,4.7697367668151855,-0.0013983325093578,0.1182727423021616,256.974,-0.0909769525053838,2.2851297401217163,0,1,0,13,7,30,-0.4999999999999997,-0.8660254037844388,-0.464723172043768,-0.8854560256532101,13.90999984741211,0.0314009234402662,14.00749969482422,0.0,778.7162027359009,-0.0488562984303962,154.75,161.75,26.414228228571428,105.339996544,25.96708961572842,31.6394836983086,812.67983546828,729.8078007998589,20.718008667105263,781.9313662757206,39.69954339825892,0.42891979086778,0.3022356101444746,0.2947105078160291,1.4553935639837938,0.0806748091808857,0.068552208228507,0.0624672576646886,1.2914733138950687,1.5910469131187814,0.4454449827704675,0.0907894841322819,0.1095993378752826,0.8283761344601686
2023-07-31 00:00:00+00:00,164.64999389648438,166.0,157.35000610351562,162.39999389648438,86377,56.815277610935325,0.288945150762094,160.20750045776367,172.25399993896485,162.39318390243113,166.59871811941534,153.816282796112,-2.774382329387919,-4.100244768636307,1.3258624392483878,0.0101226619416219,0.0064180180549895,26.21922842857143,5.134286511428575,3.631039191428571,24.640656971428573,3.525714585714291,3.667230375918367,0.6000000000000001,0.0,0.6000000000000001,0.6,4.725500106811523,4.757999897003174,4.695682048797607,4.723299980163574,0,19.73004020677772,0.1137820689149772,4.777400016784668,4.855599880218506,-0.0040733643382761,0.1159156109342372,256.974,-0.0909769525053838,2.2851297401217163,0,1,0,14,7,31,-0.4999999999999997,-0.8660254037844388,-0.5680647467311556,-0.8229838658936566,13.630000114440918,-0.0203347408610037,14.022499799728394,0.0,777.6913129051973,-0.3163594813222262,163.0,154.75,26.57279997142857,91.70000252314286,25.88151331609617,29.82569214265736,812.7968400965322,729.8201870650089,20.74416325788082,780.2353449275113,50.13460287306121,0.3082160720802904,0.3033117954948214,0.2935192075275188,1.0500711833336556,0.0525356466270058,0.0561358480037031,0.0624875980716824,0.8407370396821688,1.6970174442474264,0.5786033546947699,0.0965496344925579,0.1092462899571081,0.8837794463562147
2023-08-07 00:00:00+00:00,163.9499969482422,168.3000030517578,160.0500030517578,165.10000610351562,107906,61.29871076950759,0.3231421371007362,160.7625,169.7430001831055,163.09437084068614,168.28053907145934,153.24446092854063,-1.1942123013680543,-2.3481939352655115,1.1539816338974571,-0.0042514240764701,0.007063844440585,27.533514228571427,1.131428714285717,4.0153253632653065,26.16065714285714,9.968573022857154,3.724266119795918,1.2000000000000002,0.0,4.8,5.4,4.724699974060059,4.918300151824951,4.72075891494751,4.88539981842041,0,60.33227575842728,0.1142949260543522,4.723299980163574,4.918700218200684,-0.0038669355679927,0.1021746779505487,256.974,-0.0909769525053838,2.2851297401217163,0,1,0,15,8,32,-0.8660254037844385,-0.5000000000000004,-0.663122658240795,-0.7485107481711013,15.770000457763672,0.1458361758977529,14.197499990463257,1.0,800.9612853209692,-0.2957166042938862,164.64999389648438,163.0,26.129942685714287,93.96857135571427,25.899522595242043,28.544587683315413,824.2898914150189,724.8737284430556,24.85404074299084,788.5257210848945,56.00812708012808,0.3040130900186628,0.316345680616039,0.296273850835092,1.0261218764347169,0.0503202205157982,0.0541383498893147,0.0627726733829425,0.8016260864430714,1.91693506410416,0.4979557661708103,0.1530644201196106,0.1232667455682176,1.2417331778875491
2023-08-14 00:00:00+00:00,151.10000610351562,163.60000610351562,150.6999969482422,162.14999389648438,129547,35.41381814808956,0.3325478099198322,160.60250015258788,167.49900024414063,160.97012175744848,168.87989162564222,152.32510867953354,-2.2948218323666083,-1.890969704914527,-0.4038521274520812,-0.0783774997494096,-0.0669959311465385,28.383514285714284,0.4228571657142914,4.552472265306123,28.127800000000004,0.9314285800000134,4.233910245510205,2.2,0.0,4.8,3.4,4.89900016784668,4.961900234222412,4.838523864746094,4.910999774932861,0,78.04648399706429,0.1149761891362766,4.88539981842041,4.7947998046875,-0.0063254180671412,0.1231334639648762,256.974,-0.0909769525053838,2.2851297401217163,0,1,0,16,8,33,-0.8660254037844385,-0.5000000000000004,-0.7485107481711011,-0.6631226582407952,14.81999969482422,-0.0621318307266636,14.53250002861023,0.0,742.0520959667192,-0.5415648542087361,163.9499969482422,164.64999389648438,28.58994285714286,123.91714294285714,26.043282427807075,26.763093547617647,823.5792388935448,726.1312095708485,24.362007330674107,769.9362710376245,50.4520671285275,0.3986961157313516,0.3453264678785198,0.3086921166117102,1.2915655481970012,0.0853739816955129,0.0637324623931681,0.0630560724871604,1.3539372940413303,2.2118074496352333,0.5125301600905596,0.1433701795726366,0.1240473365840157,1.1557698211265957
2023-08-21 00:00:00+00:00,147.5500030517578,151.8000030517578,145.0500030517578,150.85000610351562,36248,19.75086339842308,0.3009220888712406,158.07999954223632,163.77699981689454,155.83853944068895,171.7179259045867,144.44207317988594,-4.510417983857593,-3.3214595222672902,-1.1889584615903028,-0.023494393834278,-0.0883534291781975,27.306371314285716,3.260000110000004,4.305351042448979,28.84637141428572,2.308571522857158,4.550139573469388,0.8,0.0,1.4,4.8,4.962100028991699,4.99560022354126,4.950191020965576,4.966899871826172,0,83.14171995302101,0.1153653004814172,4.910999774932861,4.796899795532227,0.0039785370924352,0.111802365310018,256.974,-0.0909769525053838,2.2851297401217163,0,1,0,17,8,34,-0.8660254037844385,-0.5000000000000004,-0.8229838658936564,-0.5680647467311559,17.1299991607666,0.144853664068219,15.337499856948853,1.0,732.8660912457271,0.4888306617489037,151.10000610351562,163.9499969482422,26.819228542857143,106.03714462,26.22412687854764,25.185382449246006,826.6713832041559,700.1140095151505,31.639343422251304,755.1081991208656,25.18666330794518,0.347860772745296,0.3431948832384934,0.3050490825810058,1.14034357487204,0.0457472033913291,0.0629303722821063,0.0617831481030367,0.740447798330992,0.6723811396421302,0.5226837980245987,0.1227966025142848,0.1133034194803319,1.08378539888416
2023-08-28 00:00:00+00:00,151.8000030517578,154.25,146.10000610351562,147.89999389648438,5643,29.72398765560885,0.2988665268795786,155.43500061035155,160.2920001220703,154.0869814358794,169.2951703542691,141.574830866434,-3.404534495816705,-3.670233175978453,0.2656986801617482,0.0288037947278738,-0.0386319891103071,28.243514142857144,10.425714625714289,4.500881879591836,27.56851417142857,11.80857185428572,4.321129675510204,2.4,0.0,0.2,0.0,4.978700160980225,4.9791998863220215,4.853884220123291,4.870399951934815,0,45.22693524025689,0.119668653065566,4.966899871826172,4.741600036621094,-0.0017300123006177,0.1142193798232055,256.974,-0.0909769525053838,2.2851297401217163,0,1,0,18,8,35,-0.8660254037844385,-0.5000000000000004,-0.8854560256532096,-0.4647231720437691,15.079999923706056,-0.1274619058234719,15.699999809265137,1.0,739.326727566986,-0.0820242775563861,147.5500030517578,151.10000610351562,26.444228400000004,142.15714488,26.31086154260447,24.322362410861476,817.1514168846644,690.4516831655363,31.67493342978203,748.7956104993139,30.39137720554534,0.2884492763470249,0.3499618924122435,0.2978218624233436,0.968529524040478,0.0536890232716632,0.0575332151002618,0.0607162311148369,0.8842613160145635,0.1106785262476369,0.4928290080447203,0.150154633544804,0.1172427090298946,1.280716063114482
2023-09-04 00:00:00+00:00,150.9499969482422,153.6999969482422,149.85000610351562,152.35000610351562,129,49.58675184681697,0.2623683703291443,152.97250061035157,158.33800048828124,153.4181954859794,163.25700399249223,142.68799722821092,-2.535943592900338,-3.1270898052276053,0.591146212327267,-0.0052718487759987,-0.0837632962170428,27.97351408571429,19.208571622857143,3.603891592244898,26.81851407142857,26.811429551428574,4.38835629122449,2.4000000000000004,0.0,0.0,0.0,4.872600078582764,4.976900100708008,4.822085857391357,4.97629976272583,0,51.95158235521565,0.1159242201781225,4.870399951934815,4.916399955749512,-0.0020306432325146,0.1278596854517484,256.974,-0.0909769525053838,2.2851297401217163,1,1,1,19,9,36,-1.0,-1.8369701987210292e-16,-0.9350162426854148,-0.3546048870425359,13.09000015258789,-0.1415207659418925,15.029999732971191,0.0,751.1724339970024,-0.1120873707460762,151.8000030517578,147.5500030517578,26.37137142857143,182.08572123142855,26.34361331865764,24.48294738767225,756.5439569925605,726.1647173956568,7.594809899225924,749.7463398983894,21.187519833162117,0.3005671111318971,0.2870089396444081,0.2715712849260288,1.1067705488305246,0.0255050740149842,0.0521271005778575,0.0573894947658348,0.4444205280922361,0.0028573991686955,0.4970553886756466,0.1440936313283193,0.1132838805760011,1.271969302922627
2023-09-11 00:00:00+00:00,151.5500030517578,152.5,146.25,147.9499969482422,68,57.968125552447056,0.2618387859040539,150.2025001525879,156.61100036621093,151.90695009194235,154.98662767931938,145.41837262585642,-2.377186482117565,-2.6648402266541726,0.2876537445366072,0.0039748666157399,-0.0522200823230309,28.41065711428572,6.33999997714286,4.5802557591836734,29.16637117142857,28.677142665714285,3.658032373877551,2.2,0.0,0.8,0.8,4.936200141906738,4.992099761962891,4.923482894897461,4.982999801635742,0,50.5430207054873,0.1092750223956709,4.97629976272583,4.891499996185303,0.0045315958336973,0.1034771461878766,256.974,-0.0909769525053838,2.2851297401217163,1,0,2,0,9,37,-1.0,-1.8369701987210292e-16,-0.970941817426052,-0.2393156642875577,13.800000190734863,0.0528200144058884,14.774999856948853,0.0,755.1736351448053,0.5441365358751138,150.9499969482422,151.8000030517578,24.17994285714286,205.82000602285717,26.525726728513828,24.753540631416904,765.3063077417358,723.9631362355245,10.335792876552835,751.9172579969558,70.83210649962132,0.2711599930568537,0.2798215604837787,0.271318154059756,0.9994170275939672,0.0412405138511642,0.0503111592449307,0.0559064132288525,0.7376704047466336,0.0015343375723165,0.4745245630769585,0.1097541684798263,0.1034448018123114,1.0609924901691776
2023-09-25 00:00:00+00:00,148.8000030517578,167.5,148.14999389648438,162.5,103666,47.26316841104016,0.3719473229246395,153.04000015258788,155.44100006103517,153.910938558442,162.4725644219833,143.6074358831925,-0.1327954607262427,-0.2553913551664756,0.1225958944402329,-0.0623818152921145,-0.0274509604460273,32.873514285714286,0.9599999985714308,5.628407889387755,31.27708571428571,4.625714268571436,5.335992544081633,6.2,0.0,3.2,5.4,4.853700160980225,4.965199947357178,4.835390090942383,4.933899879455566,0,49.60946228202263,0.105903147635818,4.867000102996826,4.880300045013428,-0.0002464710134256,0.1159325624412828,256.974,-0.0909769525053838,2.2851297401217163,1,0,4,0,9,39,-1.0,-1.8369701987210292e-16,-1.0,-1.8369701987210292e-16,16.899999618530273,0.1882562697415957,14.447499990463257,1.0,734.1643171200558,0.0663298511628238,158.6999969482422,151.5500030517578,25.642085628571422,105.47428664,27.016427122158603,22.596095388968536,784.6100702787508,721.8415735985263,15.69212417005608,749.7302360851724,46.37953015751335,0.2115394150042696,0.2715939936934399,0.2770983321621785,0.7634091685776344,0.1300403609318813,0.0631384613877937,0.0616186432205395,2.1104057640866203,2.0948170121785576,-0.2277534833313606,0.1433969924804538,0.1104690404514518,1.2980739120544256
2023-10-02 00:00:00+00:00,149.10000610351562,152.14999389648438,144.9499969482422,148.8000030517578,106092,48.23009969857159,0.392493830382793,152.1599998474121,154.645,151.73670616835017,162.56670897324074,141.75329072158348,-1.5287146827178333,-0.8673164031399021,-0.6613982795779312,0.0020161495000337,-0.0235755790220925,30.9220856,17.374285865714285,5.333303862040816,33.28494282857143,7.331428617142862,5.737013189795919,4.2,0.0,0.8,0.0,4.968299865722656,5.076099872589111,4.936555862426758,5.042799949645996,0,67.71879055919715,0.1018619589361919,4.933899879455566,4.953800201416016,-0.0002026442031341,0.1023425847059531,256.974,-0.0909769525053838,2.2851297401217163,1,0,5,0,10,40,-0.8660254037844386,0.5000000000000001,-0.992708874098054,0.1205366802553232,17.610000610351562,0.0411533578106329,15.577500104904177,1.0,751.8815032710263,0.0707125321919738,148.8000030517578,158.6999969482422,26.88494284285714,94.13428635371427,27.42084749031427,21.61127817788301,784.7334446916167,722.0727338226724,15.66517771723606,750.590742959514,50.459442686480735,0.2245228935677995,0.2492274683456335,0.2763218337902108,0.8125412399110289,0.04828971598595,0.0620585999306511,0.0618316268531364,0.7809871846130902,1.936407665539851,-0.4805135497101036,0.1368360820058036,0.1153918168416691,1.1858385966413243
2023-10-09 00:00:00+00:00,146.0500030517578,149.89999389648438,144.4499969482422,149.14999389648438,75493,17.25195882974802,0.3875590401577368,151.37250061035155,153.15000030517578,149.64051968417257,162.6960888738766,140.0489123468265,-2.1657885997498454,-1.6257460416578793,-0.5400425580919661,-0.0204560893823189,-0.0013675005008012,31.266371314285717,39.84285761142858,4.6956093567346935,29.63494268571429,53.7200004,5.0159916993877545,5.6,0.0,0.0,0.0,5.061500072479248,5.2153000831604,5.059925079345703,5.145699977874756,0,88.9542117784761,0.1099017484486643,5.042799949645996,4.976099967956543,0.0019849448532683,0.0969073759709067,256.974,-0.0909769525053838,2.2851297401217163,1,0,6,0,10,41,-0.8660254037844386,0.5000000000000001,-0.970941817426052,0.2393156642875573,17.700000762939453,0.005097725516219,16.552500247955322,1.0,751.5294974720382,0.2894714378322138,149.10000610351562,148.8000030517578,28.428514199999995,55.32571585657144,27.5636923416304,23.682808643826043,783.7596942835959,721.2244153943096,15.633819722321569,750.9662447645238,47.52156946172264,0.2187816905287288,0.2492780634382919,0.2766983666882336,0.7906865705079228,0.0373159660004306,0.0644207783277404,0.0609622226503939,0.612116131218982,1.3579282030063615,-0.4812666423592864,0.1350779766223093,0.1172337106373372,1.152210949955033
2023-10-16 00:00:00+00:00,154.14999389648438,156.14999389648438,143.6999969482422,145.6999969482422,122240,57.63884768080928,0.3671383171846945,150.45999984741212,151.77600006103515,150.22316084250335,161.13030213434757,139.7896975604767,-0.5888588083789159,-1.4071442748940388,0.8182854665151229,0.0554603949022585,-0.0259084113966232,30.774942742857142,17.065714334285715,5.035503914693877,31.20922857142857,66.92857220285714,4.838212675510205,4.4,0.0,0.6000000000000001,0.6,5.135200023651123,5.136000156402588,5.019015789031982,5.048200130462647,0,61.08803167801091,0.1175422942840764,5.145699977874756,4.868199825286865,-0.0037436850324701,0.1158843680074627,256.974,-0.0909769525053838,2.2851297401217163,1,0,7,0,10,42,-0.8660254037844386,0.5000000000000001,-0.9350162426854148,0.3546048870425355,17.209999084472656,-0.0280741256576649,17.355000019073486,1.0,778.1800192990487,-0.2833915507416262,146.0500030517578,149.10000610351562,27.3213714,78.05714394571429,27.79888822742383,26.47285790569902,790.246851674614,717.6308169064704,18.1540086920359,761.8517545783338,53.48838851155236,0.2468683763947857,0.2536315381098378,0.2812719411578355,0.8776857250734387,0.0807654715614369,0.0723257698697949,0.0622471923562457,1.297495606295841,2.1091244131492264,-0.4782375244814933,0.1595426951396154,0.121839413129052,1.3094505131613123
2023-10-23 00:00:00+00:00,165.85000610351562,167.0,152.4499969482422,154.0,150351,83.7944540071481,0.2608100737378344,151.94250030517577,151.90400024414063,155.06418193768278,165.41915831614514,138.4658422942064,2.8926081404427464,0.7239853324892971,2.168622807953449,0.0759001795023626,0.0972544677514086,30.48208557142857,15.588571332857144,5.227064996734694,29.91637141428572,36.47142864857143,4.947440354897959,3.8,0.0,0.8,0.0,5.037600040435791,5.095399856567383,4.999200820922852,5.031300067901611,0,45.22454457715047,0.1141849640332337,5.048200130462647,4.934899806976318,0.0004557637612739,0.115932054863982,256.974,-0.0909769525053838,2.2851297401217163,1,0,8,0,10,43,-0.8660254037844386,0.5000000000000001,-0.8854560256532101,0.464723172043768,20.3700008392334,0.1685727144121517,18.222500324249268,1.0,834.4411469701008,0.1365533286327738,154.14999389648438,146.0500030517578,27.37565694285714,50.86571351657143,27.93550004593105,27.11792698588434,857.020299431014,700.995784075093,39.006128838980246,790.8875115350407,99.65141328400468,0.3232626484122199,0.22647039359182,0.3076989356723173,1.0505809427000024,0.0877298915664579,0.0768282812092313,0.0632885204704357,1.3861894234918213,2.5283629652358663,-0.698525423562247,0.1263369105909196,0.1213125689285257,1.0414164112804338
2023-10-30 00:00:00+00:00,159.10000610351562,169.0500030517578,158.60000610351562,165.60000610351562,102222,68.58976428091447,0.2578590783435491,155.4,153.26400024414062,157.77957887143523,170.88561228726294,139.91438771273707,2.959817851538588,2.444186229092604,0.5156316224459849,-0.0406994256954502,0.0886076821611332,30.574942714285715,32.96571475371429,4.990587576326531,29.712085614285712,35.039999885142855,5.198224316938776,4.0,0.0,0.0,0.0,5.01230001449585,5.047800064086914,4.930200099945068,4.952030181884766,0,12.796146105525224,0.1083328982870196,5.031300067901611,5.032800197601318,-0.0062610412478524,0.1133460558559202,256.974,-0.0909769525053838,2.2851297401217163,1,0,9,0,10,44,-0.8660254037844386,0.5000000000000001,-0.822983865893657,0.5680647467311548,19.75,-0.0309097800910623,18.757500171661377,1.0,787.8680321626598,-0.5351271722798562,165.85000610351562,154.14999389648438,28.7942284,46.18571424228572,28.05011846969587,27.629028463255857,857.1260844132854,718.8832635386383,34.56070521866176,789.6797197860884,63.85837342636904,0.341242415181295,0.2727259655347244,0.3194027880866757,1.068376411307119,0.0656819393296759,0.0639565968887903,0.0625171060372351,1.050623309151943,1.7737482756523415,-0.5383220078637541,0.1401701520681689,0.121265688544381,1.1558928349129929
2023-11-06 00:00:00+00:00,173.6999969482422,174.10000610351562,158.75,159.0500030517578,129379,66.73367247226886,0.3555278394876919,160.62249984741212,154.96800018310546,161.766661756641,175.33176883377732,145.9132308610469,4.249761316953425,3.2197485885085384,1.0300127284448863,0.0917661237248936,0.1893186807170805,29.70922842857143,65.78857014114286,4.502851360816327,29.901371342857143,92.79428614171428,4.793386409999999,3.2,0.0,0.0,0.0,5.04610013961792,5.06790018081665,4.877799987792969,4.899199962615967,0,32.02316921803889,0.1144121983424687,4.952030181884766,5.164999961853027,-0.0066959647482293,0.1067555619369135,256.974,-0.0909769525053838,2.2851297401217163,1,0,10,0,11,45,-0.5000000000000004,0.8660254037844384,-0.7485107481711011,0.6631226582407952,14.890000343322754,-0.2824636215939433,18.0550000667572,0.0,850.9910185552217,-0.5786195223175462,159.10000610351562,165.85000610351562,28.395657142857143,22.417142527428577,28.16955413893208,31.833238636059622,883.5526272432509,742.1874812502646,35.341286498246575,814.2042392937418,75.81970889611308,0.3992097959444915,0.3159875194853374,0.3460450962226327,1.1536351439908952,0.08837079086472,0.0719728118645443,0.065029208780991,1.358939758485182,2.080105083257568,-0.5192624352802476,0.1131904505515158,0.1200634765008947,0.942754986135375
2023-11-13 00:00:00+00:00,178.64999389648438,179.4499969482422,169.14999389648438,173.39999389648438,124503,59.03614837537162,0.3931721021000814,166.79750061035156,157.30600006103515,167.26063348210428,180.26939784013769,153.32560338056547,5.774554809406652,4.628353180285815,1.1462016291208368,0.0284973922579696,0.1533247316708836,32.26779988571428,12.182856705428575,5.704004102448979,30.139942828571428,105.11999738228572,4.805692725918368,5.6,0.0,1.2000000000000002,1.2,4.884099960327148,4.949699878692627,4.852466106414795,4.893379211425781,0,36.46350664083065,0.1119906491245347,4.899199962615967,5.045899868011475,-0.0109013312123011,0.1172336613144122,256.974,-0.0909769525053838,2.2851297401217163,1,0,11,0,11,46,-0.5000000000000004,0.8660254037844384,-0.6631226582407955,0.7485107481711007,14.760000228881836,-0.0087690350739617,17.442500352859497,0.0,874.2021662543993,-0.999156168724726,173.6999969482422,159.10000610351562,27.32351427142857,60.06000026457144,28.29667598987656,36.56141661968712,909.9069619273062,763.8442200438847,36.5156854708554,838.2034100780048,75.38007374602077,0.3862672077860976,0.3173512586758041,0.3054601180002416,1.2645421525711928,0.0576546510140155,0.0760405488672612,0.0621810689441406,0.927205702972904,1.8385727702855643,-0.5258655964430289,0.0558872161035569,0.1197726963723632,0.4666106143565655
2023-11-20 00:00:00+00:00,177.89999389648438,182.1999969482422,170.0,178.85000610351562,35005,58.25544497554435,0.4175387546854738,170.4,159.98300018310547,170.82241190497015,184.43664214165247,156.36335785834754,5.185124210165526,5.229024151586346,-0.0438999414208201,-0.0041981529561908,0.0765506438516452,33.284942685714284,8.688571454857144,6.694335682040816,34.14708554285714,7.394285422285726,6.286883658367346,6.0,0.0,0.6,0.0,4.906199932098389,4.907800197601318,4.819177150726318,4.819177150726318,0,20.13887320196476,0.1173184919634605,4.893379211425781,5.062900066375732,-0.0082466158322041,0.1150982855256464,256.974,-0.0909769525053838,2.2851297401217163,1,0,12,0,11,47,-0.5000000000000004,0.8660254037844384,-0.5680647467311559,0.8229838658936564,13.40999984741211,-0.0959201487643032,15.702500104904177,0.0,857.331585700289,-0.7336846307150261,178.64999389648438,173.6999969482422,27.253514185714284,43.07714400142858,28.67412176748821,34.679666219854774,918.1558079357736,767.0405934005113,37.77880363381558,845.8546803269186,57.64146429873545,0.4164095328564446,0.3267018054306927,0.3016203031931844,1.380575228664188,0.0685778379247222,0.0736030221399183,0.0625945752859897,1.0955873836593943,0.5039326323911134,-0.4914332070351462,0.0486751671911123,0.1226581710062797,0.3968358799371104
2023-11-27 00:00:00+00:00,179.6999969482422,182.8999938964844,174.5,176.64999389648438,1104,60.09019029967442,0.4252598732503196,174.42499923706055,162.39099975585938,173.87028779510737,185.36081321514555,163.48918525897557,4.71883409968197,4.969560500594691,-0.2507264009127201,0.010118061346338,0.1164958083598446,29.210657057142857,47.74000006314286,5.237222094693878,32.50351428571428,33.26000047085714,6.373611157346938,2.6,0.0,0.0,0.0,4.851799964904785,4.919300079345703,4.844200134277344,4.900899887084961,0,52.719433389628,0.1266285120156131,4.819177150726318,4.985300064086914,-0.0088877679480353,0.1182751568530979,256.974,-0.0909769525053838,2.2851297401217163,1,0,13,0,11,48,-0.5000000000000004,0.8660254037844384,-0.4647231720437684,0.88545602565321,12.6899995803833,-0.0551864372553486,13.9375,0.0,880.691694752808,-0.7977998422981463,177.89999389648438,178.64999389648438,29.1920856,27.34857163285714,28.92117934930925,34.588074881209764,893.6938724944797,837.9143601368793,13.944878089400111,859.7894860972744,86.67040330707009,0.3691578038361233,0.3276064052070334,0.3034439364310384,1.2165601198441411,0.0467445411192956,0.0654059520504859,0.0630616313831421,0.7412515769339221,0.0158812930882546,-0.493478507291382,0.098543210239747,0.1222220290961972,0.806263837262498
2023-12-04 00:00:00+00:00,188.8999938964844,195.6999969482422,180.5500030517578,183.3500061035156,122,62.412763959668105,0.3836881994607445,179.7499984741211,165.65199951171874,179.87952807353713,192.7043695528332,166.795627395409,6.474933193052522,5.619873993380986,0.855059199671536,0.0511964223955554,0.1053247550781235,29.944942714285716,26.957143993142857,4.873966026122448,29.19994282857143,96.745715008,4.943331467346939,3.2,0.0,0.0,0.0,4.895500183105469,4.942699909210205,4.856947898864746,4.902159214019775,0,49.29329859593759,0.0969497310230333,4.900899887084961,4.952899932861328,-0.0003264715324616,0.1263282738818967,256.974,-0.0909769525053838,2.2851297401217163,1,0,14,0,12,49,-2.4492935982947064e-16,1.0,-0.3546048870425359,0.9350162426854148,13.079999923706056,0.0302700915366082,13.484999895095823,0.0,926.0178456079304,0.0583297992592238,179.6999969482422,177.89999389648438,28.015656971428573,28.40000042171429,28.93916408990681,38.59824521197043,943.2394734882972,825.8821726694159,29.339325204720367,886.2808299015369,84.48938806411569,0.2565932799387686,0.2929114825282662,0.2890566724635359,0.8876919147895415,0.0802011349179102,0.0683097911681327,0.0645838054317058,1.2418147546999454,0.0017550131158457,0.3520140303958822,0.0892161748942913,0.1185884133929621,0.7523177418309961
2023-12-11 00:00:00+00:00,194.0,194.0,185.1499938964844,188.5,60,67.22605507804275,0.4254802184358488,183.0849983215332,169.6759994506836,183.3870506449896,197.0713872397171,169.0986094033493,5.6670453603721,5.780109244002085,-0.1130638836299846,0.0269984450412972,0.1117478510028653,29.970657085714286,25.745715124857146,5.209087274693878,30.54779982857143,53.00000216228571,4.982195041020408,3.4,0.0,0.0,0.0,4.9430999755859375,4.964700222015381,4.87221622467041,4.893286228179932,0,57.62067847977087,0.0893725525814278,4.902159214019775,4.933899879455566,-0.0042626483236738,0.0878628876233811,256.974,-0.0909769525053838,2.2851297401217163,0,0,0,0,12,50,-2.4492935982947064e-16,1.0,-0.2393156642875578,0.970941817426052,12.630000114440918,-0.0350093947727439,12.952499866485596,0.0,949.2975282669069,-0.3352878798619962,188.8999938964844,179.6999969482422,26.042085685714287,68.70000151314287,29.0429470407884,39.52739082166819,987.0492492394842,819.6200779244828,41.85729282875037,911.487509247685,84.499155182129,0.182836233214863,0.2929322676794633,0.2826891554293221,0.6467748169166238,0.0456185881624515,0.059759350627679,0.0628309943807841,0.7260521873243089,0.0009116850675101,0.3484549591117467,0.0822754178433762,0.1185568662634864,0.6939742378208704
2023-12-25 00:00:00+00:00,192.8000030517578,203.8999938964844,188.5500030517578,193.1999969482422,86169,52.91045260498095,0.4786560901824386,192.18249969482423,178.56899963378908,191.53729833613465,207.21545772175577,177.1495416678927,5.447787160536507,6.298780480565213,-0.8509933200287065,-0.0445986118131607,0.079205203687118,29.156371314285717,26.457143357142854,5.4485573322448975,31.622085685714293,37.36857312857143,5.607311084693878,1.8,0.0,0.0,0.0,4.895899772644043,4.914599895477295,4.853300094604492,4.86984395980835,0,39.22066659275991,0.0876284486379531,4.919657230377197,4.902500152587891,0.0010285139550454,0.0857050718856669,256.974,-0.0909769525053838,2.2851297401217163,0,0,0,0,12,52,-2.4492935982947064e-16,1.0,6.432490598706546e-16,1.0,13.029999732971191,0.0367371761943434,12.825000047683716,0.0,938.9059303126342,0.1938283480099238,209.5500030517578,194.0,24.96922837142857,22.71428544571429,29.299908014972697,39.38180330421297,1056.0574148604587,866.5103310528488,47.3867709519025,951.1172804876152,62.016276940205536,0.4803369381582381,0.4238274831518376,0.349256530662776,1.3753126491109195,0.0796161338265427,0.0708130834635909,0.0667632586795587,1.1925140185791887,1.408965190781299,0.3692557454367123,0.071812549656256,0.1049965072584586,0.6839517303177091
2024-01-01 00:00:00+00:00,188.3000030517578,201.3500061035156,185.6499938964844,192.8000030517578,53563,52.324729480311646,0.4863626196964516,194.0800003051758,181.47299987792968,192.46861028437783,206.6275286906076,181.53247191974395,3.860332247328017,5.26183337709107,-1.4015011297630524,-0.027376047957994,0.0340472088985972,28.92637128571429,30.400000608,4.848887711020408,28.52565697142857,73.39428719371429,4.960209004897959,3.0,0.0,0.0,0.0,4.869743824005127,4.890900135040283,4.761507034301758,4.850500106811523,0,36.6197203948343,0.0957603499641544,4.86984395980835,4.923099994659424,-0.0024521446293414,0.0919793579940075,256.974,-0.0909769525053838,2.2851297401217163,0,0,0,0,1,1,0.4999999999999999,0.8660254037844387,0.120536680255323,0.992708874098054,12.449999809265137,-0.0455337630527212,12.667500019073486,0.0,913.3491849151616,-0.1542375104287562,192.8000030517578,209.5500030517578,26.15565695714286,16.460000451428574,29.24995633474405,41.57615710353564,1059.7725721854158,856.4608433815075,50.82793220097707,936.0100422586336,47.15261527644053,0.4992607504476373,0.4141596518347093,0.3250301235082816,1.5360445047317943,0.0833776524300732,0.0781397057257465,0.0666634422162867,1.2507250923573223,0.9338292788593602,0.4378023374929222,0.0411533659650842,0.1047531792674166,0.3928602675764546
2024-01-08 00:00:00+00:00,181.3999938964844,192.5500030517578,179.5,188.6499938964844,79330,31.78570114836046,0.4473031931489957,193.0175003051758,183.5409997558594,189.45534002154292,207.41265031420244,178.62235029614914,0.0857602125921062,2.6009426397899302,-2.515182427197824,-0.0366437017708215,-0.0207827589933365,27.71922837142857,69.52571734057143,3.804894819183673,28.56422855714285,62.70285893828572,4.831332871428572,0.0,0.0,0.0,0.0,4.852399826049805,4.933300018310547,4.849503993988037,4.8606672286987305,0,44.958611598577534,0.101379743738165,4.850500106811523,4.910099983215332,6.183689091598078e-05,0.095634768449692,256.974,-0.0909769525053838,2.2851297401217163,0,0,0,0,1,2,0.4999999999999999,0.8660254037844387,0.2393156642875577,0.970941817426052,13.079999923706056,0.0493637326055351,12.77999997138977,0.0,881.7250056187914,0.0971606415969818,188.3000030517578,192.8000030517578,26.572085614285715,3.0114286199999984,29.205715832963328,42.93917012513242,1069.63353962951,812.8136146133559,64.20498125403847,914.2960276026968,35.3616090822464,0.4794397496633639,0.3962869970209798,0.331424633932086,1.4466025941076623,0.0719404823089728,0.076487575203959,0.0679731061621689,1.058366695111323,1.332996149551425,0.4423071148621711,0.0428918126687664,0.1029159254604096,0.4167655132986309
2024-01-15 00:00:00+00:00,180.0,187.9499969482422,179.0,183.9499969482422,84163,32.51928333160738,0.4061335782587591,191.23500137329103,185.18399963378903,187.0638232489312,207.9175844009304,174.55241834565166,-1.451840365667664,0.4783053893814906,-1.9301457550491543,-0.0153173030908814,-0.0583311234763762,28.396371342857144,41.757143231142855,4.45888743510204,28.811371314285715,138.414291756,3.7749434836734688,0.4,0.0,0.0,0.0,4.86899995803833,4.906400203704834,4.831500053405762,4.85290002822876,0,47.39831602019833,0.0998664097488744,4.8606672286987305,4.914599895477295,-0.0071610919220604,0.106218263163393,256.974,-0.0909769525053838,2.2851297401217163,0,0,0,0,1,3,0.4999999999999999,0.8660254037844387,0.3546048870425356,0.9350162426854148,12.699999809265137,-0.0294823617501299,12.81499981880188,0.0,873.5220050811768,-0.6251322397006561,181.3999938964844,188.3000030517578,24.4135142,3.422857225714285,29.18027425111316,49.09885539164001,962.0182651808824,841.7327977829993,30.07136684947082,897.9864185940888,0.0,0.4596053527721805,0.3607671565101067,0.332780465657772,1.3811067246770627,0.0497222052680121,0.0773082986250711,0.0677747652619864,0.7336388070017018,1.3266854302310935,0.5464423716298203,0.0428900947859802,0.0980171728536096,0.4375773057060549
2024-01-22 00:00:00+00:00,192.25,193.1499938964844,175.5500030517578,182.0,105140,54.15351646648413,0.3850047507267873,187.10250015258788,186.5189993286133,186.16778867224104,199.03015677730497,175.1748435278708,-0.965560594894498,-0.8664225067824947,-0.0991380881120034,0.0680555555555555,-0.0501481927004183,29.707799857142856,32.18285645428571,4.863394787755103,28.55208552857143,84.69428427714286,4.563879466530612,3.0,0.0,0.0,0.0,4.862199783325195,4.989999771118164,4.857785224914551,4.904642105102539,0,57.70481473563399,0.1003860817182823,4.85290002822876,4.881800174713135,-0.0034558540939332,0.0992260146900049,256.974,-0.0909769525053838,2.2851297401217163,0,0,0,0,1,4,0.4999999999999999,0.8660254037844387,0.4647231720437685,0.8854560256532099,13.1899995803833,0.0378569564699256,12.854999780654907,0.0,942.9174447059632,-0.2546084568879362,180.0,181.3999938964844,24.33851428571429,1.702857131428582,29.13974594643305,51.39533467457567,966.3557178805924,839.401102279954,31.7386539001596,915.9588290388386,51.48817825251205,0.4427944860486846,0.3960052845275713,0.3503989724949842,1.2636865635162708,0.0915474166175635,0.0752407780902329,0.0710768823921153,1.288005335299648,1.530664981780001,0.4663993961928659,0.0555026409748461,0.0928538891518216,0.5977416293966934
2024-01-29 00:00:00+00:00,189.25,195.75,184.3500061035156,192.25,107759,57.11695220725149,0.3628661108313011,185.8999992370605,187.78399932861328,187.8486214139264,194.8135623342745,176.98643613984655,0.5918447016536561,-0.1091197474590666,0.7009644491127227,-0.0156046814044212,-0.0429835651074589,27.094942714285715,55.20571422,4.390629138367347,28.913514185714284,59.002856648571424,4.829847147755102,0.2,0.0,0.0,0.0,4.98829984664917,4.998499870300293,4.901199817657471,4.913599967956543,0,56.24448376005608,0.1113805034424258,4.904642105102539,4.850200176239014,-0.0043654296801831,0.0987147959243197,256.974,-0.0909769525053838,2.2851297401217163,0,0,0,0,1,5,0.4999999999999999,0.8660254037844387,0.5680647467311558,0.8229838658936564,13.600000381469728,0.0306108858752727,13.142499923706056,0.0,929.8987939357758,-0.3455660155129261,192.25,180.0,25.59351428571429,4.588571468571443,29.125150348967324,51.88614254386573,976.0473807907774,837.9842438800761,34.51578422767533,921.5348149976136,56.76923963143413,0.3246856461398135,0.3940008612601152,0.3526702091093281,0.9206494581816692,0.0602377484622689,0.0713651010173781,0.0720267441226706,0.8363246295907842,1.4547548284711969,0.4647805750612758,0.0399208238105803,0.0928863498053948,0.4297813359702975
2024-02-05 00:00:00+00:00,189.5,197.4499969482422,188.5,190.1000061035156,110818,54.52609041000795,0.3435427122535306,187.4324989318848,189.45499938964844,189.68446026870825,198.16593507753203,176.69906278623748,1.3623688061230157,0.910871841634904,0.4514969644881116,0.0013210039630118,0.021288045719624,27.527799942857143,42.994285031428575,4.172479073469388,27.19494275714285,115.04857122857142,4.248909384489797,0.4,0.0,0.0,0.0,4.950200080871582,5.014699935913086,4.900782108306885,4.932938098907471,0,60.02942254204815,0.1045421266876941,4.913599967956543,4.895599842071533,-0.0004476624556307,0.1109833555104255,256.974,-0.0909769525053838,2.2851297401217163,0,0,0,0,2,6,0.8660254037844386,0.5000000000000001,0.6631226582407952,0.7485107481711011,13.670000076293944,0.0051338355257299,13.289999961853027,0.0,934.7917697429656,0.0462107069423138,189.25,192.25,24.3578,24.28000003428572,29.000620826914133,55.961137942879,983.5478348356496,857.017171897291,31.632665734589672,926.8375968957544,77.78071774819148,0.307765445664405,0.3911280291634872,0.3521432248740633,0.8739780157198561,0.0472295353469244,0.0641354776007483,0.071127354146553,0.6640135749950083,1.392009305351784,0.4831301768734266,0.0325251185610138,0.0845802502874902,0.3845473926240033
2024-02-12 00:00:00+00:00,195.6000061035156,198.6499938964844,186.0,188.8500061035156,150274,53.22778192236935,0.3435523262672864,189.87749938964845,190.5919998168945,190.7258347264227,199.4196243082544,180.33537447104248,1.5508633888983354,1.1150690474630252,0.4357943414353102,0.0321900058233013,0.062754701767159,28.06922837142857,29.991428752857143,4.259463714693878,27.41422844285714,70.47714165999999,4.105576700612245,0.4,0.0,0.0,0.0,4.949943065643311,4.998600006103516,4.933596134185791,4.953100204467773,0,43.37355454099893,0.0990982351787936,4.932938098907471,4.869699954986572,0.0036430279684586,0.1010446334422174,256.974,-0.0909769525053838,2.2851297401217163,0,0,0,0,2,7,0.8660254037844386,0.5000000000000001,0.7485107481711011,0.6631226582407953,13.93000030517578,0.0188411533825424,13.597500085830688,0.0,968.8264302252207,0.4552797493512437,189.5,189.25,25.5078,3.0628571028571416,28.89827293116852,56.89765431172552,978.771017654974,909.4462016499888,17.331204001246324,943.6331302275412,89.27108495493408,0.2711621919606162,0.3830035805972356,0.3389836862718601,0.7999269432213283,0.0646727684138709,0.062681934821728,0.0678589745206525,0.953046510653105,1.8339404812026003,0.5047445130423648,0.032139879683025,0.081926716504338,0.3923003036295274
2024-02-19 00:00:00+00:00,190.8500061035156,197.1000061035156,186.6499938964844,195.0500030517578,39967,52.2284211358491,0.3338795408418876,191.4100006103516,190.36300018310547,190.4886385705727,196.99613189611492,185.82386932458817,0.7498181873592102,1.0269577421805491,-0.2771395548213389,-0.027763611123354,0.0605724331210102,27.96494277142857,30.78571459,4.555250099591837,27.113514,69.92285778285715,4.39888495142857,1.4,0.0,0.0,0.0,4.952199935913086,4.986299991607666,4.933578968048096,4.965099811553955,0,54.06873634400981,0.0923222227201158,4.953100204467773,4.92609977722168,-0.0078029077762481,0.1006826630124858,256.974,-0.0909769525053838,2.2851297401217163,0,0,0,0,2,8,0.8660254037844386,0.5000000000000001,0.8229838658936564,0.5680647467311559,14.239999771118164,0.0220100802111438,13.860000133514404,0.0,947.5893293396364,-0.6893138251194262,195.6000061035156,189.5,23.181371414285717,16.982856905714293,28.783127193673774,57.73799001954047,980.0396225938352,910.513539027964,17.381520891467815,945.2156098723792,53.19190240083624,0.2909143672398735,0.3835966892326155,0.3433671423034259,0.8472399450218784,0.0547551054379489,0.0636885148557153,0.0681822439932524,0.8030697466142389,0.5082645284973777,0.5364069200540005,0.0253012986779248,0.0734345424013869,0.3445421514879008
2024-02-26 00:00:00+00:00,190.1000061035156,198.9499969482422,189.6000061035156,192.3999938964844,11456,50.71429298037571,0.3123412921472041,191.88250198364256,190.84000091552736,191.3831845839476,197.8124700636563,185.9525339036288,0.8707682956957399,1.0527502939114084,-0.1819819982156685,-0.0039297876657818,0.0168494742267661,27.743514057142857,73.22571368857143,3.734479719183674,27.86637122857143,74.43714276285715,4.357345223265305,0.4,0.0,0.0,0.0,4.956399917602539,4.995800018310547,4.892254829406738,4.993500232696533,0,60.112789945885375,0.0645026690231482,4.965099811553955,4.915800094604492,-0.0014692585067429,0.0890938223429356,256.974,-0.0909769525053838,2.2851297401217163,0,0,0,0,2,9,0.8660254037844386,0.5000000000000001,0.8854560256532099,0.4647231720437686,13.739999771118164,-0.0357436197745304,13.894999980926512,0.0,949.2644247135177,-0.0559488981689062,190.8500061035156,195.6000061035156,24.062085614285717,0.2971428742857271,28.723981647538142,58.81535471265768,978.2135744329396,922.0224025777308,14.047792963802197,946.8351358088346,65.65789393302859,0.1606435873372435,0.3223779333690682,0.3431716393230306,0.4681143901430744,0.0491845899238699,0.0552159495169766,0.0687756751894244,0.7151450369182659,0.1518710792709562,-0.5823770681787648,0.0109994165454999,0.0653802102057836,0.1682376796970003
2024-03-04 00:00:00+00:00,197.3999938964844,199.3999938964844,188.5500030517578,191.1000061035156,230,52.20047440291125,0.2874157511875724,192.432502746582,190.159001159668,192.8216308710625,198.8595253300664,186.0054801630976,1.4468864877238443,1.1614870285284111,0.2853994591954332,0.0384007762156184,0.0164778424229072,29.920657114285717,20.237143100000004,4.875982349795918,29.467085542857145,133.12285648000002,3.9426989826530607,3.6,0.0,0.0,0.0,4.978899955749512,4.9959001541137695,4.910208225250244,4.952700138092041,0,50.10032152618784,0.0710163628425501,4.993500232696533,4.914999961853027,0.0062476267726014,0.067093236356085,256.974,-0.0909769525053838,2.2851297401217163,0,0,0,0,3,10,1.0,6.123233995736766e-17,0.9350162426854148,0.3546048870425355,13.489999771118164,-0.0183626168832501,13.849999904632568,0.0,977.6629770304864,0.7157396297655239,190.1000061035156,190.8500061035156,24.768514157142857,0.154285714285727,28.77192383433292,63.60938708474429,990.4188884112646,931.252692243166,14.79154904202463,959.1662722974952,75.11629375285989,0.1678792154532064,0.2478727147944835,0.3422875378535939,0.4904625263347679,0.0549644943272707,0.054161298689977,0.0674856263277161,0.8144621184330003,0.003317376272682,0.1090653741772877,0.0403431797948298,0.0594196880336446,0.6789529588653704
2024-03-11 00:00:00+00:00,194.3500061035156,198.75,190.0,198.75,116,53.086418484534,0.2974092912367501,193.4350028991699,190.24800079345704,193.52957049018443,199.39734981353712,187.47265598480263,1.1662876226258732,1.279998232446414,-0.1137106098205409,-0.0154507998342097,0.02939620212949,29.0835142,32.70571457714286,4.537355689387755,29.33922857142857,32.41428636571429,4.978776811836734,1.6,0.0,0.0,0.0,4.944900035858154,4.997499942779541,4.897881031036377,4.977540016174316,0,53.52641911046488,0.0705306565174533,4.952700138092041,4.991899967193604,-0.0034466866270769,0.0715214996606151,256.974,-0.0909769525053838,2.2851297401217163,0,0,0,0,3,11,1.0,6.123233995736766e-17,0.970941817426052,0.239315664287558,15.220000267028809,0.1206617167252531,14.172499895095823,1.0,967.3849325239717,-0.2536917102023062,197.3999938964844,190.1000061035156,26.05137115714286,1.0085714200000122,28.80852413995199,61.59679994158106,989.5704607908164,931.3803710129896,14.54752244445674,962.453736388086,48.82974025866371,0.1809602841063267,0.2381646680165371,0.3290389603748719,0.549966114652498,0.0450218663504416,0.0537197648906804,0.0653502250669153,0.6889319725375368,0.0018764108466249,0.100238788397727,0.0412924589708755,0.0600212204582212,0.6879642195875657
2024-03-18 00:00:00+00:00,181.8500061035156,197.8999938964844,181.8500061035156,196.6999969482422,17001,34.82587329055049,0.2994692710148216,192.80000228881835,190.14500091552733,191.31386400027776,201.37192509280032,184.2280794848364,-1.079519880144062,0.4179697997173658,-1.497489679861428,-0.0643169519292023,-0.0393555035823494,30.39494262857143,17.76000012,4.581658490204082,29.23137137142857,67.10000007714287,4.449034021428571,4.6,0.0,0.0,0.0,4.977399826049805,5.029699802398682,4.948556900024414,4.968047142028809,0,47.78993936898691,0.0720263299639685,4.977540016174316,4.972400188446045,0.0088262694237594,0.0711403139408202,256.974,-0.0909769525053838,2.2851297401217163,0,0,0,0,3,12,1.0,6.123233995736766e-17,0.992708874098054,0.120536680255323,14.329999923706056,-0.0602551334621303,14.194999933242798,0.0,903.439403100492,0.973603894881324,194.3500061035156,197.3999938964844,25.299228457142856,5.748571382857151,28.83580460649887,61.95184511161731,1015.1102802265954,883.7655884576385,32.83617294223923,938.8480030730484,28.834562631186657,0.2593816827440153,0.2795293115541308,0.3353596455985762,0.7734433120198985,0.0882594844887306,0.0584371081056523,0.066479102324868,1.3276273013006996,0.295365980357529,-0.6390986367802367,0.0415113910404439,0.054190920658708,0.7660210027002615
2024-03-25 00:00:00+00:00,185.6499938964844,188.3999938964844,179.35000610351562,181.25,99257,36.92306838669148,0.2897478160119934,190.63750076293945,190.30800079345704,188.62366515337573,201.68357028725728,179.59143123862162,-2.1198462854668776,-1.2291954198803885,-0.8906508655864891,0.0208962753116748,-0.0280105031597674,28.063514285714287,31.98571489714286,4.170176064081633,30.241371085714285,28.98000079714286,4.584794112244898,1.2,0.0,0.0,0.0,5.029399871826172,5.050539970397949,4.949999809265137,5.000899791717529,0,59.42167112719898,0.0899957744587889,4.968047142028809,4.962399959564209,-0.0049500318914348,0.0745411565053982,256.974,-0.0909769525053838,2.2851297401217163,0,0,0,0,3,13,1.0,6.123233995736766e-17,1.0,-1.6081226496766366e-16,13.1899995803833,-0.0828963016000311,14.057499885559082,0.0,928.4170158092894,-0.4040262366380961,181.8500061035156,194.3500061035156,24.640656971428573,3.525714585714291,28.926486314835348,59.82462934939316,1013.1979416564594,875.2542225756603,34.48592977019981,934.675608167545,41.83093591145352,0.2866534582376172,0.2830634201442498,0.3158657407620004,0.9075167457886428,0.0487475792647475,0.0572356028710121,0.0644979417448694,0.7558004238270293,1.7707705207568247,-0.6589954826077589,0.0458391041987372,0.0518108181008552,0.8847398483866459
2024-04-01 00:00:00+00:00,191.8000030517578,192.6999969482422,185.3000030517578,185.6499938964844,94501,45.9068903711738,0.278851623851351,189.75250015258788,191.0070010375977,189.06318804707385,200.20517228192665,179.29982802324912,-0.8742868939281436,-1.264569409760648,0.3902825158325045,0.0375980347241655,-0.0206791060788488,26.154942657142858,58.98571606942857,2.864010335918368,26.618514271428573,98.44285945257144,3.621395615918368,0.6000000000000001,0.0,0.0,0.0,4.9721999168396,5.065700054168701,4.954847812652588,5.013199806213379,0,56.18720332278481,0.0879175623314163,5.000899791717529,4.969799995422363,0.0052929554978006,0.0928806545487319,256.974,-0.0909769525053838,2.2851297401217163,0,0,0,0,4,14,0.8660254037844387,-0.4999999999999998,0.992708874098054,-0.1205366802553228,13.649999618530272,0.0342805587684902,14.09749984741211,0.0,961.5317381307976,0.6202725022854438,185.6499938964844,181.8500061035156,26.16065714285714,9.968573022857154,28.77758489268007,62.31612806572724,1000.0179454262412,880.3685993560341,29.912336517551797,945.418060152846,43.90427083695257,0.3142525797833585,0.2353342022696264,0.3177229358196209,0.9890773830410328,0.0385818236639311,0.0551150496190243,0.0635443003773651,0.6071640943903325,1.7322818768568249,-0.7485505694559494,0.0430191774179196,0.0517174256549648,0.8318118807151237
2024-04-08 00:00:00+00:00,211.1000061035156,216.3999938964844,190.75,190.9499969482422,202747,87.83962188171627,0.3042295957796777,192.50750122070312,192.70600158691408,196.1400753782768,211.42700670465445,173.5879957367518,4.276695830397927,1.356838894747098,2.9198569356508286,0.1006256660306184,0.0642803106007769,27.767799914285717,23.36857169428572,3.856998009387755,27.575657028571424,96.74571623657144,3.0615125616326533,0.0,0.0,0.0,0.0,5.053599834442139,5.089900016784668,5.004000186920166,5.054900169372559,0,54.7415627526918,0.0888845527067499,5.013199806213379,4.933800220489502,-0.0001795635051892,0.085376964693318,256.974,-0.0909769525053838,2.2851297401217163,0,0,0,0,4,15,0.8660254037844387,-0.4999999999999998,0.970941817426052,-0.2393156642875575,15.1899995803833,0.1068977952986771,14.089999675750732,1.0,1067.089456607209,0.0730206019864638,191.8000030517578,185.6499938964844,28.127800000000004,0.9314285800000134,28.700041159511773,64.53739181868494,1109.1668529322176,821.0719538916767,72.0237247601352,994.0866187345912,71.90387941619608,0.4571841848179165,0.3259329744962471,0.3525456736709852,1.2968083456797774,0.1215063626474108,0.0684234232830523,0.0661907266134996,1.8357004146503115,3.221274229424337,-0.6287500991412449,0.0286933192892534,0.0446264204120162,0.6429669374032537
2024-04-29 00:00:00+00:00,233.5500030517578,234.0,224.1000061035156,226.6499938964844,245,63.75516742282025,0.3692284664947279,224.15500030517572,204.219001159668,223.5453707612188,251.43531493620625,196.87468567414533,9.359495551326203,10.013465903565375,-0.6539703522391722,0.0082020686610613,0.2366957665002167,28.36351422857143,5.237142936000004,3.893531631836735,26.53922857142857,25.24000033371429,3.680619491632653,0.6000000000000001,0.0,1.0,0.6,5.1656999588012695,5.191699981689453,5.098400115966797,5.115499973297119,0,58.50351518821596,0.1224307591758339,5.206200122833252,5.014100074768066,-0.0067956594543725,0.1164707564897302,256.974,-0.0909769525053838,2.2851297401217163,0,0,0,0,4,18,0.8660254037844387,-0.4999999999999998,0.8229838658936565,-0.5680647467311557,14.670000076293944,-0.1438731233947633,16.507499933242798,0.0,1194.7250343748092,-0.5885889929318661,231.6499938964844,231.5500030517578,26.81851407142857,26.811429551428574,28.389460972441004,57.24348122075352,1292.4468397921942,1033.9007517872428,64.63652200123781,1152.6771008311698,95.5855098241428,0.3733166632435216,0.3760385184541002,0.3796662309904552,0.9832758958753636,0.0423891833317186,0.0841056382418903,0.0705845136484222,0.6005450081785193,0.0034295593016292,-0.6104104269908442,0.097311518162695,0.0576272823357318,1.688635960818117
2024-05-06 00:00:00+00:00,200.6999969482422,222.3999938964844,199.4499969482422,215.6000061035156,118,28.11170587785148,0.442141411684303,225.31749877929687,206.00500030517577,218.1860275018832,250.20119392368133,200.4338036349124,1.1612523459680233,5.9458617760952,-4.784609430127176,-0.1406551302687657,-0.0555294261259191,28.620657,0.4742857262857142,4.211049724081632,28.198514271428568,2.020000048000002,4.064841777346938,1.0,0.0,3.6,3.8,5.117000102996826,5.1946001052856445,5.0432000160217285,5.070899963378906,0,39.71926915063664,0.1369707490237336,5.115499973297119,5.057400226593018,-0.00839005533766,0.1267644017957185,256.974,-0.0909769525053838,2.2851297401217163,0,1,0,1,5,19,0.4999999999999999,-0.8660254037844387,0.7485107481711013,-0.663122658240795,13.489999771118164,-0.0838559441026818,16.082499980926514,0.0,1017.729607174988,-0.7480285812606161,233.5500030517578,231.6499938964844,29.16637117142857,28.677142665714285,28.3771418304402,53.68067598380168,1329.145743712177,972.5219231511496,89.15595514025672,1098.698103368697,42.45754437242735,0.7839594372144006,0.5640565435353039,0.4506708227178331,1.739538883594095,0.1143497623179372,0.0992592259726915,0.0712077507997313,1.6058609487741204,0.0016692011175157,-0.3307336289502735,0.1066872147384365,0.0599678650158677,1.779072790393301
2024-05-13 00:00:00+00:00,200.3999938964844,205.3999938964844,196.6000061035156,196.6000061035156,15,28.366235165137468,0.4429854695883357,220.4674980163574,206.8169995117188,211.6852859216084,252.91579571516164,188.0192003175532,-3.1606749859706724,0.4313966055750349,-3.592071591545708,-0.0014947835392102,-0.1079456962334665,27.939228428571425,0.0971428571428618,4.143752288571428,28.50279987142857,0.2171428571428563,4.280940205918368,0.2,0.0,4.4,8.2,5.074900150299072,5.173699855804443,5.047162055969238,5.123260021209717,0,44.6875742371554,0.1445878901949066,5.070899963378906,5.090400218963623,-0.0077398140276572,0.1488818626232216,256.974,-0.0909769525053838,2.2851297401217163,0,1,0,2,5,20,0.4999999999999999,-0.8660254037844387,0.6631226582407952,-0.7485107481711012,13.600000381469728,0.0081211675383644,14.675000190734863,0.0,1026.70127698053,-0.6830044502603361,200.6999969482422,233.5500030517578,29.577085714285715,10.52285712285715,28.38524880082655,50.23141578208176,1317.3456577772424,905.2404148270206,103.02631073755543,1069.8993728134303,13.792145058223385,0.6921446314072691,0.5612510037830327,0.4222857367539311,1.639043317771714,0.0439121160727898,0.0837403766577673,0.0694225499120437,0.6325338064229439,0.0002259553391739,-0.3223008910798221,0.1083204297633461,0.0580931017688071,1.8646002334050973
2024-05-20 00:00:00+00:00,209.3000030517578,209.3000030517578,199.0,199.25,19974,37.808818366663886,0.3791207806690185,211.6424987792969,207.70699981689447,208.9074807373294,236.25734985314912,187.02764770544465,-2.9722632595213554,-2.1742545253348817,-0.7980087341864737,0.0444112246823253,-0.1329742819235178,27.93637137142857,0.4257142928571475,3.984426465714286,28.055656857142857,0.3085714314285828,4.025647526938776,0.2,0.0,4.4,12.2,5.154200077056885,5.161699771881104,5.079078197479248,5.102000236511231,0,48.05842321028935,0.1185244429871004,5.123260021209717,5.241700172424316,-0.0034177499091251,0.1440940407024667,256.974,-0.0909769525053838,2.2851297401217163,0,1,0,3,5,21,0.4999999999999999,-0.8660254037844387,0.5680647467311558,-0.8229838658936564,12.149999618530272,-0.112740682401379,13.477499961853027,0.0,1067.8486650718698,-0.2507980384071262,200.3999938964844,200.6999969482422,31.27708571428571,4.625714268571436,28.36398480445986,47.01058711429769,1239.991761512744,913.5105302883542,81.62030780609749,1069.0790897168065,21.02259411078201,0.576546908910761,0.5648205302414321,0.4221587550025648,1.3657110942781403,0.049211671770548,0.0706071199998735,0.0677142508790674,0.7267549129486386,0.3086916305992768,0.0950381152620904,0.1022750545840903,0.0581484976566195,1.7588594910818394
2024-05-27 00:00:00+00:00,218.25,221.8000030517578,206.3500061035156,207.0,91360,69.43521538545252,0.3894841047559871,209.4449981689453,209.6829995727539,211.8630267571229,228.52924113843744,190.3607551994532,0.3186423367183977,-1.1681725604967197,1.4868148972151172,0.0485227307214741,-0.0590644411661674,26.61351417142857,0.8885714571428621,3.790277516734694,27.322799814285712,1.2514286028571533,3.9644801122448974,0.2,0.0,3.6,1.2,5.103099822998047,5.182300090789795,5.081479072570801,5.1697998046875,0,67.89336929647123,0.1077376950298055,5.102000236511231,5.158599853515625,-0.0052000748822061,0.1117267015640593,256.974,-0.0909769525053838,2.2851297401217163,0,1,0,4,5,22,0.4999999999999999,-0.8660254037844387,0.464723172043769,-0.8854560256532096,11.93000030517578,-0.0182728766995123,12.792500019073486,0.0,1128.3088073730469,-0.4290305357152261,209.3000030517578,200.3999938964844,33.28494282857143,7.331428617142862,28.296811579287336,44.058383339366046,1160.9650718818575,959.3291064183596,50.40899136587445,1092.7709767793026,38.45234929055986,0.6199561372074981,0.5353710881193943,0.4220685527686657,1.468851726697527,0.0707903640240193,0.0641306195034026,0.0676567449648197,1.0463162778177724,1.3989344149960687,0.082063914468767,0.093523151357838,0.0606271906953226,1.542593922946097
2024-06-10 00:00:00+00:00,221.3999938964844,239.8000030517578,219.0500030517578,226.1000061035156,167117,58.01324058951891,0.3969948659111402,219.0799987792969,218.37599914550785,222.3362837093981,242.94515344389464,195.2148441146992,4.310617973053439,3.933712602262078,0.3769053707913614,-0.0227323287834908,0.0868924752745066,25.80637125714286,0.1314285742857167,3.588266870612245,24.672085585714285,3.2028572457142896,3.3912127338775515,0.4,0.0,2.2,2.2,5.249000072479248,5.384099960327148,5.243299961090088,5.270441055297852,0,78.77840610895332,0.0721807901421685,5.244400024414063,5.1407999992370605,0.0080984935059491,0.0700367541912329,256.974,-0.0909769525053838,2.2851297401217163,0,1,0,6,6,24,1.2246467991473532e-16,-1.0,0.2393156642875576,-0.970941817426052,12.739999771118164,-0.0286286394093451,12.482499837875366,0.0,1166.8756174747252,0.900826303100294,226.5500030517578,218.25,31.20922857142857,66.92857220285714,27.914288935761046,38.95054895276468,1243.369854812177,1032.2061109154663,52.79093597417767,1145.2963205989938,88.37012353780301,0.2253744839887826,0.547193401338183,0.4149794323133611,0.5430979489788721,0.0937217731347439,0.0678591203354848,0.0693623363610443,1.3511909278112375,2.3726633382714013,0.0934859043175341,0.0545571885616643,0.0616596729154924,0.8848113707694152
2024-06-17 00:00:00+00:00,227.1499938964844,229.3000030517578,215.0,221.6000061035156,98182,46.57657288603169,0.4101515558694272,224.5824989318848,220.57299896240235,223.2685849982591,237.86474791268367,211.30024995108587,2.953574885749674,3.4111542564142665,-0.4575793706645923,0.0259710937602302,0.1383111522056348,25.610657057142856,0.0342857142857153,3.712896293061224,25.897085428571422,0.2000000000000033,3.6202667653061225,0.2,0.0,5.6000000000000005,7.0,5.352799892425537,5.424799919128418,5.317385196685791,5.357200145721436,0,74.37591169526445,0.0859921867203991,5.270441055297852,5.128600120544434,0.0025344868189341,0.072183924271503,256.974,-0.0909769525053838,2.2851297401217163,0,1,0,7,6,25,1.2246467991473532e-16,-1.0,0.120536680255323,-0.992708874098054,12.75,0.0007846394260253,12.632499933242798,0.0,1216.8879804028695,0.3444256343987938,221.3999938964844,226.5500030517578,29.91637141428572,36.47142864857143,27.78414677400688,36.45051353645729,1249.637988189903,1100.457635203241,37.295088246665465,1173.9329845205443,88.9084248103517,0.2149919801186763,0.5085122871260028,0.4157083422110101,0.517170220360519,0.0629540102839471,0.0716674991777163,0.0694981494521282,0.9058370866254544,1.4034922200539768,0.1311852689803889,0.061316695683566,0.0648699651098919,0.9452245908788076
2024-06-24 00:00:00+00:00,238.0,238.0,222.5,227.5,10231,60.30603295185883,0.3888417316813077,227.50749969482425,221.8019989013672,225.7124354490336,237.77672943681372,217.23826995283463,3.603168035851297,3.2554058831503294,0.3477621527009678,0.0617890095054463,0.0796099038090631,25.737799857142853,0.0200000000000016,3.741391171836735,25.566371228571427,0.07142857142857,3.7432628471428577,0.0,0.0,6.2,11.2,5.423999786376953,5.46999979019165,5.375999927520752,5.426126003265381,0,70.17962068006406,0.0946323443782238,5.357200145721436,5.143099784851074,-0.0008209457547431,0.0866994883197162,256.974,-0.0909769525053838,2.2851297401217163,0,1,0,8,6,26,1.2246467991473532e-16,-1.0,-3.216245299353273e-16,-1.0,13.329999923706056,0.0444858568627055,12.982499837875366,0.0,1291.4179887771606,0.0088823770310738,227.1499938964844,221.3999938964844,29.712085614285712,35.039999885142855,27.641064480752977,34.103475796778014,1324.631376144026,1107.0188379511742,54.403134548213,1220.926986223191,89.6674729370947,0.2307019734398917,0.4704869953055456,0.4219210761752314,0.5467893902417502,0.065126050420168,0.0748503749076403,0.0703929752057904,0.9251781300334864,0.1575790340255571,0.1660959896862397,0.0312974800838883,0.0662792484232372,0.4722062501670299
2024-07-01 00:00:00+00:00,226.6999969482422,237.1999969482422,224.3500061035156,237.1499938964844,166,55.55556266424399,0.3780563990266387,227.8799995422364,221.01599884033203,226.67847541106417,236.56527825119832,219.1947208332744,2.470223516242669,3.0062786808411,-0.536055164598431,-0.0474790044191504,-0.027038639707115,26.85208557142857,0.1942857154285775,3.7280713,25.9835141,0.0342857142857224,3.733147307551021,1.0,0.0,5.2,6.8,5.3892998695373535,5.600200176239014,5.386000156402588,5.591899871826172,0,72.47603039064083,0.1115202642109808,5.426126003265381,5.202099800109863,-0.0048304806798688,0.0977176940131452,256.974,-0.0909769525053838,2.2851297401217163,0,1,0,9,7,27,-0.4999999999999997,-0.8660254037844388,-0.1205366802553228,-0.992708874098054,12.220000267028809,-0.086943152871907,12.759999990463257,0.0,1267.683683877869,-0.3920711154814962,238.0,227.1499938964844,29.901371342857143,92.79428614171428,27.53412574651085,31.905463533391416,1346.5804203536738,1124.8522149126386,55.43205136025884,1239.6296652850624,73.46769972697895,0.2773966624117092,0.4736925916702063,0.4240978393275498,0.6540864634224147,0.0566828011367832,0.0720288623301931,0.069993476841936,0.8098296526473695,0.0028909409925849,0.1844838299459771,0.0658399239929219,0.0778132610662686,0.8461271848712062
2024-07-08 00:00:00+00:00,236.1999969482422,236.6999969482422,225.9499969482422,231.1499938964844,14,60.90498314904483,0.3242902422198913,227.62750015258788,220.92699920654297,228.01135908453404,236.1228527758687,219.1321475293071,2.554400375083389,2.5755639859610806,-0.0211636108776911,0.0316663031082677,0.0183229146622854,26.216371285714285,1.077142864000001,3.7056875555102047,27.16922847142857,0.448571430857155,3.734941207142857,0.6000000000000001,0.0,3.2,10.0,5.65500020980835,5.683899879455566,5.452383995056152,5.471290111541748,0,53.57766684535461,0.143849059692399,5.591899871826172,5.2571001052856445,0.0164800652068963,0.122582351158609,256.974,-0.0909769525053838,2.2851297401217163,0,1,0,10,7,28,-0.4999999999999997,-0.8660254037844388,-0.2393156642875574,-0.970941817426052,12.369999885559082,0.0122002015576737,12.667500019073486,0.0,1292.3187076491083,1.738983473195014,226.6999969482422,238.0,30.139942828571428,105.11999738228572,27.510583986828124,29.8759866235505,1337.7777105711025,1196.3764697824013,35.3503101971753,1260.705282230681,86.27374266576392,0.2529389598486714,0.473168258930304,0.4198172259178582,0.602497797156098,0.0455122783187656,0.0647993826588816,0.0695313354859769,0.6545577106363432,0.0002526022542946,0.169240384540289,0.1385608700811489,0.0897999135839999,1.5429954119230112
2024-07-15 00:00:00+00:00,244.1499938964844,252.0,244.1499938964844,252.0,56,54.69823739454072,0.3764683614677936,233.72249908447264,222.9919989013672,235.7213671725325,251.9022861998112,215.54271196913413,6.124566668993651,4.5935951939540685,1.5309714750395829,0.0336579045341152,0.0882549019581173,26.52351422857143,0.1142857228571418,3.93121792,26.30137132857143,2.142857162285713,3.753786520408164,0.6000000000000001,0.0,6.0,14.0,5.470399856567383,5.474299907684326,5.3680620193481445,5.422800064086914,0,52.66085776161472,0.1522686883722025,5.471290111541748,5.361599922180176,-0.0027578851230106,0.158531826203334,256.974,-0.0909769525053838,2.2851297401217163,0,1,0,11,7,29,-0.4999999999999997,-0.8660254037844388,-0.3546048870425356,-0.9350162426854148,13.119999885559082,0.0588635976404045,12.759999990463257,0.0,1323.9766025486754,-0.1848115597956762,236.1999969482422,226.6999969482422,34.14708554285714,7.394285422285726,27.4325702669406,28.086752464759225,1340.0451735727836,1247.653317853623,23.097963929790087,1286.0138103578788,84.64367884911951,0.2103684973415162,0.2056862799591422,0.4193649597674262,0.5016358363412747,0.0321523911519894,0.0524855062623307,0.0686797255473828,0.4681496062227432,0.001020908572168,0.16115368677068,0.1498757990720743,0.0924703006778554,1.6207991297250628
2024-07-22 00:00:00+00:00,243.0500030517578,247.3500061035156,236.5,245.3999938964844,36315,62.35827099494607,0.3919954374090344,237.87249908447265,227.04999908447263,238.6694669087944,255.61211939817764,220.1328787707677,4.933423227729293,5.2153670182975125,-0.2819437905682198,-0.004505389605674,0.0555917613539969,25.513514057142856,0.2057142971428581,3.993070966122449,25.0070856,0.4342857485714234,3.970829321020408,0.0,0.0,5.2,19.2,5.446800231933594,5.619172096252441,5.405600070953369,5.520872116088867,0,36.78613405388951,0.1505325325690262,5.422800064086914,5.452400207519531,-0.0027990843480502,0.1516961268936181,256.974,-0.0909769525053838,2.2851297401217163,0,1,0,12,7,30,-0.4999999999999997,-0.8660254037844388,-0.464723172043768,-0.8854560256532101,14.90999984741211,0.1278943437494053,13.15499997138977,0.0,1341.8479846637638,-0.1889314822996362,244.1499938964844,236.1999969482422,32.50351428571428,33.26000047085714,27.27608738520249,26.30272235403743,1372.4134943761474,1240.499994993561,32.97837484564666,1308.3474800802328,75.75623806572457,0.2008315053577781,0.2036669961483748,0.4188183043215281,0.4795193965744276,0.0446410449178438,0.04882291318911,0.0681635530769115,0.6549106722527641,0.6409583222652241,0.0714746033446757,0.151427512946976,0.0925342430741897,1.6364482115132908
2024-07-29 00:00:00+00:00,230.3999938964844,243.1000061035156,228.1000061035156,242.5,99540,30.21978789738497,0.3677713975244185,238.51499862670897,230.10999908447263,236.34402538777115,255.10754943181183,221.92244782160608,1.0317986954383116,3.2172593998336416,-2.18546070439533,-0.0520469409439982,0.0094194694259994,26.31065702857143,0.0,4.159525529795919,25.308514114285718,0.1371428571428632,4.017263691428571,0.6000000000000001,0.0,7.0,26.2,5.570700168609619,5.684309959411621,5.55548906326294,5.622840881347656,0,67.11222733228848,0.1474903323690574,5.520872116088867,5.500500202178955,-0.0040361143667138,0.1540969415521915,256.974,-0.0909769525053838,2.2851297401217163,0,1,0,13,7,31,-0.4999999999999997,-0.8660254037844388,-0.5680647467311556,-0.8229838658936566,16.600000381469727,0.1073705997998838,14.25,1.0,1295.502504743403,-0.3126344841659962,243.0500030517578,244.1499938964844,29.19994282857143,96.745715008,27.149147174175607,24.614620451011977,1360.8230244675883,1265.9998753348866,23.70578728317546,1303.209489945501,61.542142348322265,0.187817050104896,0.2439742315687734,0.4248903213651722,0.4420365356430682,0.0651041683913381,0.048818536783344,0.0691676681789563,0.9412513200587022,1.6151605059665342,-0.0608900412395182,0.1556191010878418,0.0948223725692965,1.6411642153593309
2024-08-05 00:00:00+00:00,225.6999969482422,235.3999938964844,221.0,230.8500061035156,98912,29.47918941575097,0.3644070146273998,238.2749984741211,231.8859991455078,233.2600324399149,255.12903188808025,221.420965060162,-1.3388463269235729,0.6128949773029675,-1.9517413042265404,-0.0203992928504758,-0.0199739732633951,26.510656914285715,0.1399999999999959,4.246219962857142,26.8363714,0.0657142857142857,4.208498163469387,0.8,0.0,3.6,20.8,5.614500045776367,5.82420015335083,5.600062847137451,5.7266998291015625,0,77.85871310924551,0.1177806963048741,5.622840881347656,5.486400127410889,-0.0035964906865124,0.1373337206998736,256.974,-0.0909769525053838,2.2851297401217163,0,1,0,14,8,32,-0.8660254037844385,-0.5000000000000004,-0.663122658240795,-0.7485107481711013,38.56999969482422,0.8430720459652773,20.799999952316284,2.0,1292.5161339517217,-0.2686721161458562,230.3999938964844,243.0500030517578,30.54779982857143,53.00000216228571,27.128968091970734,23.03082005325084,1360.7555385411788,1266.166074412603,23.64736603214399,1298.9321475479894,50.099850318903385,0.1729706787115767,0.2300894884696132,0.4023272501664314,0.4299253265613263,0.0638014802445328,0.0502422726048939,0.0679447679667464,0.9390196296727706,1.5049578465126938,-0.0032678943911262,0.1364582811658764,0.0957490955592277,1.4251650745861757
2024-08-12 00:00:00+00:00,240.8500061035156,251.75,229.5500030517578,229.8500061035156,179071,51.29151233337522,0.3484154769802562,236.44499969482425,233.38899963378907,236.08107269331947,250.4213698411239,222.4686295485245,1.157476159862881,0.6541340918446364,0.5033420680182447,0.0671245430222475,-0.038330968104226,26.904942714285717,0.5942857177142857,4.360827172653061,26.09779982857143,0.7057142879999999,4.276006023061224,1.0,0.0,3.6,23.6,5.720900058746338,5.723199844360352,5.47130012512207,5.50629997253418,0,43.67633108555452,0.1204536047260369,5.7266998291015625,5.438000202178955,-0.0041647542948831,0.1102206532228809,256.974,-0.0909769525053838,2.2851297401217163,0,1,0,15,8,33,-0.8660254037844385,-0.5000000000000004,-0.7485107481711011,-0.6631226582407952,20.709999084472656,-0.6218581331074049,22.69749975204468,1.0,1326.1923819926449,-0.3254984769829262,225.6999969482422,230.3999938964844,30.543514285714288,39.42285793714286,27.062441107235298,21.590490649041108,1362.0130483802925,1266.0164542954742,23.999148521204543,1309.836241325852,51.09823099053595,0.1814982044297826,0.2122074997270234,0.4022362144905257,0.4512229217039541,0.0921735369967181,0.0595745243404844,0.0701160658533449,1.3145849346947005,2.568622444588155,0.0274832812260372,0.1839384567895149,0.121489983405431,1.5140214566946573
2024-08-19 00:00:00+00:00,245.8999938964844,249.8000030517578,230.1000061035156,235.8000030517578,55578,60.39943967052798,0.3997725990083205,235.62249908447265,234.4289993286133,237.97027789666896,248.736553966575,222.5084442023703,2.125172978948285,1.169088207990752,0.9560847709575332,0.0209673558853817,0.0323257642606742,28.660656942857145,0.7571428617142846,4.586504570612244,26.791371414285717,1.9257142994285712,4.386353521428571,2.8,0.0,3.4000000000000004,16.0,5.491899967193604,5.50059986114502,5.401500225067139,5.47130012512207,0,35.10194564883079,0.128212945442325,5.50629997253418,5.5432000160217285,-0.0072021169551532,0.1333484960428667,256.974,-0.0909769525053838,2.2851297401217163,0,1,0,16,8,34,-0.8660254037844385,-0.5000000000000004,-0.8229838658936564,-0.5680647467311559,14.649999618530272,-0.3461763217762871,22.63249969482422,0.0,1345.3926673733515,-0.6292347430099362,240.8500061035156,225.6999969482422,31.622085685714293,37.36857312857143,27.04495273994823,20.321795400679008,1365.6896469150263,1264.112197115534,25.39436244987316,1324.058811744852,51.73404693735881,0.1705411228338373,0.1990474453533939,0.4011943111476364,0.4250835912781515,0.0801138570037348,0.0691668175108335,0.0721926675203351,1.109722755208358,0.8201137251515532,-0.0119349501815153,0.1822947506339876,0.1227870150491673,1.4846418060946722
2024-08-26 00:00:00+00:00,253.6499938964844,254.5,244.0,247.8999938964844,10316,63.87147029905554,0.3732089495310153,239.8699989318848,237.0969989013672,242.8342965756197,257.29334559648777,222.44665226728176,4.267234432218288,2.836856290911075,1.4303781413072132,0.0315168775614629,0.1016286379869029,29.22351402857143,0.2914285685714273,5.365274075918367,30.12922845714285,0.3885714285714251,4.873407878163265,3.4,0.0,5.8,16.8,5.405600070953369,5.601099967956543,5.4018378257751465,5.485400199890137,0,32.27991391812462,0.1375549296795596,5.47130012512207,5.643099784851074,-0.0024825905736654,0.1224345080848931,256.974,-0.0909769525053838,2.2851297401217163,0,1,0,17,8,35,-0.8660254037844385,-0.5000000000000004,-0.8854560256532096,-0.4647231720437691,16.149999618530273,0.097479716624062,22.519999504089355,1.0,1391.3717272219076,-0.1572821048611562,245.8999938964844,240.8500061035156,28.52565697142857,73.39428719371429,27.24393827008982,19.03578095086561,1421.3980560554596,1256.338399214353,41.26491421027661,1350.9839779356744,97.06764218542844,0.196676602169131,0.1931416121077999,0.3743776491437525,0.5253427851943795,0.041395624887281,0.068517733504721,0.0681871306323286,0.6070884407734602,0.177412115135548,-0.0013929294731773,0.1709950417464338,0.122634271830405,1.3943494363420212
2024-09-23 00:00:00+00:00,263.6499938964844,265.70001220703125,247.6999969482422,264.20001220703125,74731,62.10601493700175,0.3263283341281571,253.8324981689453,244.95099853515623,253.9355656902765,268.4919349810075,239.17306135688312,4.558187768555342,4.106422887022258,0.4517648815330846,0.0177572141296216,0.0682738680566095,31.73922845714285,0.3971428657142887,5.801431144081633,31.91994282857143,0.2085714342857162,6.108804940408164,5.0,0.0,5.2,32.6,5.503900051116943,5.594799995422363,5.394178867340088,5.513599872589111,0,41.09803987169461,0.1529341040634149,5.612370014190674,5.59089994430542,-0.0023722915048328,0.1541042328789173,256.974,-0.0909769525053838,2.2851297401217163,1,0,4,0,9,39,-1.0,-1.8369701987210292e-16,-1.0,-1.8369701987210292e-16,15.890000343322754,-0.0757248754050177,16.87000012397766,1.0,1453.6605727557762,-0.1462521979778961,259.04998779296875,249.4499969482422,28.913514185714284,59.002856648571424,28.122091625828737,14.758702273284586,1492.88808040009,1355.0220427531503,34.46650941173488,1426.8047292970696,99.64325229108027,0.1435735749845618,0.1557648820661813,0.188334905985961,0.7623311600662737,0.0682723901971957,0.0529230253269723,0.0606086173589053,1.1264467316329074,1.401440991365791,-0.1513852517844286,0.1033155278853175,0.1223765146790375,0.8442430290963717
2024-09-30 00:00:00+00:00,270.25,275.04998779296875,262.70001220703125,263.6499938964844,83175,66.79245283018868,0.3709569589358233,257.667497253418,247.5849984741211,260.3112239769395,277.934142826726,237.40085168011,6.449394262515057,5.446000062387527,1.0033942001275298,0.0250332116681442,0.0732724254353951,32.586371285714286,1.7085714914285797,6.202102870204081,31.7727998,2.088571497142872,5.758078915918367,5.6,0.0,4.4,14.0,5.536099910736084,5.537799835205078,5.403800010681152,5.433199882507324,0,37.19273144667815,0.1445095924564447,5.513599872589111,5.627699851989746,0.0164026068623895,0.1400259307390157,256.974,-0.0909769525053838,2.2851297401217163,1,0,5,0,9,40,-1.0,-1.8369701987210292e-16,-0.992708874098054,0.1205366802553232,16.729999542236328,0.0515134854820477,17.302500009536743,1.0,1468.3222682476044,1.7312376387443338,263.6499938964844,259.04998779296875,27.19494275714285,115.04857122857142,28.357621185452693,13.941274481275444,1507.0220916295614,1378.9474541117604,32.018659379450234,1443.4117448772836,99.70769069186224,0.1236285501667122,0.1554460844157995,0.1881802567524613,0.6569687263188836,0.0456983370432469,0.0537835677581655,0.0606979284074282,0.7528812055609195,1.4469646361318511,-0.1494719333026286,0.1153673927779278,0.1255559789085687,0.9188521693054374
2024-10-07 00:00:00+00:00,244.6499938964844,271.45001220703125,243.3500061035156,269.79998779296875,101701,37.19320139908383,0.386037439954588,259.98249664306644,249.513998413086,257.8966158116145,276.6646396466898,243.3003536394431,1.542544259676106,4.03812258297618,-2.495578323300074,-0.0947271271175415,0.0191626360601826,33.177799771428575,1.8085715085714371,6.219792412653062,32.02065691428572,5.154285925714305,6.304698210408163,5.6,0.0,4.0,18.0,5.448500156402588,5.515399932861328,5.404969215393066,5.4542999267578125,0,44.57804572166061,0.1389029400003177,5.433199882507324,5.567500114440918,-0.0006439773949608,0.1413490805502004,256.974,-0.0909769525053838,2.2851297401217163,1,0,6,0,10,41,-0.8660254037844386,0.5000000000000001,-0.970941817426052,0.2393156642875573,22.63999938964844,0.3025147387391037,18.09999966621399,1.0,1334.3944437908942,0.0265792130093038,270.25,263.6499938964844,27.41422844285714,70.47714165999999,28.593946071183854,13.374371993819889,1552.5485964239024,1302.5822378060943,62.49158965445204,1399.804824442728,35.07509498302933,0.3702096757600488,0.2721394230842628,0.2587318486066182,1.4308623520651316,0.1148579881649424,0.0643055303079883,0.0639802442271479,1.7952099370715882,1.6518282407874691,-0.0290253113266547,0.0723080500914627,0.124980432357909,0.5785549220924722
2024-10-14 00:00:00+00:00,262.04998779296875,262.6499938964844,244.0500030517578,248.0500030517578,77076,45.94785129619036,0.40502423482223,259.8099975585937,251.8929983520508,256.37077308424745,276.54308791491974,243.07690720226773,0.2685483448840386,1.3770733256427374,-1.1085249807586988,0.071121987862573,0.0,31.644942714285715,13.582857211428577,5.844081707755102,32.408513885714285,6.951428625714298,6.102052350204082,4.6,0.0,0.8,0.0,5.494200229644775,5.651700019836426,5.493621826171875,5.610599994659424,0,58.27225075448722,0.1361349649949335,5.4542999267578125,5.625699996948242,-0.0040253721295076,0.1353845826484312,256.974,-0.0909769525053838,2.2851297401217163,1,0,7,0,10,42,-0.8660254037844386,0.5000000000000001,-0.9350162426854148,0.3546048870425355,19.700000762939453,-0.1390995519041575,18.740000009536743,1.0,1470.2576601117323,-0.3115602604453762,244.6499938964844,270.25,27.113514,69.92285778285715,28.840047220508403,12.959988550716304,1562.188502430849,1301.1289700221546,65.26488310217361,1427.98595871033,52.87576841300191,0.5068314363547246,0.3453418345723809,0.2856154643937848,1.77452372785637,0.070978789204987,0.0709246218320061,0.0639896654861963,1.109222521690994,1.266561004887676,-0.0956960728102404,0.1325244944812353,0.1304675125809896,1.015766160493841
2024-10-21 00:00:00+00:00,251.6999969482422,264.1499938964844,248.0500030517578,261.70001220703125,69136,41.12615384481526,0.3904033383717832,258.5424980163574,253.7239981079101,256.04676356400915,274.869943186148,242.2150528465668,-0.060065392483807,0.5970922114603361,-0.6571576039441431,-0.0394962462387272,0.0037886219271872,27.77065702857143,37.13428595428572,4.71682712244898,29.519942514285717,50.32571454000001,5.417214532857143,1.4,0.0,0.0,0.0,5.594699859619141,5.7322998046875,5.581200122833252,5.635900020599365,0,73.12431157680685,0.1146869522758031,5.610599994659424,5.423900127410889,0.0051643024437863,0.1370522793586084,256.974,-0.0909769525053838,2.2851297401217163,1,0,8,0,10,43,-0.8660254037844386,0.5000000000000001,-0.8854560256532101,0.464723172043768,18.3700008392334,-0.0698997295598026,19.360000133514404,1.0,1418.5560179854583,0.6074071968840139,262.04998779296875,244.6499938964844,27.86637122857143,74.43714276285715,28.88391143301017,15.37068055002493,1550.203885998755,1295.5613090690897,63.66064423241634,1424.2139824203814,44.77850698570998,0.5074745315096646,0.360299516283689,0.2882206011131836,1.7607156183232866,0.063965002145142,0.0727545013511028,0.0631049317596872,1.0136290496666651,1.1904698357540109,-0.0484821329448922,0.133017622099715,0.1293146290852332,1.02863545102609
2024-10-28 00:00:00+00:00,252.3500061035156,256.1000061035156,244.1000061035156,252.5,88809,53.79690127623905,0.3408094217115177,253.45249938964844,254.773998413086,253.55342280164308,263.6304652568515,243.27453352244532,-1.4943092611072188,-0.6462019704787407,-0.8481072906284781,0.002582475817062,-0.0624186816791461,28.8449428,58.26571437714286,3.860753585306123,26.404942857142856,94.25428648,4.4709683683673465,1.6,0.0,0.0,0.0,5.68809986114502,5.728499889373779,5.662601947784424,5.685812950134277,0,76.1043182712883,0.0885078552159538,5.635900020599365,5.436699867248535,-0.002817251576232,0.1030785261338652,256.974,-0.0909769525053838,2.2851297401217163,1,0,9,0,10,44,-0.8660254037844386,0.5000000000000001,-0.822983865893657,0.5680647467311548,19.799999237060547,0.0749629542561627,20.12750005722046,1.0,1434.8149326698328,-0.1907482051178162,251.6999969482422,262.04998779296875,29.467085542857145,133.12285648000002,28.7239779765026,20.459945448733,1529.7155111154425,1299.2960161635167,57.604873737981386,1428.454362520162,45.039648099810734,0.5102441820213081,0.3599985158356552,0.2845855957313762,1.792937421096883,0.0475530006330871,0.0686106234382811,0.0607964931346044,0.7821667066575203,1.639778320006566,-0.0464238444634449,0.1104178812469199,0.1295751483659362,0.8521531645370343
2024-11-04 00:00:00+00:00,245.9499969482422,254.25,241.3000030517578,253.1999969482422,94976,38.173799801316754,0.3193290731552245,251.34249954223628,254.56799865722647,250.692051589931,261.0949214694814,241.5900776149912,-2.6013777669543288,-1.720120877523904,-0.8812568894304249,-0.0253616366177066,-0.0442976836405744,27.243514142857144,43.88571533,4.344007726938775,29.404228571428572,96.34000008285712,4.029990811428571,1.0,0.0,0.0,0.0,5.71019983291626,5.868199825286865,5.667759895324707,5.677525997161865,0,59.82808392564336,0.0873653913460761,5.685812950134277,5.47629976272583,0.0038437536703006,0.0820457759094773,256.974,-0.0909769525053838,2.2851297401217163,1,0,10,0,11,45,-0.5000000000000004,0.8660254037844384,-0.7485107481711011,0.6631226582407952,21.979999542236328,0.1044510289809092,19.96250009536743,1.0,1396.3875016755264,0.4753523195354437,252.3500061035156,251.6999969482422,29.33922857142857,32.41428636571429,28.76786511165912,25.355432844482944,1492.236147120536,1367.771909100739,31.11605950494908,1415.627618182308,62.79520118555141,0.5123503376919722,0.3601632428496573,0.2853804999648951,1.7953235059920416,0.0526529664928899,0.0700015493282097,0.0602814409450515,0.8734522090532425,1.758852271853612,-0.0036614657631862,0.0827248068180188,0.1280309292570849,0.6461313749476458
2024-11-11 00:00:00+00:00,256.20001220703125,261.3999938964844,244.1499938964844,246.5500030517578,163242,55.39507684361677,0.295122578424041,251.43000030517572,254.47499877929687,252.03091473780412,260.95688360508285,241.9031170052687,-0.3355199281619718,-1.3068210433085112,0.9713011151465394,0.0416751997803279,0.0164650232296217,26.646371371428568,54.19714496828571,3.5439949187755104,27.05922857142857,86.91428826857143,4.191642131428572,0.8,0.0,0.0,0.0,5.790599822998047,5.815400123596191,5.629347801208496,5.736400127410889,0,54.35727663865134,0.1325973576888697,5.677525997161865,5.581699848175049,-0.0195131026998903,0.1110668353330987,256.974,-0.0909769525053838,2.2851297401217163,1,0,11,0,11,46,-0.5000000000000004,0.8660254037844384,-0.6631226582407955,0.7485107481711007,14.970000267028809,-0.3840847118799698,18.77999997138977,0.0,1469.6657826670853,-1.860333317483646,245.9499969482422,252.3500061035156,29.23137137142857,67.10000007714287,28.657630496160373,29.32697190410156,1491.5784456425697,1368.133671856382,30.8611934465468,1437.242883976219,49.83528420537368,0.3998898853063524,0.3783429896411354,0.2814847143472851,1.4206450678047575,0.0673302075647854,0.0604959932081783,0.0603916488022824,1.114892501714835,2.647908982082121,-0.0373128969060254,0.0803160870305818,0.1275707493137514,0.6295806928063354
2024-11-18 00:00:00+00:00,280.75,290.20001220703125,256.70001220703125,256.75,67886,75.13473321179544,0.3177349944376034,256.32249984741213,257.4409982299805,261.5488427446524,281.15105728038344,231.49394241444085,6.1342572183922925,2.340326795256728,3.793930423135565,0.0958235231196253,0.0911388003092321,26.054942828571427,60.565715624000006,3.729449898367347,26.278514285714287,130.1371470022857,3.2720024189795915,0.0,0.0,0.0,0.0,5.75540018081665,5.85472297668457,5.723999977111816,5.794600009918213,0,57.16046066439364,0.1343503116044138,5.736400127410889,5.651800155639648,0.0079458811440962,0.1358449175786729,256.974,-0.0909769525053838,2.2851297401217163,1,0,12,0,11,47,-0.5000000000000004,0.8660254037844384,-0.5680647467311559,0.8229838658936564,15.579999923706056,0.039939819276554,18.08249974250793,1.0,1626.8339527845385,0.8855650669150039,256.20001220703125,245.9499969482422,30.241371085714285,28.98000079714286,28.50413912774449,35.83085416850054,1684.195708544044,1279.6553763544475,101.1350830473991,1513.079311499547,86.52297055013312,0.4117095817072657,0.4369379804101964,0.3167278113179612,1.2998844875517044,0.1193232413178984,0.0701648836307606,0.0635236708113382,1.878405655873152,1.0438315132987506,-0.089646513796289,0.0360889870405771,0.119683943060711,0.3015357206848825
2024-11-25 00:00:00+00:00,308.3500061035156,312.79998779296875,277.75,281.70001220703125,7339,86.74245460122127,0.3322943748608928,268.2674987792969,261.77599853515625,276.2064447684516,311.26211476523406,225.2728827933597,12.842113270081144,7.864881579785762,4.977231690295381,0.0983081250347841,0.2413446605478346,27.7020854,38.15428670285714,4.371655315510204,25.500657085714288,114.08857430799998,3.902884908979592,0.4,0.0,0.0,0.0,5.746399879455566,5.845870971679688,5.738204956054688,5.799300193786621,0,51.0404644054652,0.1363262215492739,5.794600009918213,5.664000034332275,0.0010878058395898,0.1345046948045644,256.974,-0.0909769525053838,2.2851297401217163,1,0,13,0,11,48,-0.5000000000000004,0.8660254037844384,-0.4647231720437684,0.88545602565321,14.600000381469728,-0.0649664807033327,16.78250002861023,0.0,1788.214250150224,0.1997575364643638,280.75,256.20001220703125,26.618514271428573,98.44285945257144,28.310366092774803,40.87973933879082,1918.7109394287336,1221.8398042099532,174.2177838046952,1623.133286959818,91.06866758581371,0.3953887079767699,0.4710166619677927,0.34331616052338,1.151675166870253,0.1136694895384635,0.0801057811094249,0.0669315313723231,1.6982948129963,0.1122142942876651,-0.1122359835986477,0.0403898237835215,0.1128470292648107,0.3579165571968747
2024-12-02 00:00:00+00:00,299.20001220703125,335.0,297.6000061035156,310.04998779296875,1228,71.2871415768714,0.357941697821804,281.8974983215332,266.14799865722654,288.74107566402773,332.68310878010766,231.11188786295872,15.676544838538971,12.545118610647888,3.131426227891085,-0.0198197798295454,0.2167548582086762,29.789228428571427,19.22857178,5.078651349795918,27.0656568,51.79428714,4.702248326122449,3.0,0.0,0.0,0.0,5.797200202941895,6.105800151824951,5.781801223754883,5.973199844360352,0,72.63089989684369,0.1446880431252268,5.799300193786621,5.789400100708008,-0.0025487114734599,0.1371966533546273,256.974,-0.0909769525053838,2.2851297401217163,1,0,14,0,12,49,-2.4492935982947064e-16,1.0,-0.3546048870425359,0.9350162426854148,13.34000015258789,-0.0902545029165037,14.622500181198122,0.0,1787.1814663476544,-0.1638941948406062,308.3500061035156,280.75,27.575657028571424,96.74571623657144,28.23006226743449,41.583903713062384,1972.79466353701,1363.153062437741,152.4104002748172,1688.7525587149528,99.7371111764597,0.4107245764173913,0.4711260317084008,0.3440674540393968,1.1937326813626352,0.1249999745006877,0.095595175882945,0.071573910539758,1.7464458221378634,0.0187594761706503,-0.392291544251909,0.0881540816440234,0.1187085552972808,0.7426092752722591
2024-12-09 00:00:00+00:00,332.29998779296875,332.5,293.75,298.3500061035156,73,73.2521421500017,0.4512497550580711,298.17749938964846,270.95999938964843,300.55141076599097,342.54344462720184,253.81155415209508,16.369325650105168,14.279367761670487,2.089957888434681,0.1106282561346756,0.2761136543077895,29.386371314285714,35.537143560000004,4.635329105714286,30.264228542857147,39.57428636285715,5.190815021428571,3.0,0.0,0.0,0.0,6.05679988861084,6.146999835968018,5.955875873565674,6.0883002281188965,0,80.95246728915481,0.1247036498771013,5.973199844360352,5.690999984741211,-0.0067906526845645,0.1411135866767849,256.974,-0.0909769525053838,2.2851297401217163,0,0,0,0,12,50,-2.4492935982947064e-16,1.0,-0.2393156642875578,0.970941817426052,14.1899995803833,0.0617704096748039,14.427500009536743,0.0,2023.1420914838384,-0.5880883159510661,299.20001220703125,308.3500061035156,27.342085528571427,29.045715112571436,28.361298801332733,41.45425098079108,2132.7806015062115,1479.905278876916,163.2188306573238,1822.5083718225071,99.81409433808636,0.3563958189557145,0.524903726730311,0.3862965725157117,0.9225963549424332,0.1166114999201932,0.1083868825684057,0.0751724332898755,1.5512532893273532,0.0011469304292424,-0.507982919351165,0.0781918258651171,0.1190736666596162,0.6566676032741996
2024-12-16 00:00:00+00:00,328.75,347.3500061035156,320.8500061035156,343.8500061035156,27,59.34922280836266,0.4669442862659616,312.0475006103516,277.54499969482424,310.43670726147883,345.14046850137504,278.9545327193281,14.70186318890086,15.105045387809104,-0.4031821989082456,-0.0106830813222312,0.1785265661003383,28.427799914285718,24.242857292857146,5.141453465714286,30.963514114285715,66.97428706714287,4.739769493061224,1.6,0.0,0.0,0.0,6.076600074768066,6.110400199890137,5.86274003982544,6.040900230407715,0,67.67736651249402,0.1352932481709806,6.0883002281188965,5.788300037384033,0.0128942434436407,0.1247281526154932,256.974,-0.0909769525053838,2.2851297401217163,0,0,0,0,12,51,-2.4492935982947064e-16,1.0,-0.1205366802553236,0.992708874098054,14.6899995803833,0.0346295000203457,14.204999923706056,0.0,1985.9459507465365,1.380401296869454,332.29998779296875,299.20001220703125,27.13422848571429,18.894286162857146,28.529183660232928,43.10070492184604,2148.349851886518,1643.8920274776085,126.11445610222734,1887.883403392119,91.22323898233296,0.4682305857333871,0.4389480719357446,0.3806361836870079,1.2301262819962069,0.0806083650190114,0.1110425140592508,0.0759476431212591,1.0613674248802778,0.0004601815160423,-0.3426587150675187,0.1060944886876854,0.1184694919855012,0.895542624131818
2024-12-23 00:00:00+00:00,327.25,341.79998779296875,319.0,322.6000061035156,69691,67.03170523551847,0.4680950062522721,320.79250183105466,285.24299987792966,316.8910265531673,342.8181774938465,298.7668261682628,11.85398125194098,13.595802455054326,-1.7418212031133464,-0.0045627376425855,0.095764294954008,27.560657028571427,45.154285081428576,4.399819870204081,27.33922852857143,66.64571419571429,4.820002485306122,0.2,0.0,0.0,0.0,6.147299766540527,6.319300174713135,6.050407886505127,6.084199905395508,0,51.540712982615695,0.1764862722283545,6.040900230407715,5.814099788665772,0.0074437962487077,0.1418792429518957,256.974,-0.0909769525053838,2.2851297401217163,0,0,0,0,12,52,-2.4492935982947064e-16,1.0,6.432490598706546e-16,1.0,16.780000686645508,0.1330207803385304,14.75,1.0,1991.05441904068,0.8353565773761539,328.75,332.29998779296875,26.53922857142857,25.24000033371429,28.45241236141606,44.61973777822464,2162.228432964857,1731.4335308444977,107.69872553008982,1929.1518096515435,86.3124970174509,0.4633217330370722,0.4202584559513666,0.3798867577455428,1.219631143739695,0.06967146766377,0.1011121593284252,0.076241142492221,0.9138302004403556,1.2181302868567014,-0.1675808408598286,0.1066107764413872,0.1160166042783694,0.9189268028938176
2024-12-30 00:00:00+00:00,321.0,331.5,316.79998779296875,327.04998779296875,30884,40.69193007999936,0.4452433428990305,322.22250213623045,290.5429998779297,319.2094043137332,343.16782127423494,301.27718299822595,8.694619925830068,11.371396599110945,-2.676776673280875,-0.0123076923076923,-0.0157902621274275,26.166371314285715,64.89714415885715,3.8347947991836735,26.12994257142857,106.33428462514286,4.228510686734693,0.0,0.0,0.0,0.0,6.193900108337402,6.254000186920166,6.147799968719482,6.193699836730957,0,56.05042248690754,0.2055290465370411,6.084199905395508,6.013899803161621,-0.0110169603148204,0.2060520579165696,256.974,-0.0909769525053838,2.2851297401217163,0,0,0,0,12,1,-2.4492935982947064e-16,1.0,0.120536680255323,0.992708874098054,17.399999618530273,0.0362824423374049,15.764999866485596,1.0,1988.1776475906368,-1.0107190789766562,327.25,328.75,28.198514271428568,2.020000048000002,28.302575600771707,48.60132144576775,2032.0802018741456,1962.0798525567,17.500087329361296,1952.7621448271811,85.74638033925098,0.4186960216142851,0.3956087108615846,0.3816026599013159,1.0972041199883684,0.0457944305514992,0.0875371475310323,0.07392218716996,0.6194949866845788,0.6201344923204805,-0.1999615321923948,0.1020877015186517,0.0933977363190229,1.0930424506170209
2025-01-06 00:00:00+00:00,318.6000061035156,329.79998779296875,312.1499938964844,318.8500061035156,42617,48.03836010651092,0.3376856380625617,325.4850006103516,295.99600006103515,319.73696650509885,335.6034052046597,315.36659601604345,5.706913792558623,8.593634235515994,-2.8867204429573707,-0.0125522636590165,0.041346603666498,27.0892284,62.94571563914286,4.1395380975510205,26.492085528571423,135.3000040902857,3.776622188571429,0.2,0.0,0.0,0.0,6.1778998374938965,6.35890007019043,6.093900203704834,6.180699825286865,0,56.519291192382695,0.2114808624414276,6.148499965667725,6.03879976272583,-0.005563069510811,0.1998043238814874,256.974,-0.0909769525053838,2.2851297401217163,0,0,0,0,1,2,0.4999999999999999,0.8660254037844387,0.2393156642875577,0.970941817426052,16.040000915527344,-0.0813845247808041,16.227500200271606,1.0,1969.1710020603928,-0.4653299985757161,321.0,327.25,28.50279987142857,0.2171428571428563,28.18576978966201,54.19478484218827,2003.2586227967613,1963.915886922362,9.835683968599858,1959.3256877204665,7.958600087203109,0.4257534169939916,0.405249187332125,0.3845599169229923,1.1071185196039637,0.0553985987393539,0.0736168723787655,0.072686424256741,0.7621587068596118,0.8670089239847242,-0.1821172841524933,0.0857591154175028,0.0921074374263793,0.9310768869808208
2025-01-13 00:00:00+00:00,325.95001220703125,333.8500061035156,314.8999938964844,320.6499938964844,83441,51.09828000812861,0.254100790934932,323.51000213623047,303.22300048828123,320.4035068522777,332.0303540866205,314.98965018584045,3.876862845805931,5.547839499126645,-1.6709766533207135,0.0230696985646872,0.0132110657094564,27.08922845714286,59.96571536857143,4.387519053061225,27.20065705714286,112.44571633885715,4.366226913265306,0.0,0.0,0.0,0.0,6.115499973297119,6.207900047302246,6.026135921478272,6.105899810791016,0,51.43044842175408,0.2217874772668486,6.180699825286865,5.952700138092041,0.0048168314487948,0.223533859069498,256.974,-0.0909769525053838,2.2851297401217163,0,0,0,0,1,3,0.4999999999999999,0.8660254037844387,0.3546048870425356,0.9350162426854148,19.190000534057617,0.1793036783334725,17.352500438690186,1.0,1990.2181178622411,0.5726600973848638,318.6000061035156,321.0,28.055656857142857,0.3085714314285828,28.12221412949949,57.95290945487659,2005.4419616683404,1963.8686316086355,10.393332514926158,1971.6826597771767,54.44656114822366,0.080984011400593,0.3820692134516389,0.3839633834911961,0.2109159695257508,0.0581377864621612,0.0619221296871591,0.073523532335485,0.7907370158646717,1.5800137473179323,-0.2182426179456328,0.0869285672802189,0.0966114745340049,0.8997746768876336
2025-01-20 00:00:00+00:00,328.3500061035156,332.45001220703125,321.04998779296875,325.5,53620,55.62131246019774,0.233995131764465,323.49500274658203,309.68200134277345,322.633970309703,331.4537733191911,315.53623217397296,4.086411288969771,4.614455490970469,-0.5280442020006983,0.0138953216464094,0.0089107198884956,27.259228428571426,46.591429424000005,4.047621710612245,27.71922854285714,107.67714504342857,4.391188307755102,0.6000000000000001,0.0,0.0,0.0,6.093400001525879,6.137599945068359,5.995399951934815,6.066163063049316,0,40.77776490513784,0.1978937436221172,6.105899810791016,6.288899898529053,0.011745949821871,0.2214268309031905,256.974,-0.0909769525053838,2.2851297401217163,0,0,0,0,1,4,0.4999999999999999,0.8660254037844387,0.4647231720437685,0.8854560256532099,15.970000267028809,-0.1836773589020311,17.15000033378601,1.0,1991.824678777164,1.265571934692484,325.95001220703125,318.6000061035156,27.322799814285712,1.2514286028571533,28.096215059393533,61.16092465413801,2005.962375696443,1963.733347448775,10.557257061916932,1979.739467377172,50.86473956038025,0.052608539464582,0.3873177006178428,0.3839377179668321,0.1370236255321248,0.0347191235028286,0.0527442813839226,0.072147079739835,0.4812269438452338,0.9663977622537206,-0.1823908244980709,0.0853991077568594,0.0939118782526357,0.9093535370849348
2025-01-27 00:00:00+00:00,349.20001220703125,355.54998779296875,327.1000061035156,330.3999938964844,89638,78.12497721001178,0.2354135183179816,327.5500030517578,318.24400146484373,330.6579747331052,347.7668550806354,307.3331510228802,7.749452159180805,5.797088090976716,1.9523640682040888,0.0634993321636865,0.0626902182619746,29.85208565714285,25.894286208571437,5.148361933877551,29.03637124285714,83.77428718514287,4.203228065510204,3.6,0.0,0.0,0.0,6.029799938201904,6.063799858093262,5.865989208221436,5.90910005569458,0,27.8885487885116,0.1526863165131646,6.066163063049316,6.182799816131592,0.0026845383234239,0.1647461156913137,256.974,-0.0909769525053838,2.2851297401217163,0,0,0,0,1,5,0.4999999999999999,0.8660254037844387,0.5680647467311558,0.8229838658936564,17.899999618530273,0.1140887125879785,17.27500033378601,1.0,2063.4578115811164,0.3594307848477738,328.3500061035156,325.95001220703125,25.83351418571428,3.100000102857148,28.156870297036345,62.619851269041554,2086.016980871648,1921.318824268809,41.174539150709805,2013.22680505875,83.22352732406873,0.1249638115569942,0.3439894231188263,0.3840145948583841,0.3254142159595157,0.0814718805696544,0.0551043639650995,0.0743265071890728,1.09613478003288,1.4948423951695875,-0.1564820207979971,0.1157759410595163,0.1054720037733161,1.0976934725864411
2025-02-17 00:00:00+00:00,419.75,440.8500061035156,409.5,433.8500061035156,76155,75.18744187384347,0.3472506462732537,380.86250000000007,346.66900146484375,388.6568949937978,451.3803180446322,310.34468195536795,26.20745017881921,22.12395208470189,4.083498094117317,0.0380858010733946,0.2702375079260737,29.57637131428572,9.197142852857144,5.106790193877551,28.7678,34.34857078142857,4.842132758571428,2.6,0.0,0.0,0.0,5.786900043487549,5.815599918365479,5.69350004196167,5.701200008392334,0,26.669836291585355,0.0871463089342206,5.803199768066406,6.049900054931641,0.0073851810306248,0.0900201867588288,256.974,-0.0909769525053838,2.2851297401217163,0,0,0,0,2,8,0.8660254037844386,0.5000000000000001,0.8229838658936564,0.5680647467311559,14.770000457763672,-0.0680445502265119,16.77500033378601,0.0,2393.078703522682,0.8294950555678638,429.0499877929688,380.8999938964844,25.566371228571427,0.07142857142857,28.14587869138204,64.53547526940292,2668.9395638164647,1916.602343351296,188.0843051162922,2310.010110197441,83.72890476939402,0.4321598278911817,0.3304597018227536,0.430611276405402,1.0035961470000156,0.0746873284181432,0.0841042422902524,0.0811037009685067,0.9208866958892292,1.1254427953482105,-0.1088115243629544,0.060531679866822,0.1052696959422255,0.5750151890805436
2025-02-24 00:00:00+00:00,393.7999877929688,434.1000061035156,393.7000122070313,421.0,20892,54.51680593699574,0.4197186253731844,397.7099990844727,354.75500122070315,394.6762736354679,447.8843079373463,347.5356902315992,16.92475070937263,21.04159070848208,-4.116839999109448,-0.0618225424825042,0.1449337805399806,30.16351411428571,7.454285828571429,5.556455631020408,29.75851427142857,19.900000031428576,5.114582335714287,4.0,0.0,0.0,0.0,5.712100028991699,5.755099773406982,5.674600124359131,5.730999946594238,0,40.64208185285664,0.0853491631274983,5.701200008392334,5.923999786376953,-0.0114580048223143,0.0862940477548313,256.974,-0.0909769525053838,2.2851297401217163,0,0,0,0,2,9,0.8660254037844386,0.5000000000000001,0.8854560256532099,0.4647231720437686,18.979999542236328,0.2507876415274801,17.045000314712524,1.0,2256.867709010316,-1.0548235297260462,419.75,429.0499877929688,25.9835141,0.0342857142857224,28.249919696546336,61.65576718953361,2587.3747799187117,2094.872075963649,123.12567598876562,2288.753149722591,64.66559601227128,0.5283652561289288,0.3659250001497516,0.4057713307341012,1.3021256138322554,0.1025901349639545,0.0976784445824776,0.0804903083084573,1.2745649056922053,0.3283550421405743,-0.0704452371413816,0.0853944614616561,0.1053428171990329,0.8106338488553507
2025-03-03 00:00:00+00:00,392.7000122070313,393.2000122070313,374.5499877929688,392.2000122070313,271,35.30125905717068,0.4613330414321225,402.0074996948243,360.5770007324219,389.9212241179351,440.4633656118261,363.5516337778225,6.477858310731449,12.694278282277702,-6.216419971546253,-0.0027932341798745,0.051687248596735,29.77494265714285,8.98000027857143,5.403839924489795,29.282799885714287,12.10285755714286,5.636611398163266,3.2,0.0,0.0,0.0,5.7778000831604,5.970300197601318,5.731488227844238,5.88040018081665,0,60.874633692929855,0.0993938963230057,5.730999946594238,5.874499797821045,0.0051957819472574,0.0865241470356519,256.974,-0.0909769525053838,2.2851297401217163,0,0,0,0,3,10,1.0,6.123233995736766e-17,0.9350162426854148,0.3546048870425355,22.780000686645508,0.1824972190979383,18.08500027656555,1.0,2309.233222788928,0.6105551472311238,393.7999877929688,419.75,27.16922847142857,0.448571430857155,28.31655712810556,58.45880527776647,2566.063251017917,2158.457961467571,101.90132238758646,2296.945178949126,57.67872325869289,0.526719333389741,0.365586071924855,0.387629664673186,1.3588209773511863,0.0474917846557901,0.0908824253997047,0.0793159580809975,0.5987670049906157,0.0045328337737924,0.3752261900957764,0.1236653302427597,0.1037217951457736,1.1922790012086362
2025-03-10 00:00:00+00:00,389.3500061035156,421.7999877929688,389.3500061035156,391.8500061035156,48,36.72190079832239,0.4976177813115067,403.0824996948242,367.6580010986328,392.8176410395104,440.7689461645312,365.3960532251172,5.203179328395947,8.507555987216659,-3.304376658820712,-0.0085307002785361,-0.0361431010330876,30.410657057142856,3.245714367142858,5.712148522040816,29.819942657142857,14.980000445714287,5.452305223469388,4.0,0.0,0.0,0.0,6.020500183105469,6.020500183105469,5.729024887084961,5.782899856567383,0,54.47194335783378,0.1619981246591398,5.88040018081665,5.760499954223633,0.0070652297098192,0.1050831840647357,256.974,-0.0909769525053838,2.2851297401217163,0,0,0,0,3,11,1.0,6.123233995736766e-17,0.970941817426052,0.239315664287558,27.86000061035156,0.201309002097961,21.097500324249268,2.0,2251.57209445053,0.7974999234873038,392.7000122070313,393.7999877929688,26.30137132857143,2.142857162285713,28.41354974288216,55.65372109505343,2433.967045233057,2171.40881965317,65.63955639497183,2278.795945149688,15.265946820487429,0.4946894654000722,0.3756213528763151,0.383647679152104,1.2894368437182055,0.0833439865949964,0.0854194164233658,0.0802849073034902,1.0381026647874894,0.0008520972242931,0.4198837986979779,0.1302501509149178,0.1080694887336886,1.2052443329628837
2025-03-17 00:00:00+00:00,389.3500061035156,400.1499938964844,382.1000061035156,395.6000061035156,75,54.4539534775139,0.4313786301555307,394.120002746582,374.43400207519534,391.770689197911,418.78125030978913,369.4587551833749,2.19451709587031,5.038053595764161,-2.843536499893851,0.0,-0.11289584981096,30.570657057142856,13.040000276,5.276445887346939,30.88922837142857,10.07428588514286,5.675644432653061,4.0,0.0,0.0,0.0,5.85290002822876,5.918600082397461,5.679926872253418,5.740600109100342,0,47.7443630761829,0.1800050472591099,5.782899856567383,5.766900062561035,0.0034470877204245,0.1738392330652197,256.974,-0.0909769525053838,2.2851297401217163,0,0,0,0,3,12,1.0,6.123233995736766e-17,0.992708874098054,0.120536680255323,20.51000022888184,-0.3062794070156551,22.53250026702881,1.0,2235.1026875160605,0.4356857245478338,389.3500061035156,392.7000122070313,25.0070856,0.4342857485714234,28.573270944723863,52.7131123718334,2327.316961415534,2199.070895467383,32.06151648703784,2261.318642096237,19.93304521577683,0.2250337190634964,0.3748882466855522,0.3863919709971924,0.5823974878638373,0.0463592847309981,0.0708945038727765,0.0802252215083857,0.5778641439776002,0.0014452287218972,0.4022535667854939,0.1306894226852016,0.1081290441125036,1.2086429846063853
2025-03-24 00:00:00+00:00,393.3999938964844,402.3999938964844,383.7000122070313,386.0,52486,44.082332162999045,0.3767332865546879,390.7325027465821,381.7540014648437,391.8281734105916,408.4917794070563,372.9732260861078,1.5719331148119409,2.7523824198683315,-1.180449305056391,0.0104019204558378,-0.016500015258789,27.8192284,36.07714370485714,4.193153398367348,30.4927998,39.06285777657144,4.92657562367347,0.8,0.0,0.0,0.0,5.678069114685059,5.770599842071533,5.640410900115967,5.729599952697754,0,28.638567682947325,0.1836315452482834,5.740600109100342,5.701300144195557,-0.0100355204502443,0.1794886580461095,256.974,-0.0909769525053838,2.2851297401217163,0,0,0,0,3,13,1.0,6.123233995736766e-17,1.0,-1.6081226496766366e-16,17.479999542236328,-0.1598552392042772,22.15750026702881,1.0,2254.0245864205936,-0.912575092519046,389.3500061035156,389.3500061035156,25.308514114285718,0.1371428571428632,28.697111516032,51.83245078504231,2327.041725459436,2197.92457012862,32.27928883270399,2258.40101982598,49.022430645705946,0.2282655959508338,0.3749909179944643,0.3781363781781508,0.60365942841579,0.047534270410725,0.0654638922712928,0.0799692867042775,0.5944065081190396,1.0545625512350605,-0.0258826255475593,0.1152446301871902,0.1081541195379558,1.0655592225606707
2025-03-31 00:00:00+00:00,379.75,405.3999938964844,375.6000061035156,393.4500122070313,78194,35.007617773566324,0.3474692737566373,391.6625015258789,387.74800048828126,389.0797587721895,408.8724391892839,374.45256386247394,-1.097539282919513,1.0273660945392091,-2.124905377458722,-0.0346974939203382,0.001846754332079,27.8820856,38.72571424428571,3.967262400816327,27.98922837142857,74.25714421428572,4.020115468979593,0.8,0.0,0.0,0.0,5.760799884796143,5.811500072479248,5.673147201538086,5.7581000328063965,0,39.25170082738278,0.1836324334619923,5.729599952697754,5.839000225067139,0.0097689775702719,0.1855929233250984,256.974,-0.0909769525053838,2.2851297401217163,0,0,0,0,3,14,1.0,6.123233995736766e-17,0.992708874098054,-0.1205366802553228,22.280000686645508,0.2426321018384655,22.03250026702881,1.0,2186.638487458229,1.0678747095325738,393.3999938964844,389.3500061035156,26.8363714,0.0657142857142857,28.651441635735008,53.27920519983221,2294.394655450385,2169.274272472321,31.280095744516128,2229.6960068788794,11.793861819996408,0.1617239012813758,0.3871148778984301,0.3848638898799883,0.4202106285671533,0.0784726472494239,0.0606403947283867,0.0805264086885094,0.9744956813858832,1.7178698536838797,-0.0049439503825816,0.1151277194366346,0.1071582029451009,1.0743714016173136
2025-04-07 00:00:00+00:00,344.79998779296875,393.7000122070313,338.6000061035156,379.25,110760,27.095734704164546,0.3138519696646803,385.75500030517577,391.4310003662109,382.5313773681125,410.5118604242916,360.99814018606,-5.540183196797784,-1.4532663535488022,-4.086916843248982,-0.0920342651929723,-0.1163506483694684,28.1178,21.30285660857143,4.076188290612245,28.429942685714288,71.50285690285715,3.980408746938776,1.8,0.0,0.0,0.0,5.698400020599365,5.92549991607666,5.586723804473877,5.840030193328857,0,63.45863827460367,0.1379380555649834,5.7581000328063965,5.763000011444092,0.00327035255069,0.1806208676212423,256.974,-0.0909769525053838,2.2851297401217163,0,0,0,0,4,15,0.8660254037844387,-0.4999999999999998,0.970941817426052,-0.2393156642875575,46.97999954223633,0.7460325236089663,26.8125,2.0,2013.642339370359,0.4180122075743838,379.75,393.3999938964844,26.09779982857143,0.7057142879999999,28.637151380894963,54.4549246645435,2391.443848429682,1953.2602019529388,109.54591161918584,2143.2745398754714,6.861389972421634,0.247881272706543,0.4319493221417771,0.3922208959522529,0.6319940343432863,0.1598028075818838,0.0831025993136054,0.0825503870017087,1.9358211878566256,2.323878502025248,0.0640530190638068,0.0847005804616037,0.1083692985964762,0.7815919614011261
2025-04-14 00:00:00+00:00,360.3999938964844,365.4500122070313,325.20001220703125,345.0,107315,30.222912836148268,0.3576885628892028,375.34749908447264,389.85200073242186,369.7810265369932,415.12134813978463,335.57365002916066,-10.20344446098204,-7.320365278603206,-2.883079182378835,0.0452436387929411,-0.0567914468997743,27.359228314285712,24.09999952,3.977943195510204,27.14851422857143,52.58571270285714,3.952615916734694,1.2000000000000002,0.0,0.0,0.0,5.913599967956543,6.118199825286865,5.809665203094482,5.864200115203857,0,55.65770427337405,0.2019699810268044,5.840030193328857,5.798500061035156,0.0365199628440192,0.1727476063213362,256.974,-0.0909769525053838,2.2851297401217163,0,0,0,0,4,16,0.8660254037844387,-0.4999999999999998,0.9350162426854148,-0.3546048870425354,30.88999938964844,-0.4192894823153498,29.40749979019165,2.0,2113.457685727233,3.742973236907304,344.79998779296875,379.75,26.791371414285717,1.9257142994285712,28.541110274293445,54.334330344434704,2347.958383186035,1935.9231663021724,103.0088042209656,2131.347798216176,33.06343648936988,0.3491706373087122,0.4077102636908571,0.3717059688421275,0.9393732067382572,0.1116814669302154,0.0887700953806492,0.0824509858712963,1.3545193208405517,2.037865193076017,0.0843373881028104,0.0581249460471277,0.1085365757239247,0.5355332090045217
2025-04-21 00:00:00+00:00,366.7999877929688,380.8999938964844,362.7000122070313,362.8999938964844,18425,43.541137111528535,0.3883976352949752,371.4699981689454,388.2879998779297,370.45176939864473,407.809307004182,335.13068933370874,-5.52786467057058,-6.8974740580024525,1.3696093874318729,0.0254402439904604,-0.0646436478339133,26.574942714285715,32.682857000285715,3.4228482902040818,26.625656785714284,46.46571393085714,3.9173820763265295,0.0,0.0,0.0,0.0,5.8541998863220215,5.973199844360352,5.825616836547852,5.8653998374938965,0,57.24628507701117,0.2138765682110086,5.8180999755859375,5.672100067138672,-0.0329999293050306,0.2177051657282778,256.974,-0.0909769525053838,2.2851297401217163,0,0,0,0,4,17,0.8660254037844387,-0.4999999999999998,0.8854560256532099,-0.4647231720437685,33.81999969482422,0.0906198472752862,33.49249982833862,2.0,2151.4285887936426,-3.209015977997677,360.3999938964844,344.79998779296875,30.12922845714285,0.3885714285714251,28.417532629868983,53.826677672591,2265.637880450467,1966.9456702242649,74.67305255655066,2139.3801144471627,36.43514748271272,0.3632842205331202,0.2897865817272053,0.3716788300443702,0.9774143195500508,0.0496182723422706,0.0894218929029037,0.0786819007633754,0.6306185482898405,0.3442615752699031,0.2007807236666411,0.044525423635409,0.0967614103813289,0.4601567800466127
2025-04-28 00:00:00+00:00,421.5499877929688,422.3999938964844,366.7999877929688,369.5,616,87.82653373088928,0.4312094441147623,374.7274978637696,386.09399963378905,383.5100984914483,420.54283772643856,328.91215800110064,6.155448227442264,-0.9468321849723944,7.102280412414658,0.1492639090023697,0.1128563922324221,26.37065697142857,25.51428514342857,3.305814462857143,26.861371285714288,68.83999918085713,3.298944075306122,0.0,0.0,0.0,0.0,5.806900024414063,5.807799816131592,5.646500110626221,5.684700012207031,0,52.951444349291,0.2195034996454196,5.8653998374938965,5.698400020599365,-0.0032681433364615,0.213699811420425,256.974,-0.0909769525053838,2.2851297401217163,0,0,0,0,4,18,0.8660254037844387,-0.4999999999999998,0.8229838658936565,-0.5680647467311557,25.14999961853028,-0.2961944530689384,34.209999561309814,2.0,2396.385220752564,-0.2358373811407662,366.7999877929688,360.3999938964844,29.592799814285712,0.662857137142851,28.31713512379449,54.79527906022107,2493.758610207479,1843.69830711442,162.51507577326464,2242.1821569693234,68.87097379990918,0.5255831952436204,0.3929433152191005,0.3586958924608553,1.4652612188704264,0.1318942182743503,0.1062938824756288,0.0794460366810833,1.6601734609125032,0.0115038050329125,0.0522190844091332,0.1253239113430693,0.1022121212764708,1.226115821849797
2025-05-05 00:00:00+00:00,398.9500122070313,427.7999877929688,395.0,426.0,18,67.32584617334363,0.4532623744674746,380.11249847412114,385.3720001220703,390.9375401389217,432.7714689819097,327.45352796633256,7.231444035500544,4.900925323215947,2.330518712284597,-0.0536116148508507,0.0355613555017035,25.462085657142858,16.46571437,3.2742687302040814,26.54708535714286,38.03142787,3.2940106340816326,0.0,0.0,0.0,0.0,5.652900218963623,5.751699924468994,5.600599765777588,5.666900157928467,0,23.12075001385477,0.2182990851850617,5.684700012207031,5.681300163269043,0.0010560294504353,0.2174707681781757,256.974,-0.0909769525053838,2.2851297401217163,0,1,0,1,5,19,0.4999999999999999,-0.8660254037844387,0.7485107481711013,-0.663122658240795,23.63999938964844,-0.0619177146586625,28.37499952316284,1.0,2260.8098871815896,0.1965798975489138,421.5499877929688,366.7999877929688,30.347799914285712,2.331428537142857,28.20293836465568,53.7137402737552,2484.5224072059214,1976.5182840215932,127.00103079608203,2249.63324905423,73.84322417007455,0.5614381868938468,0.3926292634991969,0.3723253537754963,1.5079235569682576,0.0822157834048331,0.1070425097067106,0.0795264076003744,1.0338172633146,0.0003361529720124,0.0521543993093945,0.122523836694549,0.1019406652174911,1.2019131365683386
2025-05-12 00:00:00+00:00,382.4500122070313,404.2000122070313,382.4500122070313,404.2000122070313,57,52.412070242591845,0.361804118247896,392.3499984741212,386.63500061035154,392.2192746999266,426.3353239221207,358.36467302612164,4.113904694314272,5.372606351903198,-1.2587016575889267,-0.0413585649708853,0.115502422046215,27.219228457142854,1.6828571485714303,3.746201531836735,25.84637131428571,21.80571476,3.434993307346939,1.0,0.0,2.0,0.0,5.686299800872803,5.763199806213379,5.635700225830078,5.648200035095215,0,31.963693243630885,0.1648960386038465,5.666900157928467,6.013299942016602,-0.0017983120759337,0.2181326036369064,256.974,-0.0909769525053838,2.2851297401217163,0,1,0,2,5,20,0.4999999999999999,-0.8660254037844387,0.6631226582407952,-0.7485107481711012,18.38999938964844,-0.2511331612923921,25.249999523162845,1.0,2160.15417236992,-0.0888542550879861,398.9500122070313,421.5499877929688,31.83637142857143,0.0,28.05090178076084,51.65515798254519,2470.4936189764103,2013.8953155724475,114.14957585099071,2213.841618380506,54.49732395216807,0.4938977538238604,0.4006628198512616,0.3816739742791533,1.2940304400276532,0.056870177293199,0.0864559836489737,0.0788863430818458,0.7209127443652428,0.0011385119648616,0.0937479249582159,0.1015952368206999,0.1004216780036126,1.0116862088301593
2025-05-19 00:00:00+00:00,376.1499938964844,384.9500122070313,373.75,380.0,11171,27.13032231615448,0.382418948232007,394.7500015258789,384.6550006103516,386.9871621650226,422.2506571372794,367.24934591447845,-1.2271247503447853,1.930966964750014,-3.158091715094799,-0.0164727888860324,0.0017310090452313,24.856371257142857,0.9485714499999996,3.685362925714286,27.8927998,1.1771428800000017,3.809980854897959,0.0,0.0,0.2,0.2,5.6697998046875,5.712100028991699,5.575557231903076,5.6586737632751465,0,50.615926178388655,0.1114105450862206,5.648200035095215,5.884600162506104,-0.0023696411810642,0.1111724351959407,256.974,-0.0909769525053838,2.2851297401217163,0,1,0,3,5,21,0.4999999999999999,-0.8660254037844387,0.5680647467311558,-0.8229838658936564,18.13999938964844,-0.0136875943866443,21.3299994468689,1.0,2128.5101015181426,-0.1459871656010362,382.4500122070313,398.9500122070313,31.91994282857143,0.2085714342857162,28.04070165296982,48.39851184689712,2477.6971071375388,1995.232583773569,120.61613084099233,2179.7090116355607,47.76549645939732,0.4785732490859883,0.3985504570725794,0.3828028884642569,1.2501818847400228,0.029775388511939,0.0700747679653184,0.0780853909798678,0.3813182507651559,0.2276093782153869,0.0706509656840924,0.0986682755367176,0.0941427287525806,1.048071012635724
2025-05-26 00:00:00+00:00,361.0,379.25,355.25,374.0,32306,24.61535572297928,0.3400301025832131,388.5025009155273,382.4499993896485,379.70285070505,423.13305440182745,353.8719474292272,-5.683219904330372,-1.7635963442715297,-3.919623560058842,-0.040531561461794,-0.1151960784313725,26.063514142857144,0.2371428600000057,3.754791515510204,25.40565695714286,1.6085714628571437,3.619110036938776,1.2000000000000002,0.0,4.0,4.2,5.644499778747559,5.797599792480469,5.609200954437256,5.645199775695801,0,46.27151299755769,0.1089282254207932,5.6586737632751465,5.678699970245361,-0.0039905612070676,0.1161365387759731,256.974,-0.0909769525053838,2.2851297401217163,0,1,0,4,5,22,0.4999999999999999,-0.8660254037844387,0.464723172043769,-0.8854560256532096,22.290000915527344,0.2060187774309663,20.614999771118168,1.0,2037.917119026184,-0.3080791682013762,376.1499938964844,382.4500122070313,31.7727998,2.088571497142872,27.87069876936808,45.379806015668734,2330.755700237435,1962.9399398104824,91.95394010673829,2122.9922545918103,0.0,0.4919296361587434,0.4078698168346725,0.3897926266344841,1.2620290634685207,0.0664819944598338,0.073447512388831,0.0786395607658918,0.8454012885923441,0.6652232150669444,0.0970119075886287,0.0964941868561247,0.0941239653263786,1.0251818043333525
2025-06-02 00:00:00+00:00,344.45001220703125,364.8500061035156,338.45001220703125,359.1000061035156,72596,23.865203838078017,0.2777801087237056,374.0050033569336,378.5220001220703,367.5885251189281,411.8763336700008,336.13367304386634,-10.76887008016513,-6.755077598021245,-4.013792482143884,-0.0458448415317693,-0.1295173070987572,26.30922848571428,0.625714304285713,3.604883068163265,26.176371342857145,0.814285724285723,3.750334185918368,1.4,0.0,2.0,0.0,5.666600227355957,5.788099765777588,5.63018798828125,5.720799922943115,0,54.58582050835699,0.1193872605345849,5.645199775695801,5.67710018157959,-0.0124986402455221,0.1194081553230838,256.974,-0.0909769525053838,2.2851297401217163,0,1,0,5,6,23,1.2246467991473532e-16,-1.0,0.3546048870425358,-0.9350162426854148,18.36000061035156,-0.1939637700353403,19.295000076293945,1.0,1970.5296032917397,-1.158887072046826,361.0,376.1499938964844,32.02065691428572,5.154285925714305,27.761387322496407,42.50461115816015,2247.103986644663,1901.4515114583296,86.41311879658343,2062.0071940717817,0.0,0.1168124769079857,0.4086192990986571,0.393536674011173,0.2968274157249069,0.0766439046621856,0.0623974496663981,0.079564866675893,0.9632881726744076,1.5117269412494068,-0.0174166378841165,0.0508411745329922,0.0973705831346224,0.5221409554597285
2025-06-09 00:00:00+00:00,361.5499877929688,376.3999938964844,336.54998779296875,342.25,89606,39.15304447901799,0.2903770163227281,362.7625015258789,374.76600036621096,362.3617942227804,391.12815702097953,334.3968460307783,-8.309064546566105,-8.828595074822527,0.5195305282564213,0.0496442879370828,-0.0911261968637011,26.107799914285717,4.611428602,3.4331210518367348,26.404942842857142,2.5885714965714257,3.498544946938776,1.2000000000000002,0.0,0.4,0.4,5.672399997711182,5.71019983291626,5.552499771118164,5.562699794769287,0,42.24205220414592,0.1233136585964453,5.720799922943115,5.661600112915039,0.0097840784693956,0.1236070294597048,256.974,-0.0909769525053838,2.2851297401217163,0,1,0,6,6,24,1.2246467991473532e-16,-1.0,0.2393156642875576,-0.970941817426052,17.15999984741211,-0.0675933332681448,18.987500190734863,1.0,2011.1940428947855,1.069384799444944,344.45001220703125,361.0,32.408513885714285,6.951428625714298,27.67387477542291,39.92938279289637,2170.9988809936,1903.076552371826,66.98058215544344,2041.6819336009837,17.658002800878478,0.197290189253042,0.4128619737828393,0.3949834677052582,0.4994897265051237,0.1102199072022499,0.0679982744258814,0.0833399058608641,1.3225344189963182,1.7985516205948875,-0.0484430363143783,0.1089766772085961,0.1052016720787217,1.03588341037218
2025-06-16 00:00:00+00:00,343.95001220703125,372.5,338.04998779296875,362.0499877929688,71166,37.38451260828637,0.2722653165697704,354.9974990844727,371.2520001220703,357.089256468065,374.97533169021096,335.0196664787344,-7.891363075088464,-8.143450605975755,0.2520875308872909,-0.0486792315866864,-0.1065073352379832,23.38494271428572,2.859999918857143,3.2349160314285714,26.04065701428572,8.588571449428573,3.453355646734694,0.6000000000000001,0.0,0.8,0.2,5.558000087738037,5.592299938201904,5.494075775146484,5.538899898529053,0,33.11288595631669,0.1090281136643576,5.562699794769287,5.681300163269043,-0.0039292394816443,0.118631648726627,256.974,-0.0909769525053838,2.2851297401217163,0,1,0,7,6,25,1.2246467991473532e-16,-1.0,0.120536680255323,-0.992708874098054,19.11000061035156,0.1076307050232903,19.230000495910645,1.0,1905.104687712592,-0.3019469956590462,361.5499877929688,344.45001220703125,29.519942514285717,50.32571454000001,27.568505887607607,37.90739496428554,2096.776601423477,1865.596125039173,57.795119096076014,1987.0510352456272,13.344228245914069,0.2113775726692607,0.387868034626038,0.399716365013715,0.5288188973043898,0.1001599388991881,0.0766562267470793,0.0842743087773408,1.1884989443085066,1.4554088544220054,-0.068899125027206,0.1089750987465081,0.0984317326979645,1.1071133737913756
2025-06-23 00:00:00+00:00,330.29998779296875,348.5,316.45001220703125,347.04998779296875,5460,41.70087138809957,0.274679215823093,346.67749938964846,369.5519995117188,347.2524778908848,370.8120909493484,322.54290782994855,-11.463166825179542,-9.609756287527624,-1.8534105376519177,-0.0554761902684097,-0.1080205274604645,25.663514085714286,0.0828571428571419,3.5382315057142857,23.390656857142854,4.628571265714285,3.254028809183673,0.6000000000000001,0.0,5.8,4.8,5.490799903869629,5.563799858093262,5.464706897735596,5.518400192260742,0,20.520759360104776,0.0994322942903286,5.538899898529053,5.71619987487793,0.0002888695898744,0.1039982122082394,256.974,-0.0909769525053838,2.2851297401217163,0,1,0,8,6,26,1.2246467991473532e-16,-1.0,-3.216245299353273e-16,-1.0,19.82999992370605,0.0369841484932659,18.61500024795532,1.0,1822.7275161404395,0.1198639114928238,343.95001220703125,361.5499877929688,26.404942857142856,94.25428648,27.29896724048085,35.76037408050675,2092.0502862212147,1762.7276387985632,82.3306618556629,1921.3216276035523,13.713964578589668,0.2139104988889277,0.3705763045683997,0.3808787059661002,0.5616236610815677,0.0970329669314356,0.0901077424309786,0.083593005550078,1.1607784010771354,0.1250492410014646,-0.0068813084573458,0.1066033263809166,0.0973986463541916,1.094505102752671
2025-06-30 00:00:00+00:00,306.75,325.54998779296875,300.5,323.75,355,17.224902040807365,0.3321579899177588,335.9099975585938,364.4269995117188,332.4744273067069,373.5369829877276,298.28301212946,-15.42885016769327,-12.962088198530132,-2.4667619691631373,-0.0712987849328344,-0.1195464828534391,25.18351405714285,6.417142757142859,3.618412668979592,26.409942642857143,1.8342856857142864,3.5682085830612245,0.6000000000000001,0.0,1.4,2.2,5.493800163269043,5.573500156402588,5.423159122467041,5.478400230407715,0,37.586902825471554,0.0881057940795162,5.518400192260742,5.66510009765625,0.005159784209624,0.0865679515306877,256.974,-0.0909769525053838,2.2851297401217163,0,1,0,9,6,27,1.2246467991473532e-16,-1.0,-0.1205366802553228,-0.992708874098054,16.729999542236328,-0.1699924510474173,18.20749998092651,1.0,1680.4992706775663,0.6069553734677838,330.29998779296875,343.95001220703125,29.404228571428572,96.34000008285712,27.241610814827705,33.57159418406852,2133.925032408918,1575.837726303774,139.521826526286,1824.992684833158,10.95016315974074,0.269857134094888,0.3886173023636453,0.335723185261385,0.803808428800353,0.0816625518923186,0.0931438539174756,0.0817269407704967,0.999212023970417,0.0094923339376314,0.0615540071346742,0.1061969853641287,0.0974940089092773,1.0892666704298029
2025-07-07 00:00:00+00:00,280.04998779296875,306.6000061035156,280.04998779296875,306.6000061035156,118,14.060738545784588,0.3139491282957883,321.554997253418,355.2629998779297,316.3641768770506,369.7226081547236,273.38738635211234,-18.60695521098802,-16.030151231597184,-2.576803979390835,-0.0870416045868989,-0.2215427719444926,23.6763714,0.3514285828571417,3.519669803673469,25.647799742857146,11.154285548571432,3.630199062040816,0.2,0.0,4.6,6.4,5.430200099945068,5.487400054931641,5.396678924560547,5.419400215148926,0,39.81171513953987,0.0894570167888257,5.478400230407715,5.58459997177124,0.0002373848608616,0.0875926175719905,256.974,-0.0909769525053838,2.2851297401217163,0,1,0,10,7,28,-0.4999999999999997,-0.8660254037844388,-0.2393156642875574,-0.970941817426052,17.790000915527344,0.0614330655038877,18.36500024795532,1.0,1517.7029640976689,0.1147154385915438,306.75,330.29998779296875,27.05922857142857,86.91428826857143,27.13878429405541,32.125316207584845,2071.648372994588,1391.3688463195451,170.06988166876076,1702.0767965389623,0.0,0.3354399236551914,0.2419670342382765,0.3599928616104111,0.9317960162783688,0.09480456871212,0.0967759867274624,0.0827328027851955,1.145912552958487,0.003512244487933,0.3304021797249742,0.0722763241973752,0.0952243550696315,0.7590108282110796
2025-07-14 00:00:00+00:00,305.70001220703125,305.70001220703125,285.8500061035156,287.3999938964844,12,43.02241883713675,0.3426084684727101,306.18999938964845,343.3770001220703,306.89216359271745,341.8220039883595,270.5579947909374,-15.351500409568756,-16.81814331350027,1.4666429039315112,0.0915908785292456,-0.1210465125461646,23.432085514285717,0.3542857228571453,3.5134916134693874,23.138514257142862,1.0114286057142838,3.456990065102041,0.0,0.0,4.0,5.0,5.48769998550415,5.617400169372559,5.43926477432251,5.571899890899658,0,56.30141466060839,0.1247828220146126,5.419400215148926,5.537300109863281,0.0018654810924637,0.0888270562541874,256.974,-0.0909769525053838,2.2851297401217163,0,1,0,11,7,29,-0.4999999999999997,-0.8660254037844388,-0.3546048870425356,-0.9350162426854148,17.200000762939453,-0.0337271249644233,17.887500286102295,1.0,1703.3298646643816,0.2775250617517538,280.04998779296875,306.75,26.278514285714287,130.1371470022857,26.88070235619009,30.117968620367392,1932.0668096023808,1430.062998187647,125.50095285368356,1702.5780237891302,32.39400140469661,0.6210209439967194,0.436007514812596,0.4173446535445291,1.4880289560248772,0.064932958164465,0.0877185969199055,0.0808499439452211,0.8031291917427635,0.0003686324504073,0.0767106030933394,0.1124024511410625,0.1065088840830423,1.055333942848239
2025-07-21 00:00:00+00:00,297.25,314.54998779296875,297.25,301.6000061035156,13236,49.05325048439901,0.4188126237564631,300.2274993896484,334.28399963378905,306.78648424857323,321.43093805787083,279.024060721426,-8.51093156559648,-12.186455781083795,3.675524215487318,-0.0276415174014078,-0.0683278126533412,24.98494274285714,0.3200000028571461,3.678490603265306,23.37208552857143,0.7514285728571467,3.5857770965306126,0.2,0.0,3.0,7.8,5.586999893188477,5.608500003814697,5.52013111114502,5.578100204467773,0,63.606421890367336,0.1410876910288662,5.571899890899658,5.489999771118164,0.0073494153654869,0.142622308772908,256.974,-0.0909769525053838,2.2851297401217163,0,1,0,12,7,30,-0.4999999999999997,-0.8660254037844388,-0.464723172043768,-0.8854560256532101,16.649999618530273,-0.0324992346609934,17.09250020980835,1.0,1658.0902857780457,0.8259184890540738,305.70001220703125,280.04998779296875,25.500657085714288,114.08857430799998,26.65433998021469,28.22335313343125,1806.977039966981,1472.8341526418503,83.53572183128267,1684.7829285846965,34.63892650873014,0.6152543645051688,0.4338181282872516,0.4129649440269105,1.4898464349230862,0.0582001271420311,0.0793266345684741,0.0813853610695331,0.7151177954611367,0.3986626908826847,0.0092122588005332,0.1108566024289611,0.0962407659015172,1.1518672973127342
2025-07-28 00:00:00+00:00,301.70001220703125,307.45001220703125,285.75,291.95001220703125,55134,59.02779142463564,0.3902635370181845,297.81000061035155,325.8529992675781,304.3056870058056,315.83885729458376,279.78114392611934,-6.3007704171548085,-8.723974432923198,2.4232040157683894,0.0149706045652859,-0.0264600898707734,26.8020856,1.93714286714286,3.913026274693877,25.633514171428573,0.985714295714294,3.770625256938776,0.6000000000000001,0.0,4.6,9.6,5.565499782562256,5.604899883270264,5.507596015930176,5.565199851989746,0,57.78902178715845,0.1376891888169829,5.578100204467773,5.477099895477295,0.0056631501972033,0.1422656296407147,256.974,-0.0909769525053838,2.2851297401217163,0,1,0,13,7,31,-0.4999999999999997,-0.8660254037844388,-0.5680647467311556,-0.8229838658936566,15.029999732971191,-0.1023620075168626,16.667500257492065,1.0,1679.020863279875,0.6572919722257139,297.25,305.70001220703125,27.0656568,51.79428714,26.588480250615586,26.46608611164306,1806.1343608133693,1472.937628096616,83.29918317918843,1682.4781024627678,49.82170392392598,0.6227270085047106,0.4424516005669884,0.4152764643703766,1.4995480046127372,0.071925791610974,0.0743051995043817,0.080814451320332,0.8900113969191091,1.5334039766038572,-0.0178914611971869,0.1101092013086659,0.0932285048663295,1.181067846747745
2025-08-04 00:00:00+00:00,288.54998779296875,303.6000061035156,283.6499938964844,301.25,68569,41.60770197247647,0.3957088211255734,297.625,317.9669995117188,299.14216903356686,315.2148736980497,280.0351263019503,-7.054329643372284,-7.329391104005832,0.2750614606335473,-0.0435864232084908,-0.0140099305963623,24.882085628571428,2.897142874285716,4.09588774122449,26.41637122857143,5.360000014285713,3.974430689795919,0.8,0.0,1.8,9.6,5.5868000984191895,5.625899791717529,5.494200229644775,5.537899971008301,0,42.67809501055234,0.1286472279832713,5.565199851989746,5.409299850463867,0.0081550395562464,0.1336920800952103,256.974,-0.0909769525053838,2.2851297401217163,0,1,0,14,8,32,-0.8660254037844385,-0.5000000000000004,-0.663122658240795,-0.7485107481711013,17.520000457763672,0.1532949256378134,16.600000143051147,1.0,1597.9609690331272,0.906480908130024,301.70001220703125,297.25,30.264228542857147,39.57428636285715,26.57737644274177,25.104403137620007,1749.7198267167423,1569.4811646609724,45.05966551394245,1648.6712490909115,62.0559304298324,0.5871577240940499,0.4442050889706433,0.4187852927628429,1.4020494993983967,0.0691388426650884,0.0718004576589357,0.0819534292170365,0.8436356463575452,1.7412138141184,-0.0142366682024835,0.1078537380401881,0.0929240524313123,1.1606653348793436
2025-08-11 00:00:00+00:00,320.70001220703125,324.45001220703125,288.04998779296875,289.25,100327,63.62618232044765,0.4019232502810829,300.75,313.0559991455078,301.5369950288908,318.6019672338601,282.8980327661399,-1.8197020194858733,-5.213490610775182,3.393788591289308,0.1114192541124963,0.1112266300230151,25.04351414285714,0.4628571497142886,4.081960292653061,25.00208554285714,3.622857179428574,4.156638748163266,1.4,0.0,2.0,10.6,5.496099948883057,5.533699989318848,5.407104969024658,5.432300090789795,0,32.24004109700522,0.1053435157212494,5.537899971008301,5.531099796295166,-0.0109369593422123,0.1333271968284335,256.974,-0.0909769525053838,2.2851297401217163,0,1,0,15,8,33,-0.8660254037844385,-0.5000000000000004,-0.7485107481711011,-0.6631226582407952,16.25,-0.075250202860562,16.362499952316284,1.0,1742.1387054285442,-1.0027189817158462,288.54998779296875,301.70001220703125,30.963514114285715,66.97428706714287,26.47574477178147,23.718496946768948,1788.2698564963914,1550.3355552634046,59.48357530824676,1686.058231625965,56.65885444580165,0.5137486769270903,0.5092214368536542,0.4493746238342329,1.143252507475987,0.1135017868055586,0.0755399012776234,0.0852518050367782,1.3313709128256466,2.401773434628561,-0.0718760386663986,0.1233515816087682,0.0970958406014705,1.2704104330376
2025-08-18 00:00:00+00:00,343.6000061035156,346.8999938964844,310.6499938964844,320.8999938964844,44572,73.98166273491455,0.37894250103965,306.3350006103516,311.0009991455078,313.08845894055906,339.474979185646,273.1950220350572,6.719495386802407,0.7119978002167328,6.007497586585674,0.0714062769717047,0.1123341304391853,26.88494282857143,0.465714286857146,4.2846711444897965,24.58637142857143,1.102857156571433,4.093014163673469,1.6,0.0,3.8,3.6,5.442299842834473,5.443699836730957,5.380733013153076,5.400400161743164,0,22.843772968331663,0.0866150278192342,5.432300090789795,5.546599864959717,0.003319038651139,0.0873855552105532,256.974,-0.0909769525053838,2.2851297401217163,0,1,0,16,8,34,-0.8660254037844385,-0.5000000000000004,-0.8229838658936564,-0.5680647467311559,14.989999771118164,-0.0807096119302086,15.947499990463257,0.0,1855.577528536378,0.4228808176192838,320.70001220703125,288.54998779296875,27.33922852857143,66.64571419571429,26.353849717380825,22.259423411917496,1936.0441729076983,1501.3048602312635,108.68482816910878,1753.8659503901304,77.45875714260364,0.4159126597760382,0.5337684597319785,0.4644350873024162,0.8955237495869468,0.1055005801981244,0.0836534256843553,0.0866032016842132,1.218206324527754,1.1117721081687737,-0.0890204429413918,0.0559336131343447,0.0963368945560578,0.5806042180003548
2025-08-25 00:00:00+00:00,389.9500122070313,398.7999877929688,345.3999938964844,345.45001220703125,12939,89.89941879177655,0.3821438523156549,324.8600006103516,313.1520001220703,338.0160419333554,393.4870027100975,256.2329985106056,19.66800840145595,10.680455409532966,8.987552991922984,0.1348952423753797,0.3105361391523673,28.777799885714284,0.211428571428578,4.906545816734694,27.592085714285712,0.8800000000000113,4.463885565306122,2.8,0.0,5.2,8.8,5.435699939727783,5.511199951171875,5.398900985717773,5.421299934387207,0,40.02132285680481,0.0948761562003407,5.400400161743164,5.519999980926514,-0.0016096758693569,0.0839515980240648,256.974,-0.0909769525053838,2.2851297401217163,0,1,0,17,8,35,-0.8660254037844385,-0.5000000000000004,-0.8854560256532096,-0.4647231720437691,14.789999961853027,-0.0134320227020702,15.887500047683716,0.0,2114.0359755922696,-0.0699906344303061,343.6000061035156,320.70001220703125,26.12994257142857,106.33428462514286,26.433735910729528,20.88010577243895,2263.8774664859825,1390.9791228091772,218.22458591920127,1897.9339604709864,86.4251956907309,0.5002413487813407,0.6030606300302568,0.4970033112538428,1.0065151023927346,0.1369406134756919,0.0994015229510874,0.0854600919789036,1.6023923480631532,0.3675862715518034,-0.1566905948758883,0.0611056601320672,0.0926321229017085,0.6596594315377162
2025-09-08 00:00:00+00:00,397.7999877929688,399.75,378.5,380.0,61,74.83960081533168,0.3735435056469072,366.9275009155274,325.18400024414063,368.2834597365375,424.54014659128416,309.3148552397706,20.27702803987233,19.80283666921966,0.4741913706526759,0.0023938054046681,0.33579584989614,27.969228457142854,7.165714549714286,4.905414838367348,27.007085700000005,19.44571515371429,4.929231035510203,2.6,0.0,2.2,4.6,5.438399791717529,5.498799800872803,5.380386829376221,5.412199974060059,0,46.06102167425161,0.0806115612391171,5.432400226593018,5.414299964904785,0.0035775794119284,0.0864539371812169,256.974,-0.0909769525053838,2.2851297401217163,1,0,2,0,9,37,-1.0,-1.8369701987210292e-16,-0.970941817426052,-0.2393156642875577,15.109999656677246,-0.0164099518046949,15.06249976158142,1.0,2152.973083614197,0.4487348936982238,396.8500061035156,389.9500122070313,27.20065705714286,112.44571633885715,26.61081987516943,19.725848538459957,2357.5206246535868,1781.6967007579256,143.95598097391525,2061.8489943544773,99.30986856446084,0.3791285739194874,0.5359792370847345,0.4910367375664063,0.7720981694312302,0.0534188050580317,0.0941187914878453,0.0831276538632719,0.6426116478612316,0.002108778395046,-0.2447747442442666,0.0657859538342346,0.0919560929450175,0.715406065800434
2025-09-15 00:00:00+00:00,432.3500061035156,432.3500061035156,393.0,403.75,60,69.739290645282,0.3566312204045767,387.6,336.1479998779297,384.39731392772507,426.0370663219094,349.16293367809067,21.60624019684917,20.10082644081308,1.5054137560360914,0.0868527384885895,0.3241960370704919,30.424942828571428,0.8742857468571414,5.55729268122449,29.51708562857143,3.671428550857141,5.089784488571428,4.2,0.0,3.6,7.4,5.420300006866455,5.4375,5.308300018310547,5.35099983215332,0,38.37622348833213,0.0761383384482782,5.412199974060059,5.40910005569458,-0.0058583822976852,0.0776770317068452,256.974,-0.0909769525053838,2.2851297401217163,1,0,3,0,9,38,-1.0,-1.8369701987210292e-16,-0.992708874098054,-0.1205366802553235,15.6899995803833,0.037666786437639,15.237499713897703,1.0,2313.504810091399,-0.4948612772631361,397.7999877929688,396.8500061035156,27.71922854285714,107.67714504342857,26.798320891517942,18.69007950700171,2360.80731455895,2007.3736516300728,88.3584157322194,2162.511320649246,99.37996105589276,0.3685751128781327,0.4358365953444204,0.4725248754787374,0.7800120675225641,0.0910142374187783,0.0896212816104893,0.0810836548204933,1.1224731593011952,0.0020762035925235,-0.4025276138963984,0.0443820153588981,0.08070961646183,0.5498974199798546
2025-09-22 00:00:00+00:00,367.3500061035156,431.2999877929688,356.25,428.7000122070313,56482,44.22852436531616,0.4751332877915389,392.8274993896485,346.1220001220703,384.0534664103449,424.2807458027459,361.3742529765511,10.10792250866939,16.63068183711964,-6.522759328450249,-0.1503411566610163,-0.0210526153137491,30.22065697142857,8.520000202857144,5.4031976751020405,29.287085657142857,5.08285732142857,5.59718392877551,3.4,0.0,1.2000000000000002,0.0,5.315199851989746,5.363800048828125,5.266174793243408,5.320499897003174,0,28.86342187329029,0.0651210854953553,5.35099983215332,5.464799880981445,-0.0069279134572539,0.0789812829516173,256.974,-0.0909769525053838,2.2851297401217163,1,0,4,0,9,39,-1.0,-1.8369701987210292e-16,-1.0,-1.8369701987210292e-16,16.100000381469727,0.0257957556834609,15.56499981880188,1.0,1954.4856696378704,-0.6018143932200061,432.3500061035156,397.7999877929688,29.03637124285714,83.77428718514287,26.958886360267943,17.812194204706667,2438.2965202749037,1850.109292936919,147.0468068344961,2079.301060244696,35.86143394720557,0.8099323954529023,0.6075262974124231,0.5376774207053093,1.5063537154432107,0.2043010386443833,0.109381373299741,0.0871879175824708,2.3432262276349616,1.7805252489583665,-0.6604128276845431,0.0442393369322285,0.080826494820506,0.5473370032574376
2025-09-29 00:00:00+00:00,372.2000122070313,388.2999877929688,349.45001220703125,365.5,86677,43.455007993338,0.5355563270936667,387.1824996948242,352.0470001220703,378.1032165291517,426.88946779546274,347.4755315941857,2.4301244655977143,7.889510962583442,-5.459386496985728,0.0132026841511716,-0.0401031277703899,27.534942714285712,11.517143175714285,4.997895445306122,29.908513942857137,17.73428623285714,5.302538290612245,2.0,0.0,0.0,0.0,5.3343000411987305,5.372900009155273,5.274054050445557,5.3422532081604,0,39.08273525252795,0.0727425396611892,5.320499897003174,5.413000106811523,0.0030494839584928,0.0599596800636195,256.974,-0.0909769525053838,2.2851297401217163,1,0,5,0,9,40,-1.0,-1.8369701987210292e-16,-0.992708874098054,0.1205366802553232,16.1200008392334,0.0012414934559172,15.755000114440918,1.0,1988.386709290353,0.3959253483546637,367.3500061035156,432.3500061035156,29.1627999,61.591428737714295,27.149184913983376,17.807167883942185,2432.9945739796035,1771.680562337306,165.3285029105743,2042.935319862959,34.94937437060904,0.6603185071799778,0.5987271504662427,0.534968159127791,1.2343136382423596,0.1043792969150355,0.1028691099876097,0.0895633735635626,1.1654237788030648,2.4041483256634235,-0.7910785176758244,0.0446804699689049,0.0816615943918477,0.5471417112319849
2025-10-06 00:00:00+00:00,381.3500061035156,392.3500061035156,366.6000061035156,373.2000122070313,60622,36.09788947321578,0.5326209442313522,385.8,360.2790002441406,379.70319827902574,425.79232684936255,345.80767315063747,2.8664690170073754,4.32539431279402,-1.4589252957866448,0.0245835400225478,-0.0110217840579055,30.90779985714286,0.9485714257142924,6.059750398775511,28.012799985714285,20.34285752857143,5.143167545714285,4.6,0.0,4.4,4.4,5.321700096130371,5.369900226593018,5.2870612144470215,5.33459997177124,0,53.62484118767562,0.0772252839020231,5.3422532081604,5.443999767303467,-0.004006506157917,0.0796878333788739,256.974,-0.0909769525053838,2.2851297401217163,1,0,6,0,10,41,-0.8660254037844386,0.5000000000000001,-0.970941817426052,0.2393156642875573,16.3700008392334,0.0153896535094845,16.070000410079956,1.0,2034.3497317947767,-0.3096736632863162,372.2000122070313,367.3500061035156,26.38065705714285,125.54285593514284,27.20490201538537,17.970760764240847,2400.382929861016,1744.9805305461837,163.85059982870806,2039.501084635686,40.10507195741887,0.6624472959901431,0.5986293898972962,0.5363613437362383,1.2350764859839414,0.0675232715035286,0.1041273299079515,0.0914507677131421,0.7383564491417669,1.573549051086335,-0.7951675898457046,0.0408837277585753,0.0813220936043287,0.5027381972002886
2025-10-13 00:00:00+00:00,385.2000122070313,387.9500122070313,370.6000061035156,381.6000061035156,59185,65.4882988074275,0.535899597802876,378.7475006103516,368.7670001220703,379.5682040123765,406.5688764424322,350.9261247782709,1.7648481405478833,2.696777762107893,-0.93192962156001,0.0100957284434148,-0.0619748741451787,28.80494271428572,13.302857154285714,5.500550653714286,29.499228442857145,6.094285725714297,6.14463025832653,3.0,0.0,1.4,0.0,5.311200141906738,5.558199882507324,5.303206920623779,5.5229997634887695,0,70.05314642224448,0.0893377479617431,5.33459997177124,5.388199806213379,-0.0003748135359964,0.075264497393754,256.974,-0.0909769525053838,2.2851297401217163,1,0,7,0,10,42,-0.8660254037844386,0.5000000000000001,-0.9350162426854148,0.3546048870425355,19.030000686645508,0.150566274740732,16.905000686645508,1.0,2127.459576315305,0.0534955989057438,381.3500061035156,372.2000122070313,28.7678,34.34857078142857,27.352923075222265,17.20453656820688,2176.249096940181,1876.0917465789712,75.03933759030258,2074.684481307534,32.51431717205375,0.6879161475985681,0.5742362280835721,0.5366698486969523,1.2818237067921896,0.0450415512816512,0.1024518791526754,0.090378745554233,0.4983643667744842,1.4844643537929942,-0.870310128434585,0.130157949818857,0.1015131830453179,1.2821776747851024
2025-10-27 00:00:00+00:00,390.1000061035156,437.9500122070313,388.3999938964844,404.2000122070313,63621,56.56250187328783,0.3384180317513292,391.72249908447264,387.1289996337891,394.6236364592236,419.4827378530951,363.96226031585024,7.308601320452169,6.9207449806769485,0.3878563397752206,-0.0392808328258971,0.0318741401921318,27.387799857142856,18.188571588571428,5.116954564081633,27.393514028571428,58.87714306285714,4.85396644510204,1.7999999999999998,0.0,0.4,0.0,5.36870002746582,5.40369987487793,5.35907506942749,5.388299942016602,0,57.85610725002721,0.1283532154130153,5.406099796295166,5.363699913024902,-0.0064009526948698,0.1326887693912502,256.974,-0.0909769525053838,2.2851297401217163,1,0,9,0,10,44,-0.8660254037844386,0.5000000000000001,-0.822983865893657,0.5680647467311548,15.789999961853027,-0.1436917377284557,17.355000257492065,1.0,2101.975840268249,-0.5491183169815962,406.0499877929688,385.2000122070313,29.282799885714287,12.10285755714286,27.38411623464152,21.56668751386263,2247.661793598712,1981.8041587370649,66.46440871541178,2114.511970888386,68.9358794155825,0.2451833261064868,0.5643753053216157,0.5399974640930711,0.4540453203383471,0.1270187581012201,0.0870661907401164,0.0919548966610296,1.3813157199913784,1.6342682320661317,-0.8131685576326629,0.1468913959322301,0.094234202748793,1.558790503442832
2025-11-03 00:00:00+00:00,406.6499938964844,409.3999938964844,380.3999938964844,390.0,69020,54.13711404839668,0.3415496609818622,394.73999786376953,389.9959991455078,394.6368433270583,420.1920484937526,369.2879472337864,4.283122605261383,5.231555525872827,-0.9484329206114444,0.0424249872700004,0.0406909632667547,28.4120856,25.051429297142857,5.041200344897959,30.006371385714285,24.580000491428564,5.237461950612245,2.0,0.0,0.0,0.0,5.373300075531006,5.415599822998047,5.332845211029053,5.374599933624268,0,31.78676851598479,0.1247784648279091,5.388299942016602,5.336599826812744,0.0010026188988347,0.1244459810307144,256.974,-0.0909769525053838,2.2851297401217163,1,0,10,0,11,45,-0.5000000000000004,0.8660254037844384,-0.7485107481711011,0.6631226582407952,17.170000076293945,0.0837868535011725,17.555000066757202,1.0,2185.5810302043537,0.1912388423888538,390.1000061035156,406.0499877929688,29.819942657142857,14.980000445714287,27.553293986323634,21.76109480273785,2242.672609863505,2062.4089916770604,45.06590454661122,2142.9395946147733,72.39978315272182,0.2579945724198258,0.4872375605558547,0.5342367038841056,0.482921831680392,0.0713143992014473,0.0804532111973988,0.0905126196761425,0.787894456901902,1.7778556258616487,-0.8940624131530756,0.1475366104568209,0.0941396756575529,1.5672095081505508
2025-11-10 00:00:00+00:00,414.75,418.0499877929688,393.6499938964844,408.0499877929688,89864,50.57915626585157,0.3418219447107052,401.8474975585938,391.7109991455078,399.8662778632803,421.170689250214,382.5243058669736,5.797794167058555,5.250786764286866,0.5470074027716887,0.0199188644413887,0.1117812989453128,28.28494277142857,34.302857716571424,4.388085589795918,28.38065688571428,67.745716254,4.651432385510205,2.2,0.0,0.0,0.0,5.354899883270264,5.404300212860107,5.304290771484375,5.330900192260742,0,42.16419680842651,0.1144861590129558,5.374599933624268,5.377200126647949,-0.0013759063444286,0.1254698964797095,256.974,-0.0909769525053838,2.2851297401217163,1,0,11,0,11,46,-0.5000000000000004,0.8660254037844384,-0.6631226582407955,0.7485107481711007,17.600000381469727,0.0247352443656933,17.197499990463257,1.0,2210.990854740143,-0.0466136819374762,406.6499938964844,390.1000061035156,30.88922837142857,10.07428588514286,27.606672237897225,24.727844573787024,2270.965267057347,2075.881973695637,48.77082334042724,2170.1600986649214,65.47602839680499,0.2583223912305619,0.4860325413274804,0.5271674051542196,0.4900196480372204,0.0588306061398057,0.0787146781246542,0.088602501636561,0.6639835040018189,2.0878090713189743,-0.8921289973975817,0.1506661704252087,0.0946975410005237,1.5910249930790232
2025-11-17 00:00:00+00:00,402.5499877929688,423.9500122070313,390.0,414.75,64462,57.55543447159602,0.3602656812469343,403.7749984741212,393.5869989013672,401.9832266677943,424.2288124913575,383.3211844568849,4.097580795147621,5.1682411687330365,-1.0706603735854152,-0.0294153398602319,0.0128317409216254,29.42065691428571,22.720000511428573,5.145665812244898,27.718514257142854,65.982858646,4.545404318367347,2.8,0.0,0.0,0.0,5.289899826049805,5.315000057220459,5.2581281661987305,5.295599937438965,0,35.086370533891994,0.066452564794057,5.330900192260742,5.440814971923828,-0.0034830165886353,0.0718646212611785,256.974,-0.0909769525053838,2.2851297401217163,1,0,12,0,11,47,-0.5000000000000004,0.8660254037844384,-0.5680647467311559,0.8229838658936564,22.3799991607666,0.2402687416659982,18.234999895095825,1.0,2131.743690172502,-0.2573247063581462,414.75,406.6499938964844,30.4927998,39.06285777657144,27.613887852042104,27.389458384897537,2256.8778680015903,2058.2678396910333,49.65250707763928,2154.7935352679538,38.73567692772795,0.2757342064609337,0.4941930975518275,0.5107335597772736,0.539878760233401,0.0843373822793202,0.086573844324188,0.0887362431559111,0.9504275792571272,1.3938453022424098,-0.859358475148283,0.0549496047070537,0.0946018064731345,0.5808514757500305
2025-11-24 00:00:00+00:00,407.4500122070313,418.4500122070313,383.5,404.5499877929688,7613,50.94502173196046,0.3687783963627748,403.58249969482426,393.5219995117188,403.71569104383127,421.5930071012602,385.5719922883883,3.2070103699451806,4.183543295078296,-0.9765329251331156,0.012172461961625,0.0110422139132291,27.640657,37.234285218,5.191496494693878,29.73065697142857,44.69999961485714,5.370113585306123,0.8,0.0,0.0,0.0,5.3277997970581055,5.428400039672852,5.313514232635498,5.402100086212158,0,57.48256844116811,0.0675392241229998,5.295599937438965,5.382900238037109,-0.0001699886792354,0.0648315311146617,256.974,-0.0909769525053838,2.2851297401217163,1,0,13,0,11,48,-0.5000000000000004,0.8660254037844384,-0.4647231720437684,0.88545602565321,20.520000457763672,-0.0867676227737805,19.417500019073486,1.0,2201.085746070749,0.0739780845818438,402.5499877929688,414.75,27.98922837142857,74.25714421428572,27.75045360167994,28.506267496507835,2252.99276222163,2111.707898372244,35.321215962346464,2173.310419589072,69.23685490388723,0.2767473611405377,0.4678566253230402,0.4733588917113399,0.5846459423072214,0.0857774233892345,0.0854557138222055,0.0882848858897668,0.9715979446397812,0.1632907822106429,-0.8862014382136606,0.0825748545553356,0.0993473420839504,0.8311731799913334
2025-12-01 00:00:00+00:00,411.5,415.0499877929688,405.0,409.2000122070313,244,48.10274561726684,0.3568228039064624,407.9600006103516,395.2629998779297,406.6034642971767,420.980542355026,394.9394588656772,3.92922715623763,3.99670541155092,-0.0674782553132899,0.02875,0.0497448979591836,29.5049428,36.98571464,5.006819890204082,27.9178,75.35999858571428,5.084290643061225,2.8,0.0,0.0,0.0,5.38730001449585,5.4105000495910645,5.315028190612793,5.335400104522705,0,58.0429134413331,0.0832196621938452,5.402100086212158,5.381999969482422,0.0130050831094815,0.0795356005852025,256.974,-0.0909769525053838,2.2851297401217163,1,0,14,0,12,49,-2.4492935982947064e-16,1.0,-0.3546048870425359,0.9350162426854148,17.239999771118164,-0.1741677906514013,19.43499994277954,1.0,2195.517143011093,1.3914852634535335,407.4500122070313,402.5499877929688,28.429942685714288,71.50285690285715,27.76125014350704,31.5290888571018,2256.7696149626304,2112.8991020346134,35.96762823200414,2182.1931089578807,52.766676768898165,0.21750615180642,0.2196290270400514,0.4446820405660116,0.4891273473475447,0.0244228135916617,0.0649365249202939,0.0862593786611266,0.2831322360468806,0.0052322396022628,0.2080843172886434,0.0918267231848784,0.0890428628627212,1.0312641566096938
2025-12-08 00:00:00+00:00,396.0499877929688,411.9500122070313,396.0499877929688,409.4500122070313,181,46.126344827184845,0.3249816230551491,407.6350006103516,399.0409997558594,405.71623336440064,420.7806765134085,394.48932470729466,1.406016966447396,2.932035068335432,-1.526018101888036,-0.0375455946707926,-0.0017643659912569,27.696371142857146,43.62285647857143,5.046737174285715,30.65637137142857,70.87142922428572,5.092024026938775,0.6000000000000001,0.0,0.0,0.0,5.356599807739258,5.463799953460693,5.281345844268799,5.43809986114502,0,63.35457556197709,0.0902788229741075,5.335400104522705,5.349500179290772,-0.0037415355077086,0.0864384361833968,256.974,-0.0909769525053838,2.2851297401217163,0,0,0,0,12,50,-2.4492935982947064e-16,1.0,-0.2393156642875578,0.970941817426052,16.65999984741211,-0.0342216243795788,19.199999809265137,1.0,2153.7593836234305,-0.2831765982654762,411.5,407.4500122070313,27.14851422857143,52.58571270285714,27.94803215821166,34.06730436466206,2237.2961673521013,2103.756814086786,33.384838316328754,2170.819618824101,35.39384405627736,0.1915599039858112,0.2297491495881458,0.4429717942526574,0.432442656951934,0.0401465090370715,0.0587029468874187,0.0853566977558787,0.4703380682381879,0.003936391394743,0.2023625258955392,0.1138765128953663,0.0953368285781013,1.1944649580768
2025-12-15 00:00:00+00:00,387.7000122070313,407.4500122070313,386.0,402.75,96,36.85961837405323,0.2735028819329462,404.77250213623046,400.7520001220703,402.1640990301504,419.3195400104428,390.2254642620181,-1.5635348777259992,0.645321629918224,-2.208856507644223,-0.0210831355720236,-0.0348518784529798,27.4635142,51.40571461457143,4.15637351632653,27.67851391428572,95.54857035514286,4.6779711442857135,0.6000000000000001,0.0,0.0,0.0,5.430699825286865,5.494100093841553,5.375411987304688,5.4182000160217285,0,53.67167627737256,0.117239085303502,5.43809986114502,5.296500205993652,0.0239697200017797,0.1177744931423043,256.974,-0.0909769525053838,2.2851297401217163,0,0,0,0,12,51,-2.4492935982947064e-16,1.0,-0.1205366802553236,0.992708874098054,16.5,-0.0096502466732246,17.730000019073486,1.0,2100.636212351761,2.487948952683354,396.0499877929688,411.5,26.625656785714284,46.46571393085714,27.93064388440999,38.0338376543705,2255.717493034948,2069.7817494935694,46.483935885344565,2142.7462562351657,40.83951157684938,0.1918597696893416,0.2376231685764488,0.4472062536187124,0.42901852075337,0.0553263129524407,0.0580020882499457,0.084526723822952,0.6545421838767139,0.0022207160421283,0.2584943697872818,0.1093105071580429,0.0954021802402388,1.1457861384815242
2025-12-22 00:00:00+00:00,347.3500061035156,383.7999877929688,339.04998779296875,382.0,47165,23.665173929434005,0.3357339595262724,391.5600021362305,398.20200012207033,382.2170582258726,441.2827364224085,341.8372678500525,-13.774361432769012,-6.677642029020805,-7.096719403748208,-0.1040753284319445,-0.1455104400897524,26.159228428571428,58.11714352914286,3.941287833061224,27.64994265714285,109.94285901085716,4.077792605510203,0.0,0.0,0.0,0.0,5.414899826049805,5.583000183105469,5.405931949615479,5.53980016708374,0,71.01414390492012,0.1308961099429877,5.4182000160217285,5.332300186157227,0.0023467181753457,0.1233459687229939,256.974,-0.0909769525053838,2.2851297401217163,0,0,0,0,12,52,-2.4492935982947064e-16,1.0,6.432490598706546e-16,1.0,14.079999923706056,-0.1586050355952425,16.119999885559082,0.0,1924.249621848794,0.3256487700399538,387.7000122070313,396.0499877929688,26.861371285714288,68.83999918085713,27.912534127812112,42.673129354789,2332.246267347285,1854.8349130702552,119.35283856925744,2055.3476024806173,0.0,0.3147021020659223,0.2900116837864581,0.4652823868353359,0.6763679524658566,0.1288325873432225,0.0669011292627262,0.0875114110568587,1.4721802684419467,1.1187383032367584,-0.678091556153923,0.1148069497801787,0.1023798166944103,1.1213825368435295
2025-12-29 00:00:00+00:00,352.1499938964844,354.29998779296875,343.04998779296875,350.0,27610,26.59915494304957,0.3416618896855536,378.97750091552734,394.6210003662109,371.2215867201381,433.95796213748895,323.99703969356574,-15.231551706729531,-11.771693374027944,-3.459858332701588,0.033758990770728,-0.1442284473961497,30.707799885714287,22.428572025714285,5.14973302122449,27.01351411428572,112.14000194857142,4.031605675306122,4.4,0.0,0.0,0.0,5.590000152587891,5.616799831390381,5.512667179107666,5.542500019073486,0,62.99153728117788,0.1348046239504396,5.521299839019775,5.33080005645752,0.0005072533798742,0.1347693881377903,256.974,-0.0909769525053838,2.2851297401217163,0,0,0,0,12,1,-2.4492935982947064e-16,1.0,0.120536680255323,0.992708874098054,14.199999809265137,0.0084866058638898,15.359999895095823,0.0,1951.7913478879927,0.1417022904928038,347.3500061035156,387.7000122070313,26.54708535714286,38.03142787,27.854532836616865,47.1548630705169,2256.449455933939,1808.7688269220507,111.92015725297212,2013.9251006435677,9.217159876122013,0.2793574516478734,0.2783020152432273,0.4467376103139262,0.6253277963283385,0.0319466142126555,0.0561349674274104,0.0834336524272136,0.3828983803812444,0.7167100387426512,-0.6914875660270535,0.1077136371847123,0.0970187705633932,1.1102349107998832
